collocate,frequenza,PMI
health,965,6.252644371873355
heritage,369,3.6965252730765745
take,281,5.844360428176595
collection,273,4.7253694598342815
practice,266,4.6748228283115685
cultural,224,3.558036574987792
museum,197,3.259487010344332
social,196,4.188148366210721
inward,163,3.4276459463488003
community,161,3.8507481026903427
child,148,4.679943271297259
education,147,4.7605619762072875
human,146,4.325302023504446
people,134,4.128993348028033
conservation,131,3.7760515008382467
medical,119,4.928528390543343
work,112,3.493472571012294
patient,111,5.645923162364756
object,111,4.340389505728063
use,99,2.8249946679331166
study,95,2.7234333130506716
provide,89,3.897000821058534
management,86,4.022570069630199
research,86,2.9705905411985722
well,84,3.535257119768918
system,77,4.22614982647022
base,77,3.4878673038320223
ethic,77,5.797996827401118
need,76,3.8946150175697376
approach,75,3.5145085350560783
delivery,74,7.399283194781631
material,72,3.626400489981166
public,71,3.703988374866239
service,70,4.4625539260392735
self,69,5.142235084013568
indigenous,68,4.091426125091687
family,67,3.78901228041101
culture,67,3.7074823949144116
policy,66,4.229080645235175
art,66,3.062010770473552
access,65,4.786891807448465
site,65,3.4695754214669154
value,65,3.3246723714395485
monument,65,5.23819285071408
primary,64,5.604867328431525
include,63,3.501976903247458
practitioner,63,5.992612021420461
history,62,3.205874795728001
support,61,3.8575327608817735
new,60,2.8728566162080837
preservation,60,3.706367188862954
place,59,3.6281087079661667
experience,59,3.4008559955391844
nature,59,4.306938132151545
mental,58,4.780489060043362
ritual,58,5.599665013189471
dementia,58,5.39573412770056
culturally,56,5.725588331873068
also,56,2.791077413461327
foster,55,5.708155136843547
term,54,4.08531566148895
facility,54,6.10821606359903
professional,52,4.12776886102043
within,51,3.466017378974074
death,51,5.362181567989533
home,51,5.139789146653086
chapter,50,3.1253411027009674
model,50,3.6120298543259417
preventive,50,5.57926474339832
quality,49,4.515970175326958
development,49,2.7904394762230353
center,49,4.681157257762607
historic,49,3.786617765270627
great,48,4.440550973547624
long,48,4.071185332654062
environment,47,3.876522216837664
make,47,3.1022122282746865
protection,47,4.455849182889387
journal,46,3.6430024573182966
organization,46,5.028893610937623
pastoral,46,6.798280682796207
knowledge,46,3.1952163756997405
historical,45,3.036178882826149
group,45,2.9749155873692525
space,44,3.7151493834464357
early,44,3.961560841479564
personnel,44,5.812760180072858
local,44,3.0937958443133193
palliative,44,7.319112846097648
time,43,2.9821652339853455
institution,43,3.473914572895371
archaeological,43,3.314925049134214
spirituality,43,6.237582960601049
springer,42,5.187868312819395
state,42,3.3342197384878562
switzerland,41,5.610575660257959
issue,41,3.4052018228113567
program,41,3.9318310132161858
national,41,3.2378729981374703
century,41,3.0400402301720826
must,41,5.054613031259355
nursing,41,5.1068092423847835
one,40,2.710303603422124
information,40,3.3011909381003854
paper,40,2.7386658264989845
responsibility,40,4.975705023799834
government,39,4.296176034820489
concern,38,4.063214621545482
risk,38,3.8910833265994844
clinical,38,5.166160923259049
provider,38,6.2271903566566085
however,37,3.497899075479656
united,37,4.233945462834971
de,37,2.8721413484488174
form,37,3.495143210189147
process,37,2.884710021951873
good,36,4.226943002169781
way,36,2.8397816700226457
building,36,2.712604815095227
involve,36,4.005222070275703
focus,36,2.991186010588842
hospital,35,4.454042426183756
understanding,35,3.9807903129596167
ag,35,5.8336860189274065
life,35,2.8747486755492924
project,35,2.6314122397872333
planning,35,4.553578099734671
population,35,3.8484830208554865
right,35,2.601338516951279
explore,34,3.001434224211643
student,34,3.2619174445161048
disease,34,4.505708879367239
change,34,2.7323834192023035
benefit,34,4.182574013149882
concept,33,3.7710499281880208
standard,33,4.808918113778463
world,33,2.855712325257405
design,33,2.9330544137905696
environmental,33,3.6527005317567496
aspect,33,3.741455145999725
require,33,4.511757924040043
lack,33,4.562607065535796
give,33,3.8478071271720586
develop,33,2.93514679275181
control,32,4.2316500048473085
live,32,3.618673127956556
person,32,4.918233409815463
consider,32,3.2856898445601974
framework,32,3.7606921328289835
future,32,3.0951111718995428
respect,32,4.70440300198244
remain,32,3.3247594092387898
part,32,2.992683358975345
adult,32,3.9054849170734753
childhood,32,5.061725003404996
sustainable,31,3.453130194069335
show,31,3.0301351730115718
preserve,31,3.4985220968833493
promote,31,3.99253838635392
act,31,4.636684535940875
examine,31,3.351468219410033
pregnancy,31,6.390666107122682
relationship,30,3.337260192807907
staff,30,4.574951750527238
university,30,2.89284809139555
many,30,3.023879617875706
ensure,30,4.7103036034221235
result,29,2.4373132314519594
argue,29,4.047810824280253
institutional,29,4.319112846097648
improve,29,4.188409154453054
role,29,2.7847764184464596
behavior,29,4.462848323559097
science,29,3.140920228671735
centre,29,4.350545353934304
address,29,3.5660690439178677
build,28,3.249950821590252
specific,28,3.630612741268081
field,28,3.1664658360871707
landscape,28,3.26848677302768
integrate,27,4.550438392204104
duty,27,6.007911157803344
plan,27,4.149187844655335
decision,27,3.7386099935671915
states,27,4.266645426203512
educational,27,4.029606228902663
relate,27,3.346079893697917
american,27,3.250633108214881
activity,27,2.9166534128982735
present,26,2.194593823710217
traditional,26,2.887695603629947
urban,26,2.887695603629947
country,26,3.2251366978886336
case,26,2.381116650248268
maintenance,26,4.503852725954697
identify,26,2.9944130019602317
inform,26,4.697624469351378
special,26,4.442123736202991
economic,25,3.252162602173021
method,25,2.5076418155678115
theory,25,3.696182495177471
particular,25,3.849226869823184
become,25,2.994302242677164
medicine,25,3.44726919758833
disparity,25,6.181609322347713
male,25,4.092604316288968
competent,25,6.918574916513919
draw,25,3.6231190329877476
challenge,25,2.8544445790942037
condition,25,3.3742544002901087
city,25,2.5514580478603013
area,24,2.677663154030018
making,24,4.162608360417657
discuss,24,3.296745033069193
spiritual,24,4.637288806123903
understand,24,3.2316500048473085
storage,24,4.189829829152681
old,24,3.2422972490468167
sensitive,24,5.412222250489129
important,24,2.7266558088295674
high,24,3.0032085388380554
treatment,23,3.6878566931025567
datum,23,2.463296435083399
partner,23,5.652850243274644
relation,23,3.662765712139726
engagement,23,3.6381036579054573
share,23,3.677767875478973
critical,23,3.5572725832924124
attention,23,3.90603686315209
create,23,2.9208338650801706
proper,23,6.1702494601831654
generation,23,3.7499176612348086
body,23,3.7031234497558674
transcultural,22,7.971189542677341
learning,22,3.8776776567541966
suggest,22,3.4931422458726966
collections,22,5.7561766517064905
exhibition,22,3.356479698562133
society,22,2.731420552620919
action,22,3.4931422458726966
common,22,3.7561766517064905
may,22,2.9776445648146406
perspective,22,3.2667918109675655
dental,22,5.801264541235028
notion,22,4.945654450570204
display,21,3.757233958489533
young,21,3.5465233422007203
elderly,21,5.8045396732678896
propose,21,3.6725112795841057
individual,21,2.5265549259681244
strategy,21,3.0930447666178016
woman,21,3.2155752419892374
context,21,2.664306356762382
level,21,3.0006238351770564
adolescent,21,5.561683149371726
analysis,21,1.8675092175873738
female,21,3.6346146718255774
potential,21,3.183953262816012
thus,20,3.947553983485685
housing,20,4.9828294582332155
review,20,3.0189891215286337
first,20,2.339544746002461
help,20,3.3236283272201406
idea,20,3.8401410410647054
contemporary,20,3.0080457438420525
collective,20,4.402636201659932
importance,20,3.279097167249769
identity,20,2.846625074634904
international,20,2.537753132572988
responsible,20,5.071185332654062
day,20,4.149187844655335
application,20,3.6694973870342382
parent,20,4.471115939542698
seek,20,3.961560841479564
provision,20,5.266001509638086
reserve,20,2.2967450330691936
aim,20,2.4315875753560605
welfare,19,3.9597100457916223
experiment,19,5.075187263211559
describe,19,3.26325961136413
sustainability,19,3.5336173580037826
engage,19,3.249627745776364
feminist,19,4.880539832358015
setting,19,4.124096863692505
personal,19,3.7468613971260454
author,19,2.684397310179392
ethical,19,3.8255733731400863
principle,19,3.779137800149802
agency,19,4.42748900714244
among,19,2.7922532999400596
increase,19,2.9783257239589696
rural,19,3.4122222504891293
training,19,3.866600641400141
assessment,19,3.5897604360413164
physician,18,5.029606228902662
animal,18,3.788598129398868
matter,18,3.2175748196355856
interest,18,3.2316500048473085
natural,18,3.0967204247612
school,18,2.915390660046638
stewardship,18,5.2795844819110105
digital,18,2.4364697967358064
institute,18,3.380513390761791
interview,18,3.122715633294144
participation,18,3.788598129398868
towards,18,3.795550890040635
attitude,18,3.8166125055684645
receive,18,4.656147833375218
guide,17,3.8596812274603507
architecture,17,2.8443332631269147
aboriginal,17,4.464061182008747
mother,17,4.13045128207375
programme,17,4.340486496890215
age,17,2.9719474597112625
literature,17,3.3786696907781026
physical,17,3.400951138154109
different,17,2.095962905688459
worker,17,4.429295763848071
modern,17,2.8291468593122384
services,17,5.452379376961112
question,17,2.8635438670927496
participatory,17,4.049023682729903
caregiver,17,4.867416876239956
anthropology,17,4.206903342511623
offer,17,2.791865843232779
archaeology,17,2.8674168762399557
law,17,3.3191128460976476
two,16,1.9859574957870314
sense,16,3.5312102867062163
communication,16,3.253023655639875
selection,16,3.5642253439341793
essential,16,3.961560841479564
complex,16,3.061725003404996
priority,16,4.618673127956556
establish,16,3.296745033069193
example,16,2.756870421876575
ongoing,16,4.461131850970076
around,16,3.4862228319329063
religious,16,3.080708106772569
know,16,2.9837224914037233
tourism,16,2.436469796735807
contribute,16,3.038342075967045
necessary,16,4.0337106272354
perform,16,4.2316500048473085
methodology,16,3.2369638047437763
mean,16,3.3765983407584077
key,15,3.176154892255605
curatorial,15,5.0967204247612
legal,15,3.380513390761791
relational,15,4.978075928262581
safety,15,4.71820880150747
across,15,3.198097445136282
regard,15,3.1438544003522946
three,15,2.515197008006815
property,15,3.464452209261687
aged,15,4.006834921244005
come,15,3.3680224465785944
year,15,1.9018228950874252
healthcare,15,3.5821472519314415
tool,15,2.8906130870122415
psychiatric,14,5.017943311377083
curation,14,4.8045396732678896
justice,14,3.986916415756458
uk,14,2.9818095253233694
member,14,3.571878916477614
love,14,4.482611578380527
temporality,14,6.039004926904912
general,14,3.2747187267391937
order,14,2.468256285403457
since,14,3.0023464563260642
artistic,14,3.5642253439341793
although,14,3.4122222504891293
lead,14,2.4260280500141596
exist,14,3.065771836467698
manage,14,3.6186731279565554
learn,14,3.256103048571847
demand,14,4.126467768155252
posthumous,14,7.2195771725467335
resource,14,2.256103048571847
infrastructure,14,4.172271457768376
tradition,14,2.855004740250877
unique,14,3.3385652087638205
initiative,14,3.5642253439341793
psychological,14,4.602905812098238
past,14,2.1292882872176304
house,14,3.0179433113770826
colonial,14,3.256103048571847
procedure,14,4.3985473135920525
visitor,14,2.873802335705003
might,14,3.9366432092752346
significant,13,2.6664057387406572
beyond,13,3.3975007447823633
particularly,13,3.186662550073998
artist,13,3.0537682795766528
continue,13,3.186662550073998
co,13,3.618673127956556
upon,13,3.7249318153471127
today,13,3.0537682795766528
residential,13,5.23819285071408
ethnic,13,3.2780855778375932
performance,13,3.5197066771555345
prevention,13,4.869805444734058
preschool,13,6.1126619686302215
effort,13,3.14303561767374
current,13,2.5974877980659277
language,13,2.551947014155742
france,13,4.975158444880287
treat,13,4.0888152266758535
without,13,3.457310140017667
skill,13,3.568341452406411
african,13,2.9480902016821156
measure,13,3.5197066771555345
much,13,3.2984533755315546
note,13,4.053768279576652
legacy,13,3.4959906081817267
artifact,13,4.149187844655335
basic,13,3.942736967187909
authority,13,4.042272640738823
museums,13,3.9534633737809672
nurse,13,4.662000559620656
materiality,13,5.019552564238739
aesthetic,13,3.9534633737809672
reflect,13,2.781147824913661
diverse,12,3.142524114374325
documentation,12,3.109659480468698
technology,12,2.1161727874273724
hospice,12,7.319112846097648
addition,12,3.5203710543447517
especially,12,3.015332097920545
define,12,3.245863864067009
toward,12,4.245863864067009
accessible,12,4.0967204247612
find,12,1.9210817721244937
follow,12,2.486222831932906
curriculum,12,4.380513390761791
kingdom,12,4.2316500048473085
geography,12,4.6002945986417005
intensive,12,6.8166125055684645
land,12,3.245863864067009
guideline,12,4.109659480468698
informal,12,5.289365502703596
francis,12,2.84337941513125
leaver,12,7.319112846097648
cancer,12,5.444643728181506
intervention,12,2.8219263054649324
awareness,12,3.4946844106811024
handle,12,4.904075346818804
could,12,2.524696979747542
artefact,12,3.7851342740952965
reflection,12,3.2674507262751553
insight,12,3.564225343934179
encourage,12,4.00925758351086
full,12,4.774792329873837
appropriate,12,3.9615608414795638
collect,12,2.8379861563610316
textile,12,3.6279509415445665
accessibility,12,4.837986156361032
practical,12,3.296745033069193
demonstrate,12,2.8596812274603507
infant,12,5.176154892255605
collaboration,12,3.4122222504891293
emotional,12,3.665670607493725
enhance,12,3.428341915852406
limited,12,2.8984507976249256
climate,12,2.709318492396556
hold,12,3.2316500048473085
finding,12,2.675256656322923
sustain,12,4.837986156361032
maternity,11,6.1346882749602205
memory,11,2.5642253439341793
evidence,11,2.920563469607373
domestic,11,4.386227041956185
illness,11,4.28669136840527
expand,11,4.050624010171745
survey,11,2.452114977612642
implication,11,3.2239556130573077
element,11,2.691081623484606
regime,11,4.920563469607373
moral,11,4.078104746593853
even,11,2.739625475442643
yet,11,3.335600968886217
perception,11,3.569091099105995
employment,11,4.691081623484606
ethics,11,5.456616369847582
participant,11,2.8419065257323743
architectural,11,2.447627586620328
trauma,11,4.254982508677932
broad,11,3.4209924601168615
major,11,3.239385653626914
biomedical,11,5.920563469607373
facilities,11,7.608619463292633
artwork,11,3.4122222504891293
range,11,2.82434815434807
north,11,3.5401397254098663
cross,11,3.502420059460708
europe,11,3.1935819640137892
ecec,11,6.254982508677932
inclusive,11,3.9081797451515405
poor,11,3.945654450570203
food,11,3.3109389146519477
manuscript,11,4.28669136840527
increasingly,11,3.618673127956556
investment,11,4.945654450570204
restoration,11,2.920563469607373
interaction,11,3.3028110337685472
theme,11,3.8478071271720586
due,11,2.8596812274603507
diversity,11,3.43869446185032
generate,11,3.618673127956556
politic,11,4.092043937551726
name,11,4.010360139958019
deserve,11,5.7341503453764915
document,11,2.3862270419561846
meaning,11,2.984128598384839
conclude,11,3.569091099105995
affect,11,3.0506240101717457
deliver,10,4.7341503453764915
political,10,2.1491878446553354
volunteer,10,3.8081509268202685
therapy,10,3.9686155990135146
department,10,3.5642253439341793
would,10,2.692673709400333
power,10,2.692673709400333
territory,10,3.337260192807907
large,10,2.346420192093383
archive,10,2.1734353909020125
creativity,10,4.7583978916231695
influence,10,2.446284086562762
highlight,10,2.4315875753560605
conservator,10,3.2747187267391946
factor,10,2.6076179394475596
drive,10,3.940601222843918
teacher,10,3.3101240628703934
enable,10,3.24872351820625
studies,10,3.4811696042066207
similar,10,3.451216382104993
consideration,10,3.471115939542698
australian,10,3.675256656322923
ambulatory,10,8.056078440263855
holistic,10,4.3556387221227615
comprehensive,10,3.940601222843918
mutual,10,5.181609322347713
protect,10,2.9828294582332155
status,10,2.752297692086751
editorial,10,3.1411950539018045
often,10,2.1018821298769788
labour,10,4.997184751210285
associate,10,2.569578578428386
topic,10,3.3742544002901087
ethnology,10,5.997184751210285
humanity,10,3.8596812274603507
private,10,3.1018821298769788
inheritance,10,3.758397891623169
ability,10,3.9971847512102854
problem,10,2.181609322347713
daily,10,4.071185332654062
global,10,2.6580473662907
detail,10,3.7706762214016054
interpret,10,3.9828294582332155
scientific,10,2.17751656771383
network,10,3.165307510018612
capacity,10,3.795550890040635
implement,10,3.1734353909020125
assistance,10,5.319112846097648
opportunity,10,2.6076179394475596
la,10,2.692673709400333
central,10,2.64104094098501
disability,10,3.9686155990135146
go,9,3.1491878446553354
team,9,3.788598129398868
therefore,9,2.681682925482356
ground,9,3.122715633294144
look,9,2.9344489958623226
still,9,2.606394798178119
tree,9,3.6561478333752184
difference,9,2.767938658832775
client,9,5.131485842921877
routine,9,5.062773092837862
outline,9,3.606394798178119
handling,9,4.422948657082188
conclusion,9,3.037826735707631
alternative,9,3.27958448191101
medieval,9,3.904075346818804
trust,9,3.9191822392090123
interdisciplinary,9,3.606394798178119
story,9,2.4946844106811024
reproduction,9,4.131485842921877
re,9,3.3910057645794334
assess,9,2.9421433876523237
activism,9,4.534841537153085
free,9,4.466670034511505
visual,9,2.9971847512102854
evaluation,9,2.8025373203567416
manager,9,4.131485842921877
collaborative,9,3.4337554120387703
cost,9,3.631056852412388
nation,9,3.2411103340963745
evolve,9,4.013304416573562
disorder,9,4.7341503453764915
utilization,9,5.2411103340963745
finally,9,3.4337554120387703
possible,9,2.4391892980893983
region,9,2.2222513068450587
maintain,9,3.0544096199032356
specifically,9,3.694621981189854
discussion,9,2.5523999085373896
researcher,9,3.079646911402258
response,9,2.694621981189854
taking,9,6.401575006289621
significance,9,2.754328227314122
bring,9,2.6372888061239026
youth,9,3.9498790364319287
open,9,2.194417098648333
event,9,2.788598129398868
crucial,9,3.8743280034247523
choice,9,4.029606228902662
australia,9,3.088158411257776
type,9,2.3700967748164525
association,9,2.694621981189854
appreciation,9,4.9654758914829475
technique,9,2.4283419158524064
ancient,9,2.8524132269963114
component,9,3.523253562877873
living,9,3.48903784753996
serve,9,2.904075346818804
return,9,3.5821472519314415
function,9,2.8237019303547837
abuse,9,4.113998416193035
source,9,2.4722295598534063
repair,9,4.203635628677712
british,9,3.4122222504891293
like,9,2.523253562877873
garden,9,3.2411103340963745
conference,9,2.9191822392090123
view,9,2.1671097526525975
course,9,3.203635628677712
profession,9,4.2411103340963745
non,9,2.1990190006073416
canada,8,4.169365726592965
library,8,1.9354085536235957
therapeutic,8,3.8761693502489196
spatial,8,2.8515072960146504
asian,8,3.2316500048473085
interior,8,4.319112846097648
east,8,3.1795614936988543
orient,8,3.961560841479564
philosophy,8,3.577645859696501
call,8,2.511757924040044
impact,8,1.3533285614355606
volume,8,3.1795614936988543
production,8,2.7799540349896166
implementation,8,3.263830410596458
pay,8,4.169365726592965
interpretation,8,3.0902941556017667
acquisition,8,3.795550890040635
nineteenth,8,3.632612318914429
affordable,8,6.7341503453764915
reveal,8,2.0711853326540623
church,8,2.2316500048473085
în,8,4.436469796735807
india,8,3.84337941513125
effective,8,3.210588389319479
medium,8,2.6256258885983224
kind,8,3.4862228319329063
several,8,2.2801938568053455
turn,8,3.129288287217631
balance,8,3.961560841479564
somatic,8,5.85968122746035
raise,8,2.867901734265319
monuments,8,5.85968122746035
belong,8,3.0429884408234105
painting,8,2.675256656322923
achieve,8,2.9703846918665704
ecology,8,3.4242950827897043
plant,8,1.815287108101897
income,8,3.944073414750723
cause,8,3.189829829152681
hygiene,8,5.564225343934179
intimacy,8,6.149187844655335
publish,8,2.169365726592966
continuity,8,4.461131850970076
creation,8,2.7799540349896166
realm,8,6.319112846097648
dimension,8,3.0523263054027465
elsevier,8,4.461131850970076
exhibit,8,3.577645859696501
geriatric,8,6.511757924040044
emerge,8,2.6256258885983224
investigate,8,2.668061154918719
mainly,8,3.8596812274603507
entrust,8,6.149187844655335
sick,8,6.41222225048913
bone,8,3.263830410596458
post,8,2.6609013633458534
shape,8,2.9881959679830308
socioeconomic,8,4.341832922597731
responsive,8,5.618673127956556
integral,8,4.364916535710773
visit,8,2.741684018061899
together,8,2.6396327465922016
growth,8,3.3883755085347618
icon,8,4.436469796735807
emergency,8,4.591192391534449
neglect,8,4.149187844655335
wide,8,2.7645239944200104
citizen,8,3.296745033069193
specialist,8,4.0337106272354
emotion,8,3.7799540349896166
taylor,8,2.296745033069193
european,8,2.1145417018484443
play,8,2.3533285614355606
exercise,8,4.364916535710773
gender,8,2.734150345376492
lifestyle,8,4.319112846097648
solidarity,8,5.41222225048913
humanistic,8,6.149187844655335
embrace,8,4.461131850970076
introduce,8,3.129288287217631
representation,8,3.2856898445601974
archaeologist,8,3.3649165357107726
far,8,2.4425958995326478
lens,8,4.0337106272354
structure,8,1.8886602944321165
train,8,4.511757924040044
ownership,7,4.039004926904912
five,7,3.049652171104421
unit,7,4.667036149517955
exposure,7,3.8596812274603503
maternal,7,5.039004926904912
grandparent,7,5.2195771725467335
grandchild,7,5.878540254711666
four,7,2.6670361495179544
conflict,7,2.897649077659371
improvement,7,3.8596812274603503
active,7,2.9665964313768622
creative,7,2.700203013453154
significantly,7,3.6835242723065234
gain,7,3.3451080546305922
encounter,7,3.256103048571847
sociology,7,4.878540254711666
contexts,7,3.526554925968124
south,7,2.219577172546733
contribution,7,2.26848677302768
properly,7,5.172271457768376
emphasize,7,3.4971111480756423
commodification,7,6.126467768155252
giver,7,7.319112846097648
stabilization,7,6.039004926904912
platform,7,4.082073648796799
valuable,7,3.1152405127319978
record,7,2.1040999551267974
contact,7,3.9565427667129396
produce,7,2.385000781754105
teaching,7,2.986916415756458
less,7,2.691839540518527
connection,7,2.708615253269354
voice,7,3.482611578380527
critique,7,3.9971847512102854
outcome,7,2.8410655492930035
industrial,7,2.8785402547116665
select,7,2.675256656322923
analyse,7,2.371580265991783
mode,7,4.172271457768376
psychology,7,3.482611578380527
low,7,2.4971111480756423
military,7,3.3451080546305922
informa,7,2.9072992476930906
veterinary,7,6.2195771725467335
loss,7,3.256103048571847
apply,7,2.143474193460942
every,7,3.700203013453154
commitment,7,3.751428336808327
ancestors,7,5.878540254711666
text,7,2.5873089570472203
thing,7,3.6029058120982387
respectful,7,5.268486773027679
diagnosis,7,4.571878916477615
dynamic,7,3.3451080546305922
italy,7,3.256103048571847
stakeholder,7,2.9072992476930906
prepare,7,4.1957304305923655
utmost,7,6.8045396732678896
western,7,2.5044159486988753
light,7,2.571878916477614
security,7,3.634614671825577
dignity,7,5.667036149517955
report,7,2.1264677681552517
prioritize,7,5.602905812098238
rehabilitation,7,5.126467768155252
simultaneously,7,4.956542766712939
informed,7,5.2195771725467335
wellbeing,7,3.6835242723065234
possibility,7,3.007526695431744
administration,7,3.917014402526302
protocol,7,3.8596812274603503
multiple,7,2.8785402547116665
leave,7,3.2809777172108765
deal,7,2.9366432092752346
subject,7,2.4329808106559265
barrier,7,3.556612159824304
start,7,2.675256656322923
caribbean,7,4.634614671825577
ecosystem,7,4.268486773027679
allow,7,2.0985617715853673
violence,7,2.9767206486505695
owner,7,3.526554925968124
repatriation,7,3.26848677302768
adoption,7,4.060378577697479
treasure,7,4.634614671825577
continuous,6,4.203635628677712
step,6,3.135891022041877
narrative,6,2.0902941556017667
medicinal,6,2.4364697967358064
objective,6,2.5465233422007203
set,6,1.8984507976249259
funding,6,3.319112846097648
healing,6,3.600294598641701
goal,6,2.4446437281815068
archives,6,3.1761548922556044
black,6,2.6372888061239026
total,6,3.3494864951411665
variety,6,2.9971847512102854
vision,6,3.600294598641701
works,6,4.412222250489129
outpatient,6,6.7341503453764915
devote,6,5.260219157044079
seem,6,3.319112846097648
educate,6,4.176154892255605
heart,6,4.149187844655335
operation,6,3.5465233422007203
au,6,4.997184751210285
asset,6,3.260219157044079
small,6,2.3494864951411665
determine,6,2.469447119182079
sacred,6,3.4446437281815068
conversation,6,3.795550890040635
whose,6,2.7442040100404146
china,6,3.135891022041877
mexican,6,3.904075346818804
citizenship,6,3.9267954233188873
position,6,2.795550890040635
rather,6,2.537753132572988
observation,6,3.0092575835108604
water,6,2.3418329225977312
bioarchaeology,6,6.0967204247612
ocean,6,4.774792329873837
rock,6,3.058585295874429
housekeeping,6,5.582147251931441
infection,6,5.203635628677712
curator,6,2.9498790364319287
thinking,6,3.3342197384878562
us,6,3.2316500048473085
rich,6,2.5117579240400434
man,6,2.600294598641701
tourist,6,2.4946844106811024
promotion,6,3.529035915471879
press,6,2.326646518783055
pattern,6,2.754328227314122
intersection,6,4.2316500048473085
english,6,2.646687504126152
nurture,6,4.904075346818804
online,6,3.0092575835108604
tend,6,4.122715633294145
despite,6,2.7241662568038696
various,6,1.5553471925877265
lie,6,3.564225343934179
custody,6,5.319112846097648
belief,6,2.4202595695545472
image,6,1.8928480913955499
item,6,3.0337106272353993
emphasis,6,3.9267954233188873
hand,6,2.3494864951411665
household,6,3.904075346818804
educator,6,3.5821472519314415
chinese,6,2.7851342740952965
reduce,6,3.0967204247612
involvement,6,3.5465233422007203
analyze,6,2.142524114374325
scholar,6,2.9382910621567166
scientist,6,3.8166125055684645
certain,6,3.1491878446553354
product,6,2.573158468704187
constant,6,4.582147251931441
resident,6,2.7341503453764915
memorial,6,4.2316500048473085
drug,6,4.149187844655335
assume,6,4.289365502703596
end,6,2.4446437281815068
disparities,6,6.319112846097648
expertise,6,4.021432297456963
indians,6,5.149187844655335
communal,6,4.511757924040044
equal,6,4.997184751210285
governance,6,3.2175748196355856
acknowledge,6,3.600294598641701
sector,6,2.3571808869311672
dialogue,6,3.600294598641701
organize,6,3.675256656322923
integrated,6,3.8817075337903497
substance,6,5.260219157044079
strategic,6,3.7747923298738373
solution,6,2.5821472519314415
aware,6,4.260219157044079
inspire,6,3.6372888061239026
theoretical,6,2.6279509415445665
diet,6,4.444643728181506
account,6,2.600294598641701
obligation,6,4.582147251931441
category,6,3.3041625046316763
england,6,3.0337106272353993
zealand,6,3.5117579240400434
affective,6,3.7747923298738373
empathy,6,4.289365502703596
sociocultural,6,4.54652334220072
ward,6,5.260219157044079
smoking,6,4.949879036431929
prefer,6,4.7341503453764915
outside,6,3.3962807066201077
ferreira,6,5.046094351691232
imperative,6,4.618673127956556
moment,6,3.675256656322923
spatiality,6,6.444643728181506
twenty,6,3.904075346818804
agent,6,3.6561478333752184
second,6,1.9971847512102854
compassion,6,5.904075346818804
foundation,6,2.8817075337903497
connect,6,2.7747923298738373
combine,6,2.5821472519314415
innovation,6,3.189829829152681
accord,6,2.4778105921167057
caring,6,4.071185332654062
arrangement,6,4.412222250489129
conserve,6,3.9498790364319287
represent,6,2.06487155872186
expression,6,3.4611318509700757
northern,6,3.4446437281815068
point,6,1.7851342740952962
grow,6,2.4122222504891293
acute,6,6.0967204247612
manner,6,4.7341503453764915
monitoring,6,3.0711853326540623
stage,5,2.6637610174850934
depend,5,3.9971847512102854
versus,5,4.7341503453764915
race,5,3.491293821480328
transport,5,3.2834889363669264
typically,5,4.64104094098501
communicate,5,4.3556387221227615
recognize,5,2.6637610174850934
degree,5,3.198097445136282
christian,5,3.1018821298769788
park,5,2.491293821480328
encompass,5,3.833686018927406
extensive,5,3.451216382104993
meeting,5,4.056078440263854
job,5,4.2487235182062495
begin,5,2.1734353909020125
section,5,2.9267954233188878
shift,5,2.5220998682615026
adequate,5,4.283488936366926
workshop,5,2.5857585054838204
indian,5,2.7341503453764915
inequity,5,4.8336860189274065
always,5,3.133246300786314
beginning,5,3.5325164842068415
detailed,5,3.758397891623169
characteristic,5,2.071185332654063
muslim,5,3.618673127956556
carer,5,4.64104094098501
corpus,5,4.8336860189274065
office,5,3.5325164842068415
scheme,5,4.511757924040044
folk,5,3.451216382104993
difficult,5,3.071185332654063
thailand,5,4.686844630598135
highly,5,2.9686155990135146
effect,5,1.5169196291558227
acceptance,5,4.553578099734671
store,5,3.133246300786314
transform,5,2.7341503453764915
mostly,5,3.8081509268202685
film,5,3.7341503453764915
experimental,5,3.6637610174850934
belonging,5,5.181609322347713
founder,5,4.783059945857438
doctor,5,3.451216382104993
intellectual,5,3.355638722122762
nurturing,5,6.8336860189274065
connectedness,5,6.8336860189274065
native,5,2.3101240628703934
construct,5,2.69852643564577
engineering,5,3.491293821480328
genetic,5,3.0411280987978824
recovery,5,3.618673127956556
hence,5,4.686844630598135
tactic,5,5.471115939542698
maori,5,4.64104094098501
selian,5,7.319112846097648
location,5,2.491293821480328
fall,5,3.710303603422124
appropriately,5,5.7341503453764915
interpersonal,5,5.319112846097648
employ,5,2.4611318509700757
see,5,1.5642253439341791
reform,5,3.5535780997346706
regular,5,4.9406012228439184
illustrate,5,2.451216382104993
complexity,5,2.9971847512102854
observe,5,2.940601222843918
fundamental,5,3.165307510018612
think,5,2.7221777037104156
participate,5,2.64104094098501
cleaning,5,3.710303603422124
organizational,5,4.214776186282912
business,5,2.618673127956556
surgery,5,6.056078440263854
emphasise,5,4.026331096869803
currently,5,2.9686155990135146
opening,5,4.553578099734671
twentieth,5,3.0116843209054007
whether,5,2.2834889363669264
room,5,3.266001509638085
bones,5,6.8336860189274065
racism,5,3.8861534388215415
hospitality,5,4.9406012228439184
gendere,5,4.3556387221227615
resistance,5,3.8081509268202685
renewal,5,4.471115939542698
pandemic,5,2.4611318509700757
insurance,5,4.686844630598135
pension,5,6.056078440263854
rare,5,3.5325164842068415
epidemiology,5,5.8336860189274065
rate,5,3.337260192807907
everyday,5,2.8728566162080837
pain,5,4.471115939542698
integration,5,3.0263310968698023
masson,5,4.686844630598135
conduct,5,1.7162284373792294
aid,5,3.5749517505272377
custodial,5,5.7341503453764915
archeology,5,5.64104094098501
taonga,5,5.7341503453764915
poverty,5,3.758397891623169
leadership,5,3.471115939542698
photography,5,3.6868446305981353
nutrition,5,3.8081509268202685
royal,5,3.355638722122762
link,5,2.0337106272353993
green,5,2.940601222843918
actor,5,3.2316500048473085
counseling,5,5.2487235182062495
reader,5,3.6868446305981353
cooperation,5,3.451216382104993
stress,5,3.5535780997346706
adaptation,5,3.6637610174850934
recommend,5,4.3556387221227615
overall,5,3.117478984927997
war,5,1.7221777037104156
gap,5,3.0116843209054007
survival,5,3.8861534388215415
specialize,5,6.181609322347713
hispanic,5,3.758397891623169
available,5,2.266001509638085
safeguard,5,3.6868446305981353
germany,5,3.3191128460976476
anyone,5,5.393113427541425
purpose,5,1.8794897085405309
academic,5,2.1491878446553354
usually,5,3.6868446305981353
britain,5,3.833686018927406
interrelation,5,6.471115939542698
emergent,5,5.181609322347713
wiley,5,4.181609322347713
organisation,5,2.7830599458574383
correct,5,3.181609322347713
rarely,5,4.2487235182062495
task,5,2.9828294582332155
pass,5,3.471115939542698
reframe,5,4.997184751210285
concrete,5,3.5117579240400434
ontology,5,5.056078440263854
narration,5,5.8336860189274065
cultivate,5,4.3556387221227615
background,5,2.629813685561756
hedge,5,6.8336860189274065
teach,5,3.181609322347713
disposition,5,5.9406012228439184
provenance,5,3.5535780997346706
exchange,5,3.7830599458574383
archival,5,2.2747187267391946
requirement,5,3.165307510018612
logic,5,4.056078440263854
collectively,5,5.393113427541425
ethnicity,5,3.64104094098501
effectively,5,3.7830599458574383
meticulous,5,5.8336860189274065
failure,5,4.149187844655335
institutionalization,5,5.7341503453764915
remove,5,3.355638722122762
number,5,1.3602701708544076
curate,4,3.7645239944200104
feed,4,4.7955508900406345
manifest,4,4.364916535710773
deep,4,2.3765983407584077
tribal,4,3.646687504126152
means,4,4.149187844655335
division,4,4.2316500048473085
embodiment,4,5.7341503453764915
indicate,4,1.988195967983031
embed,4,3.618673127956556
visualization,4,4.41222225048913
disappear,4,4.926795423318888
industry,4,2.3649165357107726
processing,4,3.436469796735807
era,4,2.537753132572988
equity,4,3.8596812274603507
fund,4,2.6609013633458534
write,4,2.0062298908132923
immigration,4,4.564225343934179
clinician,4,5.071185332654062
previously,4,3.8596812274603507
vital,4,3.210588389319479
add,4,3.0523263054027465
media,4,3.537753132572988
guidance,4,3.4862228319329063
modelling,4,3.4862228319329063
interactive,4,3.618673127956556
igbo,4,6.149187844655335
ambivalence,4,5.2316500048473085
psychiatrist,4,5.319112846097648
widely,4,3.0711853326540623
endure,4,4.41222225048913
registration,4,4.926795423318888
republic,4,2.689756226018038
exploration,4,3.1491878446553354
feel,4,2.944073414750723
wound,4,4.675256656322923
furthermore,4,3.2316500048473085
socio,4,2.524696979747542
recent,4,1.3361192714033376
occupational,4,4.618673127956556
incompatibility,4,6.319112846097648
financial,4,2.3649165357107726
thank,4,3.89284809139555
differ,4,3.4122222504891293
placement,4,4.364916535710773
ethically,4,5.997184751210285
german,4,2.7645239944200104
refer,4,2.6609013633458534
oral,4,2.7645239944200104
reassess,4,6.7341503453764915
bientraitance,4,6.7341503453764915
cherished,4,6.7341503453764915
distinguish,4,4.071185332654062
psychiatry,4,3.961560841479564
previous,4,3.0902941556017667
excavation,4,2.550928521320721
continued,4,5.2316500048473085
via,4,3.537753132572988
closeness,4,6.7341503453764915
matrix,4,4.85968122746035
pe,4,5.511757924040044
dance,4,4.274718726739194
ask,4,2.9267954233188873
lesson,4,3.537753132572988
subjective,4,4.364916535710773
useful,4,2.734150345376492
pet,4,5.7341503453764915
intangible,4,1.8844846184609232
worship,4,4.997184751210285
variable,4,3.89284809139555
mosaic,4,4.564225343934179
wellbee,4,3.89284809139555
obtain,4,2.3765983407584077
behaviour,4,3.0711853326540623
buddhist,4,3.8596812274603507
worth,4,4.461131850970076
pluriversal,4,6.149187844655335
assist,4,3.5911923915344484
print,4,2.944073414750723
contrast,4,2.8596812274603507
soil,4,3.296745033069193
proceeding,4,2.4242950827897043
gis,4,4.461131850970076
per,4,3.3649165357107726
qualitative,4,1.6326123189144293
acquire,4,2.5911923915344484
impairment,4,4.675256656322923
positive,4,2.061725003404996
trend,4,2.6609013633458534
inside,4,3.675256656322923
descendant,4,4.2316500048473085
color,4,3.0337106272353993
photograph,4,2.689756226018038
next,4,3.129288287217631
scotland,4,3.4862228319329063
garment,4,4.364916535710773
liturgy,4,6.7341503453764915
minor,4,5.071185332654062
game,4,2.734150345376492
democratic,4,3.9971847512102854
coronavirus,4,4.85968122746035
likely,4,2.5642253439341793
though,4,2.8761693502489196
dead,4,3.8272597497679732
prospective,4,4.997184751210285
anxiety,4,5.071185332654062
navigate,4,4.364916535710773
carry,4,1.3649165357107729
din,4,3.961560841479564
keeper,4,4.85968122746035
practically,4,6.511757924040044
specimen,4,3.2747187267391946
craft,4,3.2316500048473085
şi,4,3.675256656322923
shelter,4,4.511757924040044
capable,4,3.9971847512102854
directly,4,3.3418329225977312
canadian,4,3.296745033069193
el,4,2.604867328431525
adopt,4,2.4611318509700757
trading,4,2.024492097206021
search,4,2.8596812274603507
affirm,4,4.461131850970076
theology,4,4.071185332654062
entire,4,3.5642253439341793
accept,4,3.189829829152681
claim,4,2.71920000391052
council,4,3.4122222504891293
charity,4,4.189829829152681
continuum,4,5.618673127956556
john,4,2.5642253439341793
little,4,2.3533285614355606
music,4,2.3765983407584077
tour,4,3.253023655639875
wales,4,3.646687504126152
sarah,4,3.734150345376492
visible,4,3.436469796735807
strand,4,5.41222225048913
thousand,4,3.8596812274603507
hope,4,3.319112846097648
readiness,4,5.41222225048913
soul,4,4.7341503453764915
complete,4,2.2856898445601974
data,4,2.5642253439341793
ethnobotany,4,4.274718726739194
along,4,2.3418329225977312
unpaid,4,6.7341503453764915
disorders,4,5.41222225048913
dedicate,4,3.9267954233188873
compassionate,4,6.149187844655335
horse,4,3.8272597497679732
intergenerational,4,3.5642253439341793
factors,4,5.149187844655335
easily,4,3.7645239944200104
period,4,0.8555884728264677
developmental,4,4.189829829152681
read,4,3.169365726592966
reaction,4,4.2316500048473085
spontaneous,4,4.926795423318888
frame,4,2.604867328431525
cycle,4,4.2316500048473085
radical,4,4.461131850970076
americans,4,3.0523263054027465
able,4,2.3765983407584077
ethnographic,4,2.3765983407584077
mission,4,3.0711853326540623
underlie,4,4.618673127956556
geological,4,3.795550890040635
embody,4,3.129288287217631
sovereignty,4,4.461131850970076
al,4,1.988195967983031
contain,4,2.263830410596458
scale,4,1.8352970688333914
database,4,2.795550890040635
epistemological,4,5.319112846097648
keep,4,2.330428159325482
expect,4,3.2747187267391946
stimulate,4,3.795550890040635
să,4,5.997184751210285
oblige,4,6.511757924040044
root,4,2.71920000391052
rethink,4,4.149187844655335
arise,4,3.2747187267391946
injury,4,4.2316500048473085
god,4,3.5642253439341793
character,4,2.7799540349896166
praxis,4,4.071185332654062
practices,4,4.564225343934179
migration,4,2.646687504126152
close,4,2.1592415093192585
religion,4,2.1592415093192585
colonialism,4,3.2316500048473085
partnership,4,2.524696979747542
uncertainty,4,4.675256656322923
last,4,1.7722183862100114
move,4,2.0429884408234105
introduction,4,2.961560841479564
aging,4,3.8596812274603507
distribution,4,2.8272597497679732
elsevi,4,4.618673127956556
competence,4,2.8761693502489196
children,4,3.961560841479564
tibetan,4,4.675256656322923
italian,4,2.3765983407584077
abandon,4,3.795550890040635
enhancement,4,3.8596812274603507
largely,4,2.84337941513125
premise,4,4.926795423318888
pediatric,4,5.511757924040044
french,4,3.129288287217631
oncology,4,5.511757924040044
moreover,4,3.210588389319479
netherlands,4,3.734150345376492
put,4,2.577645859696501
belgium,4,4.85968122746035
korea,4,5.071185332654062
truth,4,3.961560841479564
du,4,4.149187844655335
fragile,4,4.109659480468698
date,4,1.867901734265319
generally,4,2.8113182058989516
birth,4,2.8113182058989516
cambridge,4,3.511757924040044
sensitivity,4,3.89284809139555
artium,4,7.319112846097648
target,4,2.979262843213023
ago,3,3.380513390761791
singapore,3,4.046094351691232
leaf,3,3.694621981189854
indeed,3,3.0460943516912318
palm,3,5.203635628677712
urms,3,6.0967204247612
graf,3,3.7341503453764915
hall,3,3.319112846097648
town,3,1.8928480913955499
conservative,3,4.046094351691232
programming,3,4.444643728181506
facilitate,3,2.0838963844036162
sign,3,2.9498790364319287
typical,3,3.0967204247612
profiling,3,6.582147251931441
publishing,3,2.3962807066201077
supervision,3,4.203635628677712
contend,3,4.582147251931441
analog,3,5.319112846097648
either,3,2.754328227314122
politics,3,4.8166125055684645
perhaps,3,3.5465233422007203
charge,3,3.904075346818804
questionnaires,3,4.582147251931441
capital,3,2.4122222504891293
khm,3,5.904075346818804
curiosity,3,4.582147251931441
ought,3,5.7341503453764915
pre,3,2.380513390761791
situate,3,2.9498790364319287
substitute,3,5.319112846097648
instead,3,2.6186731279565554
cultivation,3,4.260219157044079
main,3,1.1425241143743248
africa,3,1.5203710543447517
disaster,3,2.8596812274603507
message,3,3.260219157044079
wear,3,2.754328227314122
joseph,3,4.444643728181506
neo,3,4.7341503453764915
identification,3,1.9971847512102854
transfer,3,2.7341503453764915
birthing,3,6.0967204247612
inquiry,3,3.3494864951411665
glass,3,2.1761548922556044
middle,3,1.2316500048473082
roman,3,3.3494864951411665
advice,3,3.7747923298738373
limitation,3,2.6372888061239026
mind,3,2.4946844106811024
accumulation,3,4.7341503453764915
advocate,3,2.564225343934179
description,3,2.8817075337903497
recreation,3,4.444643728181506
eventual,3,5.203635628677712
precious,3,4.046094351691232
improved,3,4.582147251931441
limit,3,2.162608360417657
strong,3,1.7851342740952962
personalized,3,5.582147251931441
direct,3,2.4611318509700757
leader,3,2.9971847512102854
reinforce,3,3.203635628677712
extent,3,2.675256656322923
interested,3,3.203635628677712
fine,3,3.1227156332941446
pleasure,3,4.904075346818804
july,3,4.203635628677712
shortage,3,4.656147833375218
inspiration,3,4.7341503453764915
si,3,4.046094351691232
laudato,3,5.904075346818804
stem,3,3.1761548922556044
civil,3,2.135891022041877
civic,3,3.8596812274603507
structured,3,2.4778105921167057
beauty,3,3.8166125055684645
malaysia,3,4.8166125055684645
privilege,3,4.203635628677712
optimal,3,4.444643728181506
binary,3,4.444643728181506
partners,3,7.319112846097648
edge,3,3.8166125055684645
ancestral,3,2.973338009255918
advances,3,4.511757924040044
trivandrum,3,7.904075346818804
andrew,3,4.203635628677712
transmission,3,3.319112846097648
save,3,3.4446437281815068
believe,3,3.021432297456963
picture,3,3.289365502703596
imagine,3,3.4446437281815068
universidad,3,4.149187844655335
station,3,3.9971847512102854
adaptive,3,2.7747923298738373
museology,3,3.6186731279565554
alignment,3,5.7341503453764915
psychosocial,3,4.7341503453764915
museumsverband,3,5.904075346818804
unfamiliar,3,5.7341503453764915
behavioral,3,3.5821472519314415
daughter,3,4.656147833375218
mineral,3,3.2316500048473085
ne,3,5.7341503453764915
relevant,3,1.9852121095442095
face,3,0.680073672620699
evolution,3,2.0711853326540623
sample,3,1.4202595695545472
sectional,3,4.582147251931441
popularly,3,7.319112846097648
bureaucracy,3,5.319112846097648
compatible,3,4.8166125055684645
palace,3,2.5117579240400434
gentle,3,6.0967204247612
monarchy,3,5.203635628677712
habsburg,3,5.904075346818804
extra,3,5.319112846097648
abandonment,3,4.511757924040044
furniture,3,4.511757924040044
socialist,3,4.0967204247612
travel,3,2.973338009255918
ellen,3,4.904075346818804
counter,3,3.9498790364319287
strive,3,4.8166125055684645
norwegian,3,4.904075346818804
distance,3,3.289365502703596
depth,3,2.714250787938787
marketing,3,3.8596812274603507
santiago,3,4.997184751210285
landesign,3,5.444643728181506
competition,3,3.4778105921167057
map,3,2.564225343934179
pressure,3,2.9267954233188873
machinery,3,4.582147251931441
actively,3,3.319112846097648
prevail,3,3.904075346818804
distinctive,3,4.046094351691232
indication,3,4.511757924040044
symptom,3,4.260219157044079
dominate,3,4.149187844655335
hinemihi,3,4.582147251931441
iic,3,5.7341503453764915
novel,3,2.9267954233188873
spencer,3,5.904075346818804
obey,3,6.904075346818804
observance,3,5.203635628677712
alice,3,5.7341503453764915
car,3,4.7341503453764915
endangered,3,4.997184751210285
hard,3,3.7341503453764915
behalf,3,3.5465233422007203
construction,3,0.795550890040635
cemetery,3,2.5821472519314415
another,3,2.2316500048473085
inherit,3,4.582147251931441
musical,3,3.1491878446553354
liss,3,6.582147251931441
utilise,3,3.6186731279565554
slovak,3,3.9498790364319287
mobilize,3,4.260219157044079
ministry,3,3.4778105921167057
pacific,3,3.7747923298738373
consent,3,4.260219157044079
get,3,2.260219157044079
pilot,3,3.9971847512102854
cu,3,4.260219157044079
tower,3,3.5821472519314415
mediterranean,3,2.8379861563610316
castle,3,2.3342197384878562
foreign,3,3.021432297456963
utilize,3,2.9971847512102854
ecological,3,1.8928480913955499
mark,3,2.189829829152681
humanities,3,4.203635628677712
realize,3,3.904075346818804
overweight,3,5.7341503453764915
aesthetics,3,6.582147251931441
parental,3,4.260219157044079
mainstream,3,3.9498790364319287
photographs,3,5.582147251931441
photographic,3,2.795550890040635
environmentally,3,4.8166125055684645
extended,3,4.582147251931441
evident,3,3.7341503453764915
nations,3,3.6186731279565554
chaplain,3,6.319112846097648
fail,3,3.7747923298738373
circumstance,3,2.795550890040635
shared,3,4.0967204247612
metaphor,3,5.444643728181506
imply,3,3.7341503453764915
needy,3,6.582147251931441
generosity,3,6.904075346818804
recently,3,2.4611318509700757
painter,3,4.511757924040044
survive,3,3.1491878446553354
gold,3,3.7747923298738373
interrelated,3,5.0967204247612
expenditure,3,5.444643728181506
hinder,3,4.380513390761791
baccalaureate,3,5.7341503453764915
insufficient,3,4.904075346818804
basis,3,2.0092575835108604
thai,3,4.582147251931441
latter,3,3.3494864951411665
energy,3,1.9971847512102854
brain,3,4.7341503453764915
decline,3,3.289365502703596
technical,3,1.8706523452813535
reference,3,1.8596812274603507
postcolonial,3,4.046094351691232
argument,3,3.0967204247612
built,3,3.7747923298738373
māori,3,3.7747923298738373
domain,3,2.4946844106811024
bird,3,3.5821472519314415
former,3,1.9615608414795638
driver,3,4.7341503453764915
empower,3,3.9498790364319287
countryside,3,4.444643728181506
assistant,3,6.319112846097648
fair,3,4.380513390761791
schools,3,5.319112846097648
dependent,3,3.8166125055684645
safe,3,3.380513390761791
whole,3,2.5465233422007203
consequently,3,3.904075346818804
opposition,3,4.656147833375218
ship,3,4.203635628677712
municipality,3,3.1491878446553354
upbringing,3,4.656147833375218
organism,3,5.203635628677712
disabled,3,3.694621981189854
thought,3,3.1227156332941446
processual,3,4.904075346818804
choreographed,3,7.319112846097648
fleet,3,5.904075346818804
nettleton,3,7.319112846097648
daryl,3,7.319112846097648
prison,3,4.260219157044079
correctional,3,7.319112846097648
prisoner,3,5.0967204247612
capture,3,3.0711853326540623
class,3,1.7747923298738373
gallery,3,1.6561478333752184
tremendous,3,5.319112846097648
lose,3,2.6372888061239026
eat,3,4.8166125055684645
habit,3,3.7747923298738373
discourse,3,1.7747923298738373
sleep,3,5.444643728181506
initiate,3,3.2316500048473085
six,3,2.904075346818804
want,3,3.203635628677712
ancestor,3,3.4122222504891293
tension,3,3.1491878446553354
pandemics,3,6.0967204247612
reduction,3,3.6186731279565554
california,3,4.149187844655335
clergy,3,5.582147251931441
widen,3,4.656147833375218
muslims,3,5.319112846097648
trace,3,1.949879036431929
direction,3,3.1761548922556044
systems,3,3.9971847512102854
contrary,3,4.7341503453764915
senior,3,3.694621981189854
decoration,3,4.0967204247612
hidden,3,4.149187844655335
couple,3,3.4778105921167057
racial,3,2.203635628677712
demography,3,6.582147251931441
acculturation,3,3.7747923298738373
healthy,3,3.021432297456963
basel,3,4.0967204247612
semi,3,2.754328227314122
caucasian,3,6.319112846097648
structural,3,1.8487929113176143
species,3,4.511757924040044
jurisprudence,3,5.203635628677712
additionally,3,3.904075346818804
parallel,3,3.380513390761791
sufficiently,3,5.203635628677712
freedom,3,3.7747923298738373
aotearoa,3,4.149187844655335
smithsonian,3,3.9971847512102854
rely,3,2.8379861563610316
complicated,3,4.380513390761791
surround,3,2.7747923298738373
possess,3,3.6561478333752184
sister,3,5.0967204247612
considerable,3,3.203635628677712
pedagogy,3,3.6561478333752184
metal,3,2.3041625046316763
glam,3,4.8166125055684645
overview,3,2.0092575835108604
kinship,3,4.582147251931441
appear,3,2.0838963844036162
whereas,3,3.8596812274603507
joan,3,5.7341503453764915
crisis,3,1.5911923915344486
reuse,3,2.694621981189854
instinct,3,6.582147251931441
specialty,3,5.0967204247612
migrant,3,2.5117579240400434
este,3,4.997184751210285
midwifery,3,4.582147251931441
precisely,3,4.203635628677712
advocacy,3,4.444643728181506
layer,3,2.162608360417657
profound,3,3.5117579240400434
winterthur,3,5.7341503453764915
degrade,3,4.997184751210285
movement,3,1.7645239944200104
postpartum,3,5.582147251931441
negotiate,3,3.8166125055684645
characterize,3,2.564225343934179
short,3,2.3494864951411665
enact,3,4.260219157044079
diasporic,3,4.656147833375218
debate,3,1.8487929113176143
paulo,3,4.7341503453764915
equipment,3,3.904075346818804
improper,3,6.319112846097648
leisure,3,3.1761548922556044
exclusive,3,2.904075346818804
arts,3,2.8166125055684645
tangible,3,2.3649165357107726
attempt,3,1.6849068263566425
flourish,3,4.0967204247612
timisoara,3,5.7341503453764915
phase,3,2.5465233422007203
career,3,2.8379861563610316
river,3,2.714250787938787
bodily,3,4.260219157044079
parenting,3,3.8166125055684645
constitute,3,2.7747923298738373
fact,3,1.8928480913955499
epistemology,3,4.8166125055684645
computer,3,2.529035915471879
congruent,3,6.904075346818804
knowledgeable,3,5.319112846097648
statistic,3,3.7341503453764915
classification,3,3.4446437281815068
flexibility,3,4.8166125055684645
die,3,3.021432297456963
writer,3,3.1227156332941446
experienced,3,5.203635628677712
adapt,3,2.3962807066201077
content,3,1.6186731279565554
stressor,3,6.0967204247612
intention,3,3.0460943516912318
africana,3,6.582147251931441
specie,3,1.806043263858277
en,3,1.8487929113176143
islamic,3,2.9498790364319287
transformative,3,3.5821472519314415
wish,3,4.203635628677712
availability,3,4.203635628677712
vulnerability,3,3.0711853326540623
korean,3,3.6186731279565554
explain,3,2.245863864067009
size,3,2.904075346818804
faith,3,3.0967204247612
immigrant,3,2.3041625046316763
user,3,1.7543282273141216
throughout,3,1.9971847512102854
satisfaction,3,3.2316500048473085
testament,3,5.319112846097648
originality,3,3.904075346818804
guarantee,3,3.904075346818804
vehicle,3,4.149187844655335
presence,3,1.8817075337903495
conventional,3,3.319112846097648
difficulty,3,2.9971847512102854
enrich,3,3.0967204247612
package,3,5.319112846097648
everyone,3,4.656147833375218
longitudinal,3,4.149187844655335
meaningful,3,2.754328227314122
compare,3,1.7241662568038694
hospitalization,3,5.7341503453764915
ai,3,3.4446437281815068
experiential,3,4.260219157044079
slowness,3,6.904075346818804
fit,3,3.9498790364319287
societal,3,3.5465233422007203
gorilla,3,5.0967204247612
peace,3,3.6561478333752184
operational,3,3.8166125055684645
simply,3,3.6186731279565554
physicians,3,5.203635628677712
admission,3,6.319112846097648
ontological,3,4.203635628677712
conceptual,3,2.8817075337903497
relatively,3,2.714250787938787
relative,3,2.189829829152681
multicultural,3,4.149187844655335
reconfigure,3,4.997184751210285
plastic,3,3.0460943516912318
mid,3,3.904075346818804
los,3,3.4446437281815068
vast,2,3.1491878446553354
inspection,2,4.319112846097648
disciplinary,2,2.734150345376492
favor,2,3.9267954233188873
divine,2,4.071185332654062
babel,2,6.7341503453764915
expectancy,2,4.997184751210285
eric,2,4.997184751210285
mexico,2,2.5911923915344484
college,2,1.8928480913955499
manifestation,2,3.2316500048473085
focal,2,6.319112846097648
bad,2,3.795550890040635
real,2,1.3078855906743938
greece,2,3.795550890040635
folklore,2,3.319112846097648
buffalo,2,3.4122222504891293
sporting,2,4.7341503453764915
symbolism,2,4.149187844655335
clothe,2,4.7341503453764915
czech,2,2.8596812274603507
za,2,3.9971847512102854
persistent,2,3.9971847512102854
third,2,1.8113182058989516
systematic,2,2.0711853326540623
mothering,2,5.7341503453764915
msoc,2,7.319112846097648
documentary,2,2.9971847512102854
quarantine,2,6.319112846097648
sama,2,6.7341503453764915
officer,2,4.319112846097648
fill,2,2.9267954233188873
bhutan,2,4.85968122746035
elevation,2,5.997184751210285
patron,2,5.7341503453764915
temple,2,3.109659480468698
proceedings,2,3.319112846097648
dialog,2,5.511757924040044
isolation,2,2.734150345376492
frailty,2,3.4611318509700757
quantify,2,4.997184751210285
hong,2,3.795550890040635
kong,2,3.9267954233188873
sweden,2,3.2316500048473085
terminal,2,5.149187844655335
prevent,2,2.646687504126152
moveable,2,6.7341503453764915
ccd,2,5.319112846097648
practise,2,3.9971847512102854
statutory,2,4.7341503453764915
norway,2,3.618673127956556
diocese,2,5.149187844655335
silver,2,3.189829829152681
alone,2,3.189829829152681
fashion,2,2.189829829152681
peter,2,2.9267954233188873
neurodegenerative,2,6.319112846097648
le,2,2.961560841479564
eurasia,2,4.7341503453764915
underpin,2,3.3649165357107726
found,2,2.3649165357107726
sanitary,2,4.7341503453764915
russia,2,2.3418329225977312
efficiency,2,2.7645239944200104
allocation,2,5.7341503453764915
finish,2,3.0711853326540623
sufficient,2,3.9971847512102854
skull,2,2.7645239944200104
forensic,2,4.85968122746035
reproduce,2,3.5642253439341793
indonesia,2,4.2316500048473085
minimum,2,4.319112846097648
pause,2,6.319112846097648
respond,2,1.9267954233188873
japanese,2,2.4862228319329063
lontar,2,4.511757924040044
shell,2,3.4611318509700757
destruction,2,2.5642253439341793
ideology,2,2.5642253439341793
illinois,2,5.7341503453764915
honour,2,4.7341503453764915
humility,2,5.319112846097648
market,2,1.4242950827897043
hawaiian,2,3.795550890040635
malawi,2,4.41222225048913
capita,2,6.319112846097648
ultimately,2,2.4862228319329063
epicc,2,5.511757924040044
nicolette,2,7.319112846097648
introductory,2,4.41222225048913
sociality,2,5.319112846097648
institutionalism,2,5.319112846097648
enjoyment,2,4.618673127956556
fast,2,3.2316500048473085
lucrări,2,5.997184751210285
george,2,2.961560841479564
big,2,3.319112846097648
tech,2,4.41222225048913
lloyd,2,5.319112846097648
hotel,2,4.618673127956556
kihara,2,5.997184751210285
implicate,2,5.319112846097648
ensemble,2,4.997184751210285
cohort,2,3.4122222504891293
ireland,2,2.646687504126152
necessarily,2,3.189829829152681
competency,2,2.8272597497679732
concerned,2,4.511757924040044
uchronias,2,7.319112846097648
altruistic,2,6.7341503453764915
joint,2,2.961560841479564
chapel,2,3.2747187267391946
prospect,2,3.189829829152681
screening,2,2.89284809139555
modernisation,2,4.511757924040044
autonomy,2,3.4122222504891293
familial,2,4.2316500048473085
temporal,2,2.4122222504891293
centric,2,3.675256656322923
speak,2,1.8761693502489194
nonconformist,2,6.7341503453764915
catholic,2,2.5642253439341793
leavers,2,7.319112846097648
trajectory,2,3.675256656322923
replace,2,2.7044030019824397
texas,2,4.41222225048913
admit,2,4.85968122746035
coalition,2,4.85968122746035
dilemma,2,3.1491878446553354
secondary,2,2.4862228319329063
contamination,2,4.997184751210285
cabinets,2,6.7341503453764915
flow,2,2.961560841479564
emancipatory,2,5.511757924040044
jordan,2,3.2316500048473085
best,2,3.9971847512102854
infancy,2,5.319112846097648
continental,2,4.41222225048913
berbers,2,6.319112846097648
urbanization,2,3.9267954233188873
try,2,2.296745033069193
tailor,2,3.734150345376492
standardise,2,6.7341503453764915
parkland,2,6.7341503453764915
thereby,2,3.511757924040044
manor,2,3.2316500048473085
gloucestershire,2,7.319112846097648
supermarket,2,5.7341503453764915
cashier,2,7.319112846097648
truck,2,7.319112846097648
produs,2,6.7341503453764915
revista,2,3.675256656322923
meal,2,4.511757924040044
dietary,2,3.2316500048473085
modernity,2,3.109659480468698
enough,2,3.319112846097648
conscious,2,4.071185332654062
compulsory,2,5.319112846097648
ccc,2,4.997184751210285
poet,2,3.511757924040044
totally,2,5.511757924040044
publication,2,1.4611318509700757
transnational,2,3.109659480468698
etc,2,2.1491878446553354
municipal,2,3.9971847512102854
calculator,2,5.511757924040044
engineer,2,3.0711853326540623
mature,2,4.511757924040044
consultant,2,5.319112846097648
feature,2,0.8034130078136054
avoid,2,2.5642253439341793
success,2,1.9971847512102852
inscribe,2,4.2316500048473085
years,2,5.511757924040044
classroom,2,2.795550890040635
diffuse,2,4.7341503453764915
enthusiast,2,4.997184751210285
referral,2,4.85968122746035
consultation,2,2.436469796735807
continent,2,3.2316500048473085
assemble,2,3.9971847512102854
perceive,2,1.5246969797475418
unsafe,2,6.319112846097648
intercultural,2,3.618673127956556
tie,2,2.5642253439341793
pesticide,2,4.071185332654062
tear,2,5.997184751210285
politically,2,4.41222225048913
instrument,2,2.189829829152681
reciprocal,2,4.618673127956556
comparable,2,4.071185332654062
outworn,2,7.319112846097648
mending,2,6.319112846097648
efficacy,2,3.319112846097648
block,2,3.189829829152681
establishment,2,2.3418329225977312
extend,2,1.7192000039105202
specialized,2,4.071185332654062
jewish,2,1.6326123189144293
thoroughness,2,6.319112846097648
configure,2,4.511757924040044
entangle,2,5.149187844655335
fragment,2,2.4611318509700757
numerous,2,1.6609013633458534
cognitive,2,2.618673127956556
majority,2,2.0337106272353993
trail,2,3.5642253439341793
planner,2,4.85968122746035
maybe,2,5.997184751210285
doris,2,5.7341503453764915
deborah,2,5.319112846097648
jill,2,5.997184751210285
feasibility,2,3.9267954233188873
quantitative,2,2.210588389319479
orientation,2,2.961560841479564
burden,2,3.5642253439341793
hunting,2,3.9267954233188873
preparation,2,2.4122222504891293
parliamentary,2,4.85968122746035
decolonize,2,4.511757924040044
decolonization,2,3.618673127956556
occur,2,1.9097219099599458
revival,2,3.675256656322923
mongolia,2,5.997184751210285
biological,2,1.961560841479564
safeguarding,2,3.9971847512102854
mankind,2,4.85968122746035
remit,2,6.7341503453764915
appreciate,2,3.511757924040044
hide,2,3.734150345376492
influential,2,4.319112846097648
alessandro,2,5.7341503453764915
psyche,2,5.997184751210285
hiv,2,3.734150345376492
aids,2,4.071185332654062
aspects,2,5.997184751210285
hazard,2,4.319112846097648
repertoire,2,4.997184751210285
cgp,2,4.319112846097648
mhscs,2,7.319112846097648
programs,2,5.7341503453764915
driving,2,6.7341503453764915
zone,2,2.3883755085347618
hobby,2,5.7341503453764915
encased,2,7.319112846097648
sociodemographic,2,5.319112846097648
combination,2,2.7645239944200104
colonization,2,4.319112846097648
taker,2,7.319112846097648
already,2,2.1491878446553354
pragmatism,2,5.149187844655335
aspiration,2,4.071185332654062
exclusively,2,4.618673127956556
inventory,2,2.961560841479564
piece,2,2.253023655639875
singh,2,5.149187844655335
mortality,2,3.9971847512102854
destroy,2,2.8272597497679732
planet,2,3.675256656322923
dunbar,2,5.7341503453764915
computing,2,3.4611318509700757
exclude,2,3.734150345376492
minimize,2,4.618673127956556
scepticism,2,6.7341503453764915
sim,2,6.7341503453764915
casa,2,4.618673127956556
behave,2,5.319112846097648
temperate,2,5.997184751210285
coordination,2,4.41222225048913
essentially,2,4.85968122746035
empathetic,2,6.319112846097648
proof,2,4.7341503453764915
dispense,2,6.319112846097648
kelantan,2,5.7341503453764915
peasant,2,3.675256656322923
postgraduate,2,5.149187844655335
specialization,2,5.511757924040044
agree,2,3.795550890040635
host,2,2.2747187267391946
eldercare,2,5.7341503453764915
doll,2,5.149187844655335
nothing,2,4.149187844655335
oct,2,5.149187844655335
stone,2,1.6326123189144293
mechanic,2,5.319112846097648
baldwin,2,5.997184751210285
tamar,2,5.511757924040044
warke,2,7.319112846097648
indoor,2,2.795550890040635
asthma,2,3.5642253439341793
removal,2,2.795550890040635
listing,2,5.319112846097648
changeable,2,5.319112846097648
copyright,2,2.7645239944200104
genre,2,3.319112846097648
maritime,2,4.511757924040044
exhaustion,2,5.7341503453764915
summarise,2,5.319112846097648
chilean,2,4.511757924040044
safekeeping,2,7.319112846097648
talk,2,3.109659480468698
david,2,2.89284809139555
west,2,1.7192000039105202
diligence,2,6.319112846097648
biology,2,4.149187844655335
tanzania,2,4.2316500048473085
activate,2,3.5642253439341793
icom,2,6.319112846097648
iccrom,2,6.7341503453764915
mertens,2,4.41222225048913
victorian,2,3.734150345376492
minority,2,1.689756226018038
adhere,2,4.319112846097648
else,2,4.85968122746035
varied,2,3.4611318509700757
style,2,1.5117579240400438
happiness,2,3.618673127956556
ethnopharmacology,2,7.319112846097648
copy,2,3.2316500048473085
vis,2,4.071185332654062
roof,2,3.4611318509700757
categorically,2,7.319112846097648
contemplate,2,4.997184751210285
reflective,2,3.618673127956556
ghana,2,3.5642253439341793
zoetis,2,7.319112846097648
orivet,2,7.319112846097648
langford,2,5.319112846097648
literacy,2,3.319112846097648
marriage,2,2.734150345376492
strengthen,2,2.2316500048473085
listen,2,3.9971847512102854
keeping,2,5.149187844655335
village,2,1.1292882872176306
tissue,2,2.9267954233188873
metabolism,2,4.511757924040044
consist,2,2.0711853326540623
cruse,2,7.319112846097648
bereavement,2,4.7341503453764915
single,2,1.961560841479564
translation,2,3.795550890040635
enter,2,2.734150345376492
surprisingly,2,5.997184751210285
cottage,2,4.7341503453764915
fight,2,3.8596812274603507
iii,2,3.9267954233188873
neil,2,5.149187844655335
praise,2,3.5642253439341793
anfi,2,7.319112846097648
digitization,2,2.675256656322923
clinic,2,2.8596812274603507
arrange,2,3.734150345376492
scholarly,2,2.9267954233188873
refocus,2,6.7341503453764915
elisabeth,2,5.7341503453764915
embodied,2,4.2316500048473085
rebecca,2,4.071185332654062
dispute,2,3.5642253439341793
recover,2,2.8272597497679732
handler,2,6.7341503453764915
borrow,2,4.997184751210285
priceless,2,6.7341503453764915
sámi,2,3.8596812274603507
midwife,2,3.734150345376492
individualised,2,6.319112846097648
spark,2,5.149187844655335
rijksmuseum,2,5.149187844655335
prominent,2,3.2747187267391946
primarily,2,1.961560841479564
surface,2,0.7645239944200103
remote,2,1.827259749767973
palliation,2,8.319112846097648
predominantly,2,3.5642253439341793
rancière,2,7.319112846097648
predictability,2,7.319112846097648
mindfulness,2,3.618673127956556
capitalistic,2,7.319112846097648
federal,2,2.4862228319329063
release,2,4.071185332654062
deploy,2,3.5642253439341793
ipi,2,5.511757924040044
nv,2,4.997184751210285
leiden,2,4.7341503453764915
plaster,2,2.618673127956556
preventative,2,5.511757924040044
remedial,2,6.319112846097648
rx,2,6.319112846097648
discriminatory,2,5.997184751210285
et,2,1.0244920972060207
detach,2,4.85968122746035
restraint,2,6.319112846097648
productivity,2,4.997184751210285
trusted,2,6.7341503453764915
representative,2,2.210588389319479
maker,2,2.646687504126152
laura,2,3.0337106272353993
rise,2,1.7645239944200104
slovakia,2,3.0711853326540623
prevalence,2,2.795550890040635
proximity,2,4.2316500048473085
instability,2,5.149187844655335
coast,2,2.8596812274603507
chicc,2,6.319112846097648
grave,2,3.9267954233188873
herbalist,2,4.7341503453764915
mourn,2,5.7341503453764915
reintroduce,2,5.7341503453764915
nova,2,3.734150345376492
publishers,2,3.795550890040635
celebrate,2,3.2747187267391946
sport,2,2.89284809139555
sourdough,2,5.997184751210285
situated,2,4.85968122746035
reexamine,2,6.319112846097648
islam,2,3.9267954233188873
earth,2,2.734150345376492
rage,2,6.319112846097648
oneself,2,4.618673127956556
quilting,2,5.997184751210285
networked,2,4.7341503453764915
replacement,2,4.319112846097648
moletto,2,7.319112846097648
downtown,2,5.7341503453764915
problematic,2,3.8596812274603507
economy,2,1.7192000039105202
ndts,2,7.319112846097648
eoc,2,7.319112846097648
hampi,2,5.319112846097648
appropriateness,2,5.997184751210285
reason,2,1.486222831932906
deficient,2,5.7341503453764915
terrain,2,4.511757924040044
cleanliness,2,5.7341503453764915
irrespective,2,5.997184751210285
applied,2,3.8596812274603507
transmit,2,3.511757924040044
emotionally,2,4.997184751210285
labor,2,2.3649165357107726
microfade,2,6.319112846097648
rule,2,1.7192000039105202
decade,2,0.9971847512102852
multidisciplinary,2,2.961560841479564
fulfill,2,4.997184751210285
reading,2,2.3649165357107726
suit,2,4.7341503453764915
tobacco,2,3.675256656322923
internal,2,2.2747187267391946
findable,2,5.7341503453764915
interoperable,2,6.319112846097648
reusable,2,5.149187844655335
pose,2,2.511757924040044
complementary,2,4.071185332654062
rachel,2,4.41222225048913
discovery,2,2.89284809139555
fernando,2,5.7341503453764915
pereira,2,5.319112846097648
wholistic,2,8.319112846097648
trial,2,4.071185332654062
negating,2,6.7341503453764915
workers,2,5.319112846097648
micro,2,4.071185332654062
interesting,2,2.8272597497679732
centers,2,5.511757924040044
video,2,2.436469796735807
mundane,2,4.41222225048913
heuristic,2,5.997184751210285
analytic,2,4.41222225048913
delineate,2,5.511757924040044
interconnect,2,4.85968122746035
span,2,3.3649165357107726
martin,2,3.0711853326540623
dress,2,3.0711853326540623
sons,2,3.9267954233188873
methodological,2,2.319112846097648
pharmacology,2,4.7341503453764915
pathology,2,3.2747187267391946
trope,2,5.319112846097648
critically,2,2.5642253439341793
core,2,1.827259749767973
genome,2,4.618673127956556
determination,2,3.0711853326540623
phylogeny,2,7.319112846097648
revision,2,3.9971847512102854
fifty,2,4.511757924040044
bellacasa,2,6.7341503453764915
related,2,2.436469796735807
shed,2,2.8596812274603507
coepce,2,7.319112846097648
undergraduate,2,4.149187844655335
starting,2,3.2316500048473085
suffer,2,2.7044030019824397
favour,2,3.9971847512102854
dentistry,2,5.149187844655335
assistants,2,8.319112846097648
hygienists,2,8.319112846097648
geographic,2,3.618673127956556
deinstitutionalization,2,5.511757924040044
correspondence,2,3.319112846097648
original,2,0.7266558088295676
bridge,2,2.015332097920545
prin,2,5.319112846097648
valorization,2,5.149187844655335
sum,2,4.997184751210285
incorporate,2,2.015332097920545
schmitt,2,7.319112846097648
experiences,2,4.319112846097648
kin,2,4.618673127956556
puerto,2,4.2316500048473085
rican,2,5.7341503453764915
ets,2,4.997184751210285
severity,2,4.618673127956556
warrant,2,4.997184751210285
transforming,2,8.319112846097648
prémice,2,8.319112846097648
excellence,2,5.511757924040044
belgique,2,8.319112846097648
hortus,2,7.319112846097648
something,2,2.795550890040635
therapist,2,3.734150345376492
helen,2,3.8596812274603507
underlying,2,4.997184751210285
druqhrnd,2,8.319112846097648
normative,2,3.189829829152681
consistent,2,2.961560841479564
comprise,2,2.4862228319329063
les,2,3.5642253439341793
avancées,2,8.319112846097648
anr,2,8.319112846097648
iv,2,4.2316500048473085
decolonial,2,3.2316500048473085
accountability,2,3.511757924040044
discipline,2,1.1194405012612836
outweigh,2,6.7341503453764915
proportion,2,3.795550890040635
negative,2,2.0711853326540623
soon,2,3.618673127956556
jakac,2,7.319112846097648
september,2,3.5642253439341793
mediate,2,3.5642253439341793
circulate,2,4.618673127956556
agua,2,5.511757924040044
multi,2,1.5642253439341791
optimization,2,4.618673127956556
testing,2,2.675256656322923
pact,2,6.319112846097648
administrative,2,3.319112846097648
necessity,2,2.9971847512102854
soviet,2,2.9971847512102854
collecting,2,3.5642253439341793
deeply,2,2.961560841479564
regression,2,3.9267954233188873
morality,2,5.7341503453764915
diseases,2,5.149187844655335
technological,2,2.2316500048473085
almost,2,2.3418329225977312
auxiliary,2,5.997184751210285
characterisation,2,4.149187844655335
sensibility,2,4.7341503453764915
objects,2,4.319112846097648
entail,2,4.071185332654062
formulate,2,3.8596812274603507
michael,2,2.89284809139555
yield,2,3.9971847512102854
categorize,2,4.149187844655335
nine,2,3.795550890040635
marion,2,5.7341503453764915
bible,2,4.319112846097648
chemical,2,2.2747187267391946
rights,2,2.3649165357107726
sphere,2,3.3649165357107726
academy,2,2.5911923915344484
sciences,2,1.8761693502489194
push,2,4.071185332654062
mdpi,2,3.675256656322923
critic,2,4.41222225048913
valid,2,4.511757924040044
accuracy,2,3.795550890040635
crown,2,4.618673127956556
cooperate,2,4.511757924040044
fairness,2,5.511757924040044
addiction,2,5.997184751210285
depression,2,4.319112846097648
advance,2,1.9971847512102852
diabetes,2,3.675256656322923
api,2,6.319112846097648
flock,2,5.997184751210285
dexterity,2,6.7341503453764915
beautiful,2,4.149187844655335
biodiversity,2,2.0337106272353993
normal,2,3.675256656322923
recognition,2,1.6466875041261522
audiovisual,2,4.7341503453764915
customer,2,4.618673127956556
clothing,2,3.5642253439341793
leprosy,2,6.7341503453764915
multimedia,2,3.4122222504891293
norm,2,2.511757924040044
legislation,2,2.0523263054027465
historiography,2,4.319112846097648
cell,2,4.071185332654062
impose,2,3.189829829152681
jews,2,4.2316500048473085
accommodation,2,5.511757924040044
constantly,2,3.319112846097648
croatia,2,3.0337106272353993
colour,2,3.189829829152681
angela,2,4.319112846097648
faculty,2,2.2747187267391946
ethnography,2,2.618673127956556
crime,2,4.071185332654062
romans,2,5.511757924040044
stand,2,2.109659480468698
vessel,2,2.961560841479564
robust,2,3.3649165357107726
foucault,2,3.9971847512102854
stuff,2,5.511757924040044
controversy,2,3.4611318509700757
greek,2,2.8596812274603507
america,2,1.5642253439341791
onto,2,3.511757924040044
sacrifice,2,4.85968122746035
mural,2,3.5642253439341793
legitimise,2,6.7341503453764915
overlook,2,3.189829829152681
invite,2,2.7044030019824397
transportation,2,3.9971847512102854
ciencias,2,4.511757924040044
dod,2,3.9267954233188873
deer,2,5.7341503453764915
cannibalism,2,6.319112846097648
antique,2,5.149187844655335
late,2,0.8515072960146503
biocultural,2,2.0902941556017667
circle,2,3.4611318509700757
botanical,2,3.795550890040635
custodian,2,3.2747187267391946
deities,2,7.319112846097648
regional,2,1.448748126514243
transparency,2,4.41222225048913
oversee,2,5.7341503453764915
facilitation,2,5.149187844655335
pillar,2,4.149187844655335
emigrants,2,5.997184751210285
afford,2,4.41222225048913
storytelle,2,4.2316500048473085
broadly,2,3.4122222504891293
passive,2,3.795550890040635
inter,2,2.9971847512102854
mechanism,2,2.015332097920545
nevertheless,2,2.8596812274603507
internationally,2,3.5642253439341793
postnatal,2,7.319112846097648
victoria,2,2.4122222504891293
slow,2,2.89284809139555
appeal,2,3.2316500048473085
furey,2,5.7341503453764915
animate,2,4.7341503453764915
na,2,2.5911923915344484
copenhagen,2,5.7341503453764915
elaborate,2,3.4122222504891293
meet,2,1.4242950827897043
presentation,2,2.436469796735807
thomas,2,2.9971847512102854
inequality,2,2.296745033069193
respectively,2,3.675256656322923
authors,2,3.319112846097648
sex,2,2.4122222504891293
amount,2,2.7645239944200104
upfront,2,7.319112846097648
clear,2,1.8596812274603507
promise,2,3.319112846097648
restore,2,2.4122222504891293
sea,2,1.961560841479564
recommendation,2,2.0523263054027465
repatriated,2,6.319112846097648
decomposition,2,7.319112846097648
kwertengerl,2,6.319112846097648
intermingle,2,6.7341503453764915
weave,2,3.795550890040635
planetary,2,4.511757924040044
list,2,1.7341503453764917
renew,2,3.319112846097648
dissociation,2,6.319112846097648
circular,2,3.2747187267391946
proposal,2,2.3649165357107726
sociological,2,3.675256656322923
caregiving,2,5.149187844655335
baroque,2,4.2316500048473085
groys,2,5.7341503453764915
permanent,2,2.3418329225977312
quest,2,4.7341503453764915
processes,2,5.997184751210285
distant,2,3.8596812274603507
articulate,2,2.8272597497679732
expert,2,1.7955508900406347
nagpra,2,4.319112846097648
damage,2,1.0429884408234105
marie,2,3.9971847512102854
stay,2,3.319112846097648
selachian,2,6.319112846097648
subsidize,2,6.7341503453764915
ambivalent,2,5.149187844655335
isotope,2,3.2747187267391946
cover,2,1.7799540349896166
ink,2,3.9971847512102854
occupation,2,2.618673127956556
choose,2,2.109659480468698
amongst,2,2.961560841479564
antiviral,2,6.319112846097648
initially,2,3.8596812274603507
buren,2,4.511757924040044
clearly,2,2.9267954233188873
dual,2,4.2316500048473085
investigation,2,1.2001717733741402
boundary,2,2.9971847512102854
hierarchy,2,3.189829829152681
recognise,2,2.296745033069193
latvia,2,3.8596812274603507
speech,2,2.9267954233188873
unusual,2,4.7341503453764915
never,2,2.7044030019824397
fully,2,2.319112846097648
ii,2,2.210588389319479
underscore,2,3.0711853326540623
scope,2,2.3649165357107726
transcend,2,4.85968122746035
scrutinize,2,4.618673127956556
endanger,2,3.734150345376492
assure,2,5.319112846097648
floppy,2,7.319112846097648
famous,2,2.961560841479564
disk,2,6.7341503453764915
culminate,2,4.511757924040044
commit,2,3.109659480468698
van,2,1.7492572377667002
martindale,2,7.319112846097648
supernant,2,7.319112846097648
kisha,2,7.319112846097648
elvidge,2,7.319112846097648
sharing,2,2.9971847512102854
livelihood,2,3.9971847512102854
nair,2,7.319112846097648
velayudhan,2,7.319112846097648
wilk,2,6.7341503453764915
napier,2,6.7341503453764915
cope,2,4.319112846097648
orphanage,2,4.85968122746035
regulation,2,1.979262843213023
intersubjective,2,5.997184751210285
relatedness,2,5.319112846097648
happen,2,2.795550890040635
producing,2,7.319112846097648
successful,2,2.319112846097648
pou,2,4.997184751210285
colleague,2,3.5642253439341793
latino,2,3.2316500048473085
alleviate,2,5.319112846097648
express,2,2.0902941556017667
consult,2,3.734150345376492
wellness,2,3.4611318509700757
consume,2,3.734150345376492
commerce,2,5.997184751210285
hallmark,2,6.319112846097648
format,2,3.0337106272353993
literary,2,2.5642253439341793
independent,2,2.2747187267391946
ideal,2,2.2316500048473085
teresa,2,5.149187844655335
guillermo,2,5.997184751210285
curating,2,4.319112846097648
historically,2,2.7044030019824397
equitable,2,4.511757924040044
façade,2,5.149187844655335
distribute,2,2.319112846097648
edition,2,3.2747187267391946
internet,2,2.734150345376492
struggle,2,2.646687504126152
farm,2,3.0337106272353993
vulnerable,2,2.8272597497679732
necessitate,2,4.2316500048473085
decorative,2,2.9971847512102854
occasionally,2,4.41222225048913
funeral,2,4.7341503453764915
align,2,3.2747187267391946
rough,2,5.319112846097648
defend,2,4.319112846097648
willingness,2,4.618673127956556
veteran,2,3.5642253439341793
oohc,2,6.7341503453764915
supplement,2,3.511757924040044
loan,2,3.9971847512102854
reverence,2,4.997184751210285
extreme,2,2.961560841479564
robert,2,2.89284809139555
referinţă,2,7.319112846097648
commercial,2,2.2747187267391946
manufacturing,2,4.41222225048913
collaboratively,2,3.675256656322923
relationality,2,4.319112846097648
danger,2,3.4611318509700757
contradiction,2,3.9267954233188873
swift,2,5.319112846097648
transformation,2,1.2105883893194789
simone,2,4.7341503453764915
porto,2,5.319112846097648
circumscribe,2,5.7341503453764915
table,2,3.9971847512102854
prevalent,2,4.511757924040044
outer,2,4.85968122746035
costume,2,4.149187844655335
wildlife,2,5.149187844655335
official,2,2.2316500048473085
multiculturalism,2,4.618673127956556
prescribing,2,6.319112846097648
sibling,2,4.85968122746035
really,2,4.149187844655335
obstetric,2,4.85968122746035
southwest,2,3.795550890040635
prosocial,2,6.319112846097648
equality,2,3.2747187267391946
nihr,2,7.319112846097648
feedback,2,3.4611318509700757
oecd,2,5.997184751210285
easy,2,2.675256656322923
audience,2,1.7044030019824399
marking,2,5.511757924040044
beneficiary,2,5.511757924040044
coverage,2,3.675256656322923
ana,2,3.9267954233188873
inaccessible,2,5.149187844655335
encyclical,2,6.7341503453764915
barbara,2,3.734150345376492
compromise,2,3.618673127956556
dla,2,6.7341503453764915
cut,2,2.89284809139555
honesty,2,5.7341503453764915
dependence,2,3.511757924040044
dialect,2,2.795550890040635
anne,2,3.4122222504891293
există,2,6.319112846097648
eastern,2,2.0711853326540623
analytical,2,2.3883755085347618
landmark,2,4.071185332654062
ill,2,3.319112846097648
underline,2,4.997184751210285
feeling,2,3.189829829152681
poland,2,1.675256656322923
option,2,3.109659480468698
diagnose,2,3.675256656322923
reciprocity,2,4.618673127956556
progress,2,2.1491878446553354
legacies,2,6.319112846097648
elizabeth,2,3.2747187267391946
loose,2,6.319112846097648
monitor,2,2.618673127956556
numerical,2,4.319112846097648
reminiscence,2,4.41222225048913
mediation,2,3.5642253439341793
professionalism,2,3.795550890040635
laxative,2,8.319112846097648
respiratory,2,5.149187844655335
ruggiero,1,7.319112846097648
suggestion,1,1.961560841479564
fluctuate,1,4.511757924040044
spectrum,1,2.9267954233188873
defi,1,5.319112846097648
nostalgia,1,3.618673127956556
fundamentally,1,4.319112846097648
appraisals,1,7.319112846097648
favourable,1,4.997184751210285
kids,1,5.7341503453764915
comitatul,1,7.319112846097648
guido,1,5.319112846097648
békés,1,6.319112846097648
diagnosing,1,7.319112846097648
despre,1,5.319112846097648
catarama,1,7.319112846097648
kimberlé,1,7.319112846097648
etruscan,1,5.319112846097648
amy,1,3.511757924040044
gânduri,1,7.319112846097648
polyvalence,1,7.319112846097648
morisetti,1,7.319112846097648
unexamined,1,6.319112846097648
dogmatic,1,7.319112846097648
montuori,1,6.319112846097648
woolford,1,7.319112846097648
kadeem,1,5.7341503453764915
bangalang,1,7.319112846097648
urm,1,5.7341503453764915
equate,1,4.997184751210285
incentive,1,2.9971847512102854
advantage,1,1.8928480913955499
timeline,1,4.511757924040044
interlocutor,1,4.319112846097648
laurieston,1,5.7341503453764915
dissemination,1,1.6466875041261522
nacional,1,3.0711853326540623
autonoma,1,6.319112846097648
interpellation,1,7.319112846097648
anatomical,1,2.9971847512102854
legitimize,1,7.319112846097648
wilderness,1,3.0711853326540623
lecce,1,5.319112846097648
godhavn,1,5.319112846097648
toniolo,1,5.7341503453764915
captive,1,3.511757924040044
rashitovna,1,7.319112846097648
fedorova,1,7.319112846097648
adequately,1,3.2316500048473085
individualized,1,5.7341503453764915
toxicity,1,4.149187844655335
sadistic,1,7.319112846097648
cessation,1,4.511757924040044
usa,1,3.319112846097648
examining,1,5.7341503453764915
physiologically,1,6.319112846097648
decide,1,2.0711853326540623
siena,1,4.149187844655335
diary,1,3.4122222504891293
substantially,1,3.618673127956556
density,1,2.319112846097648
compensation,1,4.149187844655335
hayley,1,6.319112846097648
subdue,1,7.319112846097648
waterton,1,6.319112846097648
guzel,1,7.319112846097648
boys,1,4.997184751210285
muzeologia,1,4.7341503453764915
olfactory,1,4.511757924040044
kulturne,1,3.9971847512102854
vodă,1,5.319112846097648
căpușan,1,5.319112846097648
critica,1,7.319112846097648
teatru,1,4.997184751210285
refuză,1,7.319112846097648
cronica,1,7.319112846097648
spectacol,1,7.319112846097648
saint,1,2.5642253439341793
finland,1,3.0711853326540623
finance,1,2.618673127956556
injure,1,5.7341503453764915
patočka,1,4.7341503453764915
lend,1,3.618673127956556
humanitari,1,7.319112846097648
approval,1,4.149187844655335
naomi,1,3.9971847512102854
boyfriend,1,6.319112846097648
terytorialnych,1,7.319112846097648
dissolution,1,4.511757924040044
fibrosis,1,6.319112846097648
rivas,1,6.319112846097648
rupture,1,3.2316500048473085
posthuman,1,3.8596812274603507
ismaili,1,4.997184751210285
mohamed,1,4.319112846097648
oman,1,5.319112846097648
cumzuqcb,1,7.319112846097648
janelle,1,7.319112846097648
pineda,1,7.319112846097648
simplicity,1,5.319112846097648
leaser,1,5.7341503453764915
tribute,1,3.9971847512102854
grandmother,1,3.511757924040044
abroad,1,2.8596812274603507
exhibiting,1,6.319112846097648
investor,1,3.9971847512102854
swedish,1,2.8596812274603507
lpfö,1,5.7341503453764915
kuusisto,1,5.7341503453764915
cystic,1,6.319112846097648
promotive,1,7.319112846097648
reproductive,1,3.618673127956556
urgent,1,1.8928480913955499
hgjjyiet,1,7.319112846097648
patriotism,1,4.149187844655335
como,1,2.618673127956556
cuidado,1,2.795550890040635
moderate,1,2.9267954233188873
boris,1,4.997184751210285
conceptualization,1,4.319112846097648
concluding,1,5.319112846097648
synthesis,1,3.0711853326540623
reorientation,1,6.319112846097648
philosophical,1,1.4364697967358067
preservare,1,7.319112846097648
il,1,2.5642253439341793
passato,1,7.319112846097648
orientate,1,5.7341503453764915
ludwika,1,6.319112846097648
karolina,1,5.7341503453764915
following,1,2.511757924040044
metaparadigm,1,7.319112846097648
coparticipant,1,7.319112846097648
generous,1,4.149187844655335
thekga,1,6.319112846097648
britta,1,7.319112846097648
marginalisation,1,4.7341503453764915
running,1,4.511757924040044
microscope,1,3.8596812274603507
khalid,1,6.319112846097648
reinvented,1,7.319112846097648
imamate,1,5.7341503453764915
laboratory,1,1.1096594804686981
test,1,0.18982982915268135
liberia,1,6.319112846097648
pathogenicity,1,7.319112846097648
sierra,1,4.149187844655335
leone,1,3.618673127956556
unlikely,1,4.511757924040044
sandhills,1,5.319112846097648
gravier,1,7.319112846097648
proj,1,7.319112846097648
ect,1,7.319112846097648
exacerbate,1,3.319112846097648
poorquality,1,7.319112846097648
empowerment,1,1.8596812274603507
connectivity,1,3.8596812274603507
stereo,1,4.997184751210285
slaughter,1,5.7341503453764915
tenant,1,5.7341503453764915
burial,1,0.6897562260180382
timişoara,1,4.7341503453764915
finalization,1,7.319112846097648
immaterial,1,3.734150345376492
rhythmicity,1,7.319112846097648
vitality,1,4.7341503453764915
gathering,1,2.795550890040635
purposely,1,7.319112846097648
drink,1,3.0711853326540623
ailment,1,3.4122222504891293
isan,1,3.8596812274603507
imaging,1,1.4122222504891293
manchester,1,3.511757924040044
parturition,1,7.319112846097648
pregnant,1,5.319112846097648
berkeley,1,5.7341503453764915
capability,1,3.2316500048473085
reliance,1,3.2316500048473085
harvesting,1,4.319112846097648
intersectional,1,2.9971847512102854
nclude,1,7.319112846097648
motivation,1,1.9267954233188873
frankfurt,1,6.319112846097648
edifice,1,5.319112846097648
multilingual,1,3.8596812274603507
aestheticize,1,6.319112846097648
importantly,1,2.618673127956556
discursive,1,3.319112846097648
păcate,1,7.319112846097648
prea,1,7.319112846097648
putine,1,7.319112846097648
informaţii,1,7.319112846097648
vremea,1,7.319112846097648
când,1,6.319112846097648
tabloul,1,7.319112846097648
începutul,1,7.319112846097648
sec,1,5.319112846097648
xix,1,4.511757924040044
îl,1,7.319112846097648
reprezintapă,1,6.319112846097648
sf,1,4.511757924040044
anton,1,4.511757924040044
cel,1,6.319112846097648
illuminate,1,1.9267954233188873
woodiwis,1,6.319112846097648
pictor,1,6.319112846097648
somerville,1,7.319112846097648
voivodship,1,5.7341503453764915
undoubtedly,1,3.9971847512102854
lower,1,4.149187844655335
brother,1,3.319112846097648
evening,1,5.319112846097648
chc,1,4.7341503453764915
additional,1,1.0337106272353995
rose,1,3.1491878446553354
morningstar,1,7.319112846097648
meneghini,1,7.319112846097648
luigi,1,4.511757924040044
nomadic,1,4.511757924040044
livestock,1,3.9971847512102854
breeder,1,6.319112846097648
weak,1,3.4122222504891293
origin,1,0.3191128460976479
domestication,1,3.8596812274603507
saram,1,6.319112846097648
wendy,1,4.511757924040044
acestui,1,6.319112846097648
mai,1,2.8596812274603507
latin,1,1.675256656322923
commercialization,1,3.734150345376492
unsustainability,1,6.319112846097648
knight,1,5.7341503453764915
brežice,1,7.319112846097648
front,1,3.2316500048473085
mitigation,1,2.675256656322923
elyse,1,7.319112846097648
tucker,1,3.9971847512102854
yngiapgd,1,7.319112846097648
alexa,1,6.319112846097648
jam,1,4.149187844655335
electronic,1,2.8596812274603507
pro,1,3.618673127956556
con,1,3.0711853326540623
stratigraphy,1,3.8596812274603507
stir,1,6.319112846097648
nephew,1,4.997184751210285
branch,1,2.5642253439341793
palacio,1,5.7341503453764915
genetics,1,6.319112846097648
tackle,1,2.8596812274603507
hundred,1,2.189829829152681
putin,1,7.319112846097648
ten,1,2.0711853326540623
cunoscut,1,7.319112846097648
deşi,1,7.319112846097648
remarcată,1,7.319112846097648
incă,1,7.319112846097648
perioada,1,4.997184751210285
miniatură,1,7.319112846097648
fildeş,1,7.319112846097648
decorează,1,7.319112846097648
pudrieră,1,7.319112846097648
făcută,1,7.319112846097648
familie,1,6.319112846097648
cornu,1,5.319112846097648
poate,1,6.319112846097648
fi,1,3.8596812274603507
identificat,1,5.7341503453764915
jean,1,2.8596812274603507
providential,1,7.319112846097648
relieve,1,5.7341503453764915
postmortem,1,6.319112846097648
praktyka,1,7.319112846097648
prawny,1,7.319112846097648
charakter,1,6.319112846097648
rat,1,3.0711853326540623
ticketing,1,6.319112846097648
spaces,1,3.4122222504891293
multipurpose,1,5.7341503453764915
continuously,1,3.0711853326540623
quilt,1,4.7341503453764915
exclusivity,1,6.319112846097648
luxury,1,4.997184751210285
quiedit,1,7.319112846097648
atsuko,1,7.319112846097648
multidimensional,1,5.7341503453764915
impede,1,4.7341503453764915
prolonged,1,5.319112846097648
walk,1,1.7645239944200104
patna,1,6.319112846097648
anu,1,4.997184751210285
sandeep,1,7.319112846097648
himalayas,1,4.511757924040044
udhampur,1,6.319112846097648
mix,1,2.675256656322923
favorably,1,5.7341503453764915
psychotherapy,1,3.8596812274603507
greatly,1,2.319112846097648
salvador,1,4.319112846097648
kulturlandschaftspflege,1,6.319112846097648
møller,1,7.319112846097648
surrogate,1,3.734150345376492
delicate,1,3.618673127956556
alps,1,6.319112846097648
extinction,1,3.1491878446553354
extinct,1,3.9971847512102854
genuinely,1,5.7341503453764915
houses,1,5.319112846097648
requalification,1,7.319112846097648
stock,1,2.734150345376492
pick,1,4.319112846097648
grace,1,4.511757924040044
reconciliation,1,4.7341503453764915
duly,1,7.319112846097648
treaty,1,3.319112846097648
epagqkai,1,7.319112846097648
alzheimer,1,2.9971847512102854
perceptions,1,5.7341503453764915
correlation,1,2.319112846097648
iran,1,2.511757924040044
tba,1,4.997184751210285
lodzkie,1,7.319112846097648
exploratory,1,2.9971847512102854
occupy,1,2.2747187267391946
swist,1,7.319112846097648
meaningfully,1,4.319112846097648
wil,1,4.511757924040044
agreement,1,1.5117579240400438
catholics,1,5.7341503453764915
nunklam,1,7.319112846097648
direk,1,7.319112846097648
nuthongkaew,1,7.319112846097648
kantaphon,1,7.319112846097648
chimhad,1,7.319112846097648
monk,1,2.5642253439341793
robbery,1,4.997184751210285
dzong,1,6.319112846097648
skillful,1,7.319112846097648
burdensome,1,7.319112846097648
commercially,1,4.319112846097648
cherry,1,4.319112846097648
ciencia,1,5.319112846097648
da,1,1.4122222504891293
mimic,1,4.511757924040044
lithuania,1,2.795550890040635
towarzystwo,1,4.997184751210285
naukowe,1,5.319112846097648
pande,1,7.319112846097648
interweave,1,3.9971847512102854
exploitative,1,5.7341503453764915
neonatal,1,5.319112846097648
grand,1,2.5642253439341793
duchy,1,5.7341503453764915
diminish,1,4.997184751210285
aborigine,1,4.997184751210285
existential,1,2.9971847512102854
nelson,1,3.4122222504891293
williamsburg,1,5.7341503453764915
frances,1,3.511757924040044
cloud,1,2.9267954233188873
materialize,1,4.997184751210285
precarious,1,3.734150345376492
ot,1,4.7341503453764915
recuperación,1,6.319112846097648
bwpewrhm,1,7.319112846097648
paula,1,5.319112846097648
liberal,1,2.511757924040044
guardian,1,3.8596812274603507
accordance,1,2.675256656322923
decimate,1,5.319112846097648
august,1,2.9971847512102854
iraq,1,3.734150345376492
challenging,1,2.189829829152681
drums,1,7.319112846097648
complacer,1,7.319112846097648
contested,1,3.511757924040044
tell,1,1.3418329225977312
interrogate,1,3.0711853326540623
nonhuman,1,2.795550890040635
irreducible,1,6.319112846097648
reproducible,1,5.7341503453764915
histories,1,5.319112846097648
melbourne,1,3.8596812274603507
respite,1,5.7341503453764915
monthly,1,4.997184751210285
unify,1,4.997184751210285
accompany,1,1.9267954233188873
mari,1,5.7341503453764915
careful,1,2.189829829152681
academe,1,6.319112846097648
appalachia,1,4.7341503453764915
potency,1,5.319112846097648
symbol,1,1.961560841479564
ethos,1,2.8596812274603507
dan,1,3.8596812274603507
pratique,1,4.997184751210285
documentaire,1,7.319112846097648
expérimentation,1,7.319112846097648
liquidity,1,7.319112846097648
marxism,1,5.7341503453764915
libraries,1,4.149187844655335
modernize,1,4.149187844655335
austerity,1,3.511757924040044
conceptualise,1,3.319112846097648
candida,1,6.319112846097648
baden,1,5.7341503453764915
joel,1,4.7341503453764915
geo,1,3.0711853326540623
teodora,1,7.319112846097648
urgency,1,3.618673127956556
robotic,1,5.319112846097648
scientifique,1,5.319112846097648
savage,1,5.7341503453764915
frazer,1,6.319112846097648
wit,1,2.9267954233188873
disengage,1,6.319112846097648
selfish,1,5.7341503453764915
ignatii,1,4.319112846097648
speculative,1,3.8596812274603507
cloth,1,2.4611318509700757
okechukwu,1,7.319112846097648
chinwe,1,7.319112846097648
communities,1,2.511757924040044
recur,1,3.9971847512102854
equally,1,2.675256656322923
unintentionally,1,4.511757924040044
assimilative,1,7.319112846097648
councils,1,5.319112846097648
willing,1,3.618673127956556
regenerate,1,4.997184751210285
holding,1,3.1491878446553354
mobilizing,1,6.319112846097648
regenerative,1,3.618673127956556
presumably,1,5.319112846097648
situation,1,0.1392037560827135
deny,1,4.149187844655335
sixty,1,5.7341503453764915
fear,1,2.189829829152681
storyaid,1,6.319112846097648
expectant,1,7.319112846097648
uttarakhand,1,5.319112846097648
agri,1,5.7341503453764915
portion,1,3.319112846097648
são,1,3.9971847512102854
zirconium,1,7.319112846097648
ganga,1,6.319112846097648
rafaela,1,4.997184751210285
davy,1,6.319112846097648
scalability,1,5.7341503453764915
poster,1,4.7341503453764915
normalization,1,4.997184751210285
stigmatization,1,6.319112846097648
katherine,1,3.1491878446553354
jacobs,1,5.319112846097648
voices,1,5.319112846097648
yes,1,5.319112846097648
éditions,1,7.319112846097648
velasco,1,6.319112846097648
partea,1,6.319112846097648
artistii,1,7.319112846097648
donat,1,7.319112846097648
lucrari,1,7.319112846097648
sunt,1,4.511757924040044
sieglinde,1,6.319112846097648
reprezinta,1,7.319112846097648
donatia,1,7.319112846097648
elisa,1,5.319112846097648
cantaragiu,1,6.319112846097648
cuprinde,1,7.319112846097648
peste,1,6.319112846097648
fdcute,1,7.319112846097648
seban,1,7.319112846097648
donatpiese,1,7.319112846097648
semnate,1,6.319112846097648
casia,1,6.319112846097648
threat,1,1.1898298291526814
profess,1,4.7341503453764915
comment,1,2.675256656322923
unor,1,5.319112846097648
muzeu,1,6.319112846097648
potentially,1,1.7955508900406347
expozitii,1,6.319112846097648
carabinieri,1,7.319112846097648
nucleo,1,7.319112846097648
kawula,1,7.319112846097648
mensaje,1,7.319112846097648
successive,1,3.734150345376492
encircle,1,6.319112846097648
transcendent,1,7.319112846097648
intere,1,7.319112846097648
dezvoltarea,1,7.319112846097648
patrimoniului,1,6.319112846097648
administrează,1,7.319112846097648
conserva,1,7.319112846097648
cercetează,1,7.319112846097648
valoriflca,1,7.319112846097648
donatii,1,5.7341503453764915
ale,1,3.734150345376492
artistilor,1,7.319112846097648
contemporani,1,7.319112846097648
organizat,1,7.319112846097648
back,1,0.6186731279565557
lessons,1,5.7341503453764915
lang,1,4.511757924040044
varaždin,1,4.7341503453764915
wayne,1,5.319112846097648
augustat,1,7.319112846097648
confronting,1,7.319112846097648
afterlives,1,7.319112846097648
professionalisation,1,5.319112846097648
restitution,1,2.2316500048473085
dalmatinka,1,4.7341503453764915
apace,1,7.319112846097648
night,1,3.2316500048473085
remission,1,7.319112846097648
transients,1,5.7341503453764915
khudabakhsh,1,6.319112846097648
oriental,1,3.511757924040044
ооо,1,7.319112846097648
консилиум,1,7.319112846097648
медикум,1,7.319112846097648
г,1,7.319112846097648
microclimate,1,3.4122222504891293
closely,1,2.0711853326540623
ring,1,3.8596812274603507
karlovac,1,5.319112846097648
examination,1,1.2530236556398753
centralise,1,7.319112846097648
possession,1,3.2316500048473085
tempting,1,7.319112846097648
particularity,1,3.734150345376492
london,1,0.4611318509700757
grant,1,1.7044030019824399
blu,1,5.7341503453764915
liberalism,1,4.149187844655335
struc,1,7.319112846097648
ture,1,5.7341503453764915
resourcefulness,1,6.319112846097648
ing,1,3.9971847512102854
classify,1,2.1491878446553354
biopolitic,1,4.997184751210285
biopolitical,1,5.319112846097648
enquiry,1,4.511757924040044
amsterdam,1,4.319112846097648
concurrently,1,6.319112846097648
intuition,1,4.319112846097648
yuki,1,6.319112846097648
commodity,1,3.8596812274603507
hindu,1,3.618673127956556
exceptional,1,2.8596812274603507
olomouc,1,4.7341503453764915
rescue,1,2.795550890040635
line,1,0.6752566563229231
pasts,1,7.319112846097648
punctum,1,7.319112846097648
semiotic,1,4.7341503453764915
reasonable,1,3.9971847512102854
consistently,1,3.511757924040044
compliance,1,2.618673127956556
grabill,1,6.319112846097648
jeffrey,1,4.7341503453764915
ellenbogen,1,7.319112846097648
kirsten,1,4.997184751210285
chicken,1,5.7341503453764915
bordering,1,7.319112846097648
malaysian,1,4.319112846097648
empirically,1,4.511757924040044
colombia,1,3.0711853326540623
catarina,1,4.511757924040044
viegas,1,6.319112846097648
interdisciplinaria,1,6.319112846097648
heterogeneity,1,3.319112846097648
interspecie,1,4.511757924040044
credit,1,2.511757924040044
muzeului,1,3.734150345376492
dacoromania,1,6.319112846097648
apărut,1,7.319112846097648
între,1,6.319112846097648
catholicism,1,4.7341503453764915
chaplaincy,1,6.319112846097648
deception,1,6.319112846097648
persuasive,1,5.7341503453764915
tide,1,4.997184751210285
pembroke,1,7.319112846097648
deconstructivism,1,5.319112846097648
visionof,1,7.319112846097648
endless,1,6.319112846097648
horizonof,1,7.319112846097648
onceand,1,7.319112846097648
oceania,1,7.319112846097648
evolutionist,1,6.319112846097648
incontrovertible,1,7.319112846097648
perspectives,1,4.7341503453764915
carla,1,4.997184751210285
backdrop,1,4.319112846097648
simulation,1,2.8596812274603507
exprimarea,1,7.319112846097648
dezvoltare,1,7.319112846097648
acestei,1,6.319112846097648
sfere,1,7.319112846097648
intră,1,7.319112846097648
cuproiectia,1,7.319112846097648
artistică,1,7.319112846097648
net,1,3.618673127956556
judgement,1,4.7341503453764915
confidence,1,2.618673127956556
weakness,1,3.511757924040044
flu,1,6.319112846097648
diabetic,1,6.319112846097648
ketoacidosis,1,7.319112846097648
intravenous,1,6.319112846097648
antibiotic,1,5.7341503453764915
resume,1,4.997184751210285
spot,1,3.8596812274603507
dark,1,2.4122222504891293
cecilia,1,5.319112846097648
valorii,1,7.319112846097648
asigurd,1,7.319112846097648
insert,1,4.319112846097648
nou,1,6.319112846097648
cohesion,1,2.734150345376492
experimentation,1,3.9971847512102854
cadaver,1,7.319112846097648
deepen,1,2.9971847512102854
rid,1,5.7341503453764915
geology,1,3.618673127956556
salary,1,5.7341503453764915
principele,1,7.319112846097648
mircea,1,7.319112846097648
alinarea,1,7.319112846097648
asylum,1,1.9971847512102852
počátky,1,6.319112846097648
mourning,1,3.618673127956556
grief,1,2.9971847512102854
bildung,1,6.319112846097648
sloterdijk,1,6.319112846097648
kršnjavi,1,5.319112846097648
unui,1,6.319112846097648
subiectiv,1,7.319112846097648
buletinului,1,7.319112846097648
publicarea,1,7.319112846097648
săptămânale,1,7.319112846097648
confront,1,1.8928480913955499
penalty,1,6.319112846097648
prejudice,1,3.0711853326540623
redesign,1,4.7341503453764915
stylish,1,7.319112846097648
freestanding,1,7.319112846097648
stagger,1,7.319112846097648
shelf,1,2.9267954233188873
hang,1,3.9971847512102854
gołuchów,1,6.319112846097648
motherly,1,6.319112846097648
presently,1,3.8596812274603507
ssf,1,4.7341503453764915
formal,1,1.3418329225977312
unknown,1,1.827259749767973
periodic,1,4.997184751210285
symbolic,1,1.4122222504891293
friendship,1,3.8596812274603507
force,1,0.577645859696501
overseas,1,4.7341503453764915
carefully,1,2.189829829152681
rancièrian,1,7.319112846097648
şedinţelor,1,7.319112846097648
intersect,1,3.618673127956556
radar,1,4.319112846097648
radargrams,1,7.319112846097648
families,1,3.734150345376492
viola,1,4.511757924040044
nzira,1,7.319112846097648
anthony,1,3.511757924040044
riet,1,6.319112846097648
pamela,1,5.7341503453764915
margaret,1,4.149187844655335
seminal,1,4.997184751210285
kit,1,3.618673127956556
similarly,1,3.2316500048473085
empirical,1,1.7645239944200104
preferable,1,7.319112846097648
dignified,1,4.997184751210285
vaughan,1,5.319112846097648
ranciere,1,7.319112846097648
conceive,1,2.4122222504891293
writing,1,1.3883755085347618
revamp,1,7.319112846097648
mobilise,1,3.8596812274603507
liveli,1,7.319112846097648
hood,1,6.319112846097648
convey,1,2.511757924040044
protective,1,2.319112846097648
boy,1,3.4122222504891293
missouri,1,3.734150345376492
behest,1,6.319112846097648
sallekhana,1,6.319112846097648
videotape,1,7.319112846097648
juno,1,7.319112846097648
cruelty,1,4.7341503453764915
weal,1,7.319112846097648
run,1,1.2316500048473085
mcp,1,5.7341503453764915
interpreting,1,6.319112846097648
lep,1,5.319112846097648
frontier,1,4.149187844655335
marilor,1,6.319112846097648
se,1,2.3649165357107726
adaugă,1,7.319112846097648
organizarea,1,7.319112846097648
endeavour,1,3.734150345376492
displacement,1,2.2747187267391946
programmes,1,6.319112846097648
بوصفه,1,6.319112846097648
unsavory,1,7.319112846097648
janm,1,6.319112846097648
schooling,1,4.997184751210285
edit,1,2.795550890040635
stephanie,1,4.319112846097648
الاسترداد,1,7.319112846097648
الثقافي,1,7.319112846097648
التعاوني,1,7.319112846097648
علائقية,1,7.319112846097648
spite,1,4.149187844655335
transitive,1,7.319112846097648
foreground,1,2.618673127956556
centrality,1,4.149187844655335
mississippian,1,4.149187844655335
cowan,1,4.511757924040044
enhancing,1,7.319112846097648
storie,1,7.319112846097648
joanna,1,4.149187844655335
propaganda,1,4.7341503453764915
avoidance,1,4.7341503453764915
knowingly,1,6.319112846097648
mokeona,1,7.319112846097648
mazel,1,4.997184751210285
graham,1,4.319112846097648
resilience,1,0.8928480913955499
formalise,1,5.7341503453764915
patricia,1,2.675256656322923
odyssey,1,6.319112846097648
ceramic,1,2.618673127956556
alnzerala,1,7.319112846097648
isabel,1,4.511757924040044
unvarnished,1,5.319112846097648
oil,1,1.4611318509700757
budget,1,2.511757924040044
monastic,1,3.9971847512102854
depersonalize,1,7.319112846097648
recording,1,1.6186731279565556
air,1,0.827259749767973
dutch,1,1.7955508900406347
childcare,1,2.795550890040635
millstone,1,4.997184751210285
eco,1,3.0711853326540623
hlonipha,1,5.319112846097648
tighanimine,1,7.319112846097648
mokoena,1,4.997184751210285
edinburgh,1,2.795550890040635
silva,1,3.511757924040044
cleiry,1,6.319112846097648
intact,1,3.2316500048473085
breeding,1,4.319112846097648
originally,1,2.618673127956556
ethnoarchaeology,1,7.319112846097648
analogy,1,4.997184751210285
rewarding,1,5.7341503453764915
secure,1,2.1491878446553354
moisture,1,2.8596812274603507
meter,1,2.9971847512102854
fascinating,1,3.734150345376492
pharmacy,1,2.9267954233188873
wall,1,0.9267954233188874
deposit,1,1.7955508900406347
lean,1,4.997184751210285
installation,1,1.675256656322923
xvi,1,4.511757924040044
morocco,1,2.9971847512102854
kristin,1,5.319112846097648
periodontal,1,3.9971847512102854
scottish,1,2.4122222504891293
arbroath,1,5.7341503453764915
unrecognized,1,6.319112846097648
enlighten,1,5.319112846097648
wolfgang,1,6.319112846097648
metawi,1,7.319112846097648
laser,1,0.8928480913955499
machine,1,1.7044030019824399
mount,1,1.9267954233188873
labeling,1,5.7341503453764915
warrior,1,4.319112846097648
refecget,1,7.319112846097648
bed,1,4.997184751210285
throne,1,7.319112846097648
canopy,1,7.319112846097648
taslica,1,4.7341503453764915
mersincik,1,4.997184751210285
joy,1,3.319112846097648
luck,1,4.997184751210285
harmonize,1,4.997184751210285
abbot,1,6.319112846097648
immobilisation,1,7.319112846097648
enthusiasm,1,4.997184751210285
bronze,1,2.2316500048473085
unlove,1,7.319112846097648
party,1,2.0711853326540623
swan,1,6.319112846097648
karen,1,2.734150345376492
humphrey,1,7.319112846097648
femoral,1,4.319112846097648
asymmetry,1,4.511757924040044
procedural,1,4.319112846097648
bavarian,1,5.7341503453764915
codify,1,6.319112846097648
lahiri,1,7.319112846097648
roy,1,4.149187844655335
remotely,1,5.7341503453764915
impression,1,4.149187844655335
malawians,1,4.997184751210285
halle,1,4.149187844655335
sell,1,2.4611318509700757
lissitzky,1,4.997184751210285
cabinet,1,1.7341503453764917
brown,1,2.618673127956556
prosthesis,1,7.319112846097648
miniature,1,4.319112846097648
logistic,1,4.319112846097648
nh,1,7.319112846097648
asilo,1,7.319112846097648
infantile,1,6.319112846097648
administrator,1,3.618673127956556
devecchi,1,7.319112846097648
gasparetto,1,6.319112846097648
independently,1,4.319112846097648
characterise,1,2.2316500048473085
retrospective,1,4.319112846097648
elena,1,4.149187844655335
pankratova,1,7.319112846097648
convincing,1,4.997184751210285
jesuits,1,7.319112846097648
parma,1,6.319112846097648
locate,1,0.3649165357107728
partly,1,2.5642253439341793
fade,1,3.734150345376492
dingy,1,7.319112846097648
geores,1,5.7341503453764915
transcendence,1,4.997184751210285
doi,1,3.9971847512102854
forever,1,3.9971847512102854
epub,1,5.7341503453764915
incredible,1,5.7341503453764915
mpower,1,7.319112846097648
distinction,1,3.1491878446553354
rojek,1,7.319112846097648
paternalism,1,7.319112846097648
litigation,1,7.319112846097648
comfort,1,2.675256656322923
cm,1,3.9971847512102854
unrivalled,1,7.319112846097648
brontë,1,5.319112846097648
rhythmic,1,5.7341503453764915
poem,1,2.189829829152681
acci,1,6.319112846097648
interlock,1,7.319112846097648
olivare,1,5.7341503453764915
nicolas,1,5.319112846097648
incomplete,1,3.734150345376492
ann,1,2.675256656322923
anat,1,4.149187844655335
isprs,1,1.8928480913955499
christina,1,2.9971847512102854
depraved,1,7.319112846097648
pseudo,1,4.997184751210285
consuelo,1,7.319112846097648
frisetti,1,7.319112846097648
christianity,1,3.618673127956556
reusing,1,6.319112846097648
web,1,1.2316500048473085
architecturae,1,7.319112846097648
religiosae,1,7.319112846097648
europeae,1,7.319112846097648
dataset,1,2.795550890040635
extract,1,2.4122222504891293
website,1,2.8596812274603507
fasten,1,5.319112846097648
interface,1,2.618673127956556
destruhaut,1,7.319112846097648
florent,1,7.319112846097648
telmon,1,7.319112846097648
norbert,1,7.319112846097648
maret,1,7.319112846097648
laval,1,7.319112846097648
capolupo,1,7.319112846097648
divert,1,6.319112846097648
chronic,1,2.2316500048473085
nowadays,1,2.8596812274603507
changes,1,5.7341503453764915
skeleton,1,2.2316500048473085
alter,1,2.2316500048473085
charlotte,1,3.511757924040044
girard,1,5.319112846097648
pedra,1,5.319112846097648
opinion,1,1.827259749767973
alagoas,1,5.319112846097648
integrative,1,4.319112846097648
anachronism,1,6.319112846097648
norms,1,7.319112846097648
masonry,1,2.2316500048473085
worsen,1,3.734150345376492
concerted,1,5.319112846097648
hinvcwgq,1,7.319112846097648
giovanni,1,3.618673127956556
landscapes,1,4.149187844655335
buggerru,1,6.319112846097648
mining,1,2.0337106272353993
finite,1,4.149187844655335
modal,1,3.9971847512102854
incident,1,3.2316500048473085
horn,1,3.9971847512102854
yjmdxrqd,1,7.319112846097648
excavated,1,7.319112846097648
marble,1,3.2316500048473085
removing,1,7.319112846097648
relocation,1,2.189829829152681
lake,1,2.9267954233188873
worn,1,5.7341503453764915
situ,1,2.511757924040044
yzlvxqrn,1,7.319112846097648
clean,1,2.0337106272353993
copper,1,3.0711853326540623
recreate,1,3.734150345376492
sami,1,4.149187844655335
reburial,1,2.8596812274603507
side,1,1.486222831932906
proband,1,7.319112846097648
occurence,1,7.319112846097648
atypical,1,6.319112846097648
transhumance,1,7.319112846097648
stylus,1,5.319112846097648
ahd,1,5.7341503453764915
electron,1,2.9971847512102854
della,1,1.9971847512102852
nationalism,1,2.8596812274603507
traumatic,1,3.1491878446553354
intervene,1,3.8596812274603507
natalia,1,4.149187844655335
mitsyuk,1,6.319112846097648
ahxackbt,1,7.319112846097648
eni,1,7.319112846097648
inadequate,1,3.1491878446553354
rahmaini,1,7.319112846097648
nearly,1,2.4611318509700757
except,1,3.4122222504891293
harsh,1,3.9971847512102854
mesopotamian,1,7.319112846097648
villa,1,3.1491878446553354
wind,1,3.734150345376492
crucible,1,4.511757924040044
decease,1,7.319112846097648
seventy,1,5.319112846097648
eht,1,5.319112846097648
season,1,2.9267954233188873
microscopy,1,2.319112846097648
utility,1,3.511757924040044
postwar,1,3.0711853326540623
architektura,1,6.319112846097648
perspektiv,1,7.319112846097648
employee,1,2.0711853326540623
openness,1,3.2316500048473085
viewer,1,3.4122222504891293
huron,1,3.9971847512102854
wendat,1,3.9971847512102854
palmgren,1,5.319112846097648
miner,1,4.997184751210285
kiln,1,4.997184751210285
mudbrick,1,6.319112846097648
pottery,1,3.511757924040044
graffiti,1,5.319112846097648
rothko,1,5.319112846097648
incarceration,1,3.8596812274603507
addiriyah,1,5.319112846097648
saudi,1,2.618673127956556
nuala,1,5.7341503453764915
standardised,1,5.7341503453764915
forms,1,7.319112846097648
palaeopathology,1,7.319112846097648
attach,1,2.189829829152681
danskin,1,7.319112846097648
gel,1,4.319112846097648
maurin,1,7.319112846097648
beam,1,2.675256656322923
containing,1,6.319112846097648
humidity,1,1.9971847512102852
speaker,1,2.109659480468698
tongue,1,5.7341503453764915
frail,1,5.319112846097648
insufficiency,1,5.7341503453764915
phenomenon,1,1.0711853326540623
hc,1,7.319112846097648
ukraine,1,2.618673127956556
aterido,1,7.319112846097648
king,1,2.618673127956556
benchmark,1,5.319112846097648
gauge,1,5.319112846097648
govern,1,3.2316500048473085
mogire,1,5.7341503453764915
constantina,1,4.997184751210285
linguistic,1,1.8928480913955499
archeologicke,1,6.319112846097648
renovation,1,1.827259749767973
charcoal,1,4.997184751210285
proxy,1,3.2316500048473085
dust,1,1.9971847512102852
grit,1,6.319112846097648
rooting,1,7.319112846097648
multiplication,1,7.319112846097648
cet,1,5.7341503453764915
pioneer,1,2.9267954233188873
edith,1,6.319112846097648
biosecurity,1,5.7341503453764915
kauri,1,6.319112846097648
trees,1,4.997184751210285
javier,1,3.9971847512102854
alcoy,1,7.319112846097648
trabajos,1,7.319112846097648
prince,1,3.511757924040044
york,1,0.979262843213023
adhesive,1,3.511757924040044
tape,1,3.618673127956556
verify,1,3.511757924040044
reliable,1,3.0711853326540623
floor,1,1.675256656322923
piffl,1,4.511757924040044
funerary,1,2.9971847512102854
conscientiousness,1,5.319112846097648
endow,1,4.7341503453764915
deprive,1,3.734150345376492
swahili,1,3.511757924040044
russa,1,6.319112846097648
supply,1,2.4122222504891293
alan,1,4.319112846097648
blum,1,3.734150345376492
alabama,1,3.734150345376492
xiao,1,5.7341503453764915
xiaoyong,1,7.319112846097648
wang,1,3.4122222504891293
tomography,1,2.189829829152681
boc,1,6.319112846097648
nutritional,1,2.9267954233188873
cranial,1,2.3649165357107726
endocast,1,6.319112846097648
reconstruction,1,0.7341503453764918
designer,1,2.319112846097648
predict,1,2.5642253439341793
hobden,1,7.319112846097648
hierarchise,1,7.319112846097648
node,1,4.997184751210285
master,1,1.8928480913955499
dermestid,1,5.7341503453764915
beetle,1,4.997184751210285
colony,1,3.618673127956556
trigger,1,2.4122222504891293
geometry,1,3.0711853326540623
realization,1,3.1491878446553354
paddy,1,7.319112846097648
abundant,1,3.2316500048473085
harvest,1,4.319112846097648
sarawak,1,4.997184751210285
borneo,1,5.319112846097648
strozzino,1,7.319112846097648
palazzo,1,3.4122222504891293
civae,1,5.7341503453764915
prioritisation,1,4.319112846097648
constitution,1,3.0711853326540623
offering,1,5.7341503453764915
actualize,1,4.997184751210285
canvas,1,2.795550890040635
appraisal,1,3.9971847512102854
scenario,1,1.4611318509700757
lgnatii,1,6.319112846097648
amidst,1,4.319112846097648
deluge,1,6.319112846097648
sao,1,3.9971847512102854
fashionable,1,7.319112846097648
artificial,1,2.675256656322923
ruhr,1,7.319112846097648
tsardom,1,3.9971847512102854
viewed,1,7.319112846097648
cardiovascular,1,3.734150345376492
strlic,1,5.319112846097648
asa,1,7.319112846097648
anti,1,2.0337106272353993
hypertensive,1,7.319112846097648
prescription,1,3.0711853326540623
recasens,1,7.319112846097648
cristina,1,3.734150345376492
pedragosa,1,7.319112846097648
nuria,1,7.319112846097648
astounded,1,7.319112846097648
ruler,1,4.319112846097648
pcp,1,5.7341503453764915
thessaloniki,1,7.319112846097648
annalisa,1,5.7341503453764915
trentin,1,7.319112846097648
catch,1,3.2316500048473085
ahead,1,4.149187844655335
expectation,1,1.5642253439341791
macalester,1,7.319112846097648
screenplay,1,5.7341503453764915
insist,1,3.9971847512102854
zimbabwe,1,2.675256656322923
loving,1,6.319112846097648
boston,1,3.9971847512102854
epistemic,1,3.319112846097648
disobedience,1,6.319112846097648
psychotherapist,1,6.319112846097648
unconditional,1,4.997184751210285
claimant,1,5.7341503453764915
demonstrably,1,6.319112846097648
aron,1,4.7341503453764915
giesen,1,5.7341503453764915
meticulously,1,7.319112846097648
tzimou,1,7.319112846097648
mobile,1,1.7044030019824399
fifteen,1,4.149187844655335
sri,1,4.149187844655335
lanka,1,7.319112846097648
vaccination,1,4.511757924040044
videoconferencing,1,7.319112846097648
virus,1,3.0711853326540623
patrick,1,4.511757924040044
reclamation,1,3.734150345376492
individualistic,1,5.319112846097648
chemistry,1,3.0711853326540623
animalia,1,5.319112846097648
tooth,1,2.0711853326540623
guilt,1,3.8596812274603507
durability,1,3.734150345376492
frequently,1,1.2105883893194789
lay,1,2.511757924040044
justification,1,4.511757924040044
hagia,1,5.319112846097648
sophia,1,4.149187844655335
antarctic,1,4.7341503453764915
myra,1,4.997184751210285
bunker,1,6.319112846097648
antithetical,1,5.7341503453764915
grieve,1,5.319112846097648
jesús,1,4.997184751210285
alberto,1,3.9971847512102854
rivera,1,5.319112846097648
revaluation,1,5.319112846097648
systematically,1,3.319112846097648
من,1,6.319112846097648
الموضوعي,1,7.319112846097648
infrastructural,1,3.511757924040044
undermine,1,3.2316500048473085
inversion,1,6.319112846097648
maps,1,6.319112846097648
modeling,1,1.675256656322923
composition,1,0.9615608414795641
spectra,1,2.8596812274603507
startup,1,5.7341503453764915
taxation,1,6.319112846097648
salvation,1,6.319112846097648
shopping,1,3.9971847512102854
snail,1,2.9971847512102854
matas,1,6.319112846097648
perfect,1,3.734150345376492
consumer,1,1.675256656322923
treasury,1,4.149187844655335
sanatorium,1,6.319112846097648
ostensibly,1,5.7341503453764915
foreigner,1,4.319112846097648
ibadan,1,6.319112846097648
questionable,1,5.7341503453764915
nigeria,1,3.2316500048473085
entrant,1,7.319112846097648
wrong,1,4.149187844655335
saryev,1,7.319112846097648
diagnostic,1,2.1491878446553354
familiar,1,2.511757924040044
comparison,1,0.944073414750723
vykchycm,1,7.319112846097648
zoo,1,2.511757924040044
arusha,1,7.319112846097648
koninklijke,1,3.8596812274603507
brill,1,3.618673127956556
statue,1,2.319112846097648
peplo,1,7.319112846097648
nepal,1,2.8596812274603507
sars,1,4.149187844655335
rapid,1,1.6466875041261522
kwhlragn,1,7.319112846097648
gilligan,1,7.319112846097648
lickona,1,7.319112846097648
educating,1,5.319112846097648
spirit,1,1.4364697967358067
alm,1,5.319112846097648
factual,1,4.997184751210285
backup,1,7.319112846097648
mccreery,1,7.319112846097648
yamaki,1,7.319112846097648
relict,1,5.7341503453764915
sentiment,1,4.997184751210285
agrarian,1,4.511757924040044
authoritative,1,4.997184751210285
spectacular,1,4.511757924040044
psychophysiology,1,6.319112846097648
geoffrey,1,4.997184751210285
rapidly,1,2.0337106272353993
complication,1,3.9971847512102854
surgical,1,4.7341503453764915
orozco,1,5.7341503453764915
polymer,1,3.4122222504891293
commercialisation,1,4.997184751210285
storme,1,7.319112846097648
word,1,1.1096594804686981
poimenic,1,7.319112846097648
smolík,1,5.319112846097648
theological,1,1.961560841479564
execute,1,3.618673127956556
strata,1,4.511757924040044
seriously,1,3.319112846097648
eliutė,1,7.319112846097648
hszvsacg,1,7.319112846097648
rocco,1,7.319112846097648
gennaro,1,5.7341503453764915
heath,1,6.319112846097648
genuine,1,3.8596812274603507
lucia,1,4.7341503453764915
radiometric,1,5.7341503453764915
dating,1,4.149187844655335
craniometry,1,7.319112846097648
genius,1,4.7341503453764915
aristocratic,1,4.319112846097648
purchase,1,2.618673127956556
wong,1,7.319112846097648
kar,1,7.319112846097648
wai,1,4.997184751210285
acest,1,4.997184751210285
infections,1,5.319112846097648
marijuana,1,6.319112846097648
miss,1,2.189829829152681
vii,1,5.319112846097648
papal,1,4.319112846097648
gardens,1,2.9267954233188873
revolutionise,1,7.319112846097648
expansive,1,4.7341503453764915
selectively,1,6.319112846097648
pasargadae,1,4.319112846097648
zzxbyvhy,1,7.319112846097648
ante,1,5.7341503453764915
peterković,1,7.319112846097648
rovinj,1,4.7341503453764915
tip,1,4.319112846097648
riparian,1,7.319112846097648
gghc,1,7.319112846097648
notably,1,2.5642253439341793
cooptat,1,7.319112846097648
populaţia,1,7.319112846097648
folosind,1,7.319112846097648
metodă,1,7.319112846097648
gong,1,4.997184751210285
er,1,3.319112846097648
retirement,1,3.511757924040044
fire,1,1.9971847512102852
masyarakat,1,7.319112846097648
peduli,1,7.319112846097648
mpa,1,7.319112846097648
folosit,1,7.319112846097648
cronologică,1,6.319112846097648
lor,1,4.997184751210285
permis,1,5.7341503453764915
privim,1,7.319112846097648
linie,1,7.319112846097648
scenariile,1,7.319112846097648
sociale,1,5.319112846097648
determinat,1,7.319112846097648
timpul,1,6.319112846097648
asupra,1,5.7341503453764915
dedicated,1,2.618673127956556
paintings,1,5.319112846097648
wife,1,2.795550890040635
trifecta,1,7.319112846097648
wlodek,1,5.7341503453764915
krakow,1,5.7341503453764915
ignore,1,2.2316500048473085
johns,1,3.9971847512102854
hopkins,1,4.149187844655335
translate,1,2.1491878446553354
nest,1,4.997184751210285
dialogical,1,4.511757924040044
harm,1,2.618673127956556
react,1,6.319112846097648
pursuit,1,2.8596812274603507
later,1,0.5911923915344485
born,1,6.319112846097648
sible,1,5.319112846097648
røros,1,6.319112846097648
surrounding,1,2.734150345376492
testimony,1,2.9971847512102854
son,1,2.734150345376492
minnesota,1,4.7341503453764915
cognition,1,4.149187844655335
violent,1,3.2316500048473085
measures,1,7.319112846097648
least,1,0.8596812274603506
geographical,1,1.2747187267391944
lore,1,4.997184751210285
stretch,1,3.2316500048473085
nyungkalwarra,1,7.319112846097648
mortuary,1,3.319112846097648
psychometric,1,4.997184751210285
communicable,1,4.997184751210285
inclusion,1,0.979262843213023
blight,1,6.319112846097648
activist,1,1.486222831932906
affirmation,1,4.7341503453764915
musgrove,1,7.319112846097648
nell,1,5.319112846097648
mcginniss,1,7.319112846097648
inappropriate,1,4.319112846097648
mixed,1,1.4364697967358067
believer,1,5.319112846097648
sacramental,1,6.319112846097648
proclamation,1,5.7341503453764915
zhang,1,4.319112846097648
series,1,0.3649165357107728
alternatively,1,4.511757924040044
halgren,1,7.319112846097648
suava,1,7.319112846097648
pazder,1,7.319112846097648
dominika,1,7.319112846097648
kaźmierczak,1,7.319112846097648
unconscious,1,4.511757924040044
conjugal,1,7.319112846097648
contingent,1,3.1491878446553354
differentiation,1,4.319112846097648
mistreatment,1,3.511757924040044
committed,1,4.997184751210285
upgrade,1,4.511757924040044
quantity,1,2.795550890040635
injustice,1,2.9267954233188873
commemoration,1,3.1491878446553354
district,1,0.6752566563229231
columbia,1,4.319112846097648
zimmerman,1,6.319112846097648
outcry,1,7.319112846097648
rick,1,4.997184751210285
salameh,1,7.319112846097648
joyce,1,5.7341503453764915
innovate,1,5.7341503453764915
tajikistan,1,4.997184751210285
atmosphere,1,3.2316500048473085
pionta,1,6.319112846097648
toddler,1,4.149187844655335
notice,1,2.5642253439341793
successfully,1,2.109659480468698
innovator,1,6.319112846097648
perpetual,1,5.319112846097648
proprietor,1,7.319112846097648
francoise,1,7.319112846097648
colliere,1,7.319112846097648
inconvenience,1,5.7341503453764915
destination,1,1.5377531325729883
longevity,1,3.319112846097648
gaze,1,3.618673127956556
architektúra,1,7.319112846097648
starostlivosti,1,5.7341503453764915
spa,1,3.2316500048473085
cuba,1,3.734150345376492
musician,1,3.4122222504891293
emerged,1,7.319112846097648
willen,1,7.319112846097648
traction,1,5.7341503453764915
reality,1,0.15924150931925846
proliferate,1,4.7341503453764915
fuel,1,3.4122222504891293
epigraphical,1,5.319112846097648
performative,1,3.511757924040044
tropical,1,2.511757924040044
accelerate,1,2.795550890040635
fieldwork,1,1.5377531325729883
skateboarder,1,4.997184751210285
sheltered,1,7.319112846097648
periodicals,1,3.1491878446553354
skrb,1,6.319112846097648
durable,1,4.149187844655335
constructive,1,3.8596812274603507
ruins,1,3.8596812274603507
photo,1,1.5911923915344486
theorize,1,3.511757924040044
collector,1,1.8596812274603507
reanimation,1,7.319112846097648
socialisation,1,4.997184751210285
kitchen,1,3.8596812274603507
szemző,1,7.319112846097648
eminently,1,7.319112846097648
brotherhood,1,6.319112846097648
angry,1,5.7341503453764915
infertility,1,6.319112846097648
todoreszku,1,4.511757924040044
widow,1,4.7341503453764915
aranka,1,7.319112846097648
horváth,1,5.319112846097648
policymaker,1,3.734150345376492
rubén,1,7.319112846097648
maristan,1,4.7341503453764915
granada,1,4.511757924040044
conception,1,1.4122222504891293
madness,1,5.319112846097648
realise,1,3.4122222504891293
promoter,1,6.319112846097648
receiver,1,4.7341503453764915
elicit,1,3.618673127956556
sofia,1,4.319112846097648
nori,1,7.319112846097648
rasch,1,6.319112846097648
walker,1,4.149187844655335
intern,1,4.511757924040044
nostalgic,1,5.319112846097648
clavicle,1,6.319112846097648
yile,1,6.319112846097648
ngala,1,6.319112846097648
devoted,1,3.1491878446553354
polish,1,1.486222831932906
soft,1,2.9267954233188873
vary,1,1.5117579240400438
matthew,1,3.0711853326540623
à,1,3.2316500048473085
unless,1,3.734150345376492
page,1,2.2316500048473085
veneration,1,7.319112846097648
awakening,1,5.319112846097648
kelly,1,4.319112846097648
speculation,1,4.149187844655335
fruitfulness,1,6.319112846097648
quarter,1,3.511757924040044
bourgeois,1,4.511757924040044
confessional,1,6.319112846097648
supervisory,1,6.319112846097648
kanamkek,1,6.319112846097648
someone,1,3.4122222504891293
exemplar,1,3.8596812274603507
huang,1,4.319112846097648
infectious,1,4.7341503453764915
radically,1,3.8596812274603507
wealth,1,2.3649165357107726
sight,1,3.511757924040044
globe,1,3.8596812274603507
goals,1,4.319112846097648
goc,1,7.319112846097648
fragility,1,3.511757924040044
australasian,1,6.319112846097648
hopeful,1,4.997184751210285
purview,1,6.319112846097648
diffractive,1,7.319112846097648
false,1,3.0711853326540623
bright,1,5.319112846097648
smile,1,5.7341503453764915
trans,1,4.319112846097648
atlantic,1,3.319112846097648
skeletal,1,1.6186731279565556
tadeusz,1,5.7341503453764915
entwine,1,4.997184751210285
nightingale,1,4.511757924040044
femur,1,5.7341503453764915
momentum,1,3.9971847512102854
gradual,1,3.8596812274603507
archivist,1,2.675256656322923
plastics,1,5.319112846097648
admiration,1,6.319112846097648
investigator,1,5.7341503453764915
award,1,2.4122222504891293
prisoners,1,6.319112846097648
entitlement,1,4.319112846097648
prize,1,3.4122222504891293
punct,1,7.319112846097648
pentru,1,4.149187844655335
cei,1,6.319112846097648
nevoie,1,7.319112846097648
cunoască,1,7.319112846097648
patrimoniul,1,7.319112846097648
authorise,1,5.319112846097648
materialise,1,5.319112846097648
linen,1,4.149187844655335
gather,1,1.319112846097648
length,1,2.9971847512102854
incorporation,1,3.8596812274603507
offspring,1,5.319112846097648
reciprocally,1,5.7341503453764915
metropolitan,1,1.961560841479564
gaol,1,3.9971847512102854
slum,1,5.319112846097648
decent,1,5.7341503453764915
devastating,1,4.149187844655335
protected,1,6.319112846097648
wrecks,1,7.319112846097648
nexus,1,3.511757924040044
intersectionality,1,3.511757924040044
videorecording,1,5.7341503453764915
natalija,1,7.319112846097648
cohen,1,4.997184751210285
هل,1,7.319112846097648
نهتم,1,7.319112846097648
أم,1,7.319112846097648
نكتفي,1,7.319112846097648
بالقياس,1,7.319112846097648
lactation,1,6.319112846097648
diy,1,3.618673127956556
interact,1,1.7341503453764917
enzyme,1,5.319112846097648
heal,1,2.109659480468698
psychoanalysis,1,5.7341503453764915
silkworms,1,7.319112846097648
northeast,1,3.9971847512102854
encompassment,1,6.319112846097648
rites,1,5.7341503453764915
experientially,1,6.319112846097648
pronged,1,6.319112846097648
stigma,1,2.0337106272353993
timothy,1,4.511757924040044
boundless,1,7.319112846097648
hero,1,3.4122222504891293
pursue,1,2.0711853326540623
subordinate,1,4.149187844655335
flat,1,4.319112846097648
belt,1,4.319112846097648
ihl,1,3.9971847512102854
neccf,1,5.7341503453764915
glean,1,5.7341503453764915
regeneration,1,1.6186731279565556
pedagogic,1,4.7341503453764915
quebec,1,3.511757924040044
arizona,1,4.149187844655335
inclusivity,1,3.9971847512102854
suicide,1,4.149187844655335
gasometro,1,7.319112846097648
marzia,1,7.319112846097648
federica,1,4.997184751210285
explicitly,1,2.9267954233188873
herbal,1,1.7044030019824399
worlds,1,4.7341503453764915
buildings,1,3.618673127956556
swifts,1,7.319112846097648
brussels,1,3.511757924040044
forge,1,3.1491878446553354
noticing,1,4.997184751210285
greenwashe,1,5.319112846097648
ecologically,1,3.734150345376492
harmful,1,4.149187844655335
tate,1,4.319112846097648
moreira,1,5.7341503453764915
tales,1,4.319112846097648
travels,1,7.319112846097648
gaming,1,5.319112846097648
cotinine,1,6.319112846097648
durham,1,3.9971847512102854
telling,1,4.7341503453764915
proactive,1,3.319112846097648
qualified,1,3.4122222504891293
oppose,1,2.9267954233188873
oxford,1,2.511757924040044
resemble,1,4.319112846097648
sizeable,1,6.319112846097648
anthes,1,7.319112846097648
loren,1,6.319112846097648
casapulla,1,7.319112846097648
sharon,1,4.149187844655335
accelerated,1,4.7341503453764915
pathway,1,2.2316500048473085
tcc,1,4.997184751210285
closure,1,2.9267954233188873
privacy,1,3.8596812274603507
anytime,1,7.319112846097648
consolidated,1,4.997184751210285
unexpected,1,3.618673127956556
maestro,1,7.319112846097648
domination,1,3.511757924040044
shall,1,2.9971847512102854
božidar,1,5.319112846097648
saec,1,7.319112846097648
implie,1,7.319112846097648
instance,1,1.6186731279565556
chatterjee,1,4.7341503453764915
clementine,1,6.319112846097648
regulate,1,2.189829829152681
organisational,1,3.4122222504891293
yeon,1,7.319112846097648
grandparents,1,5.7341503453764915
grandchildren,1,6.319112846097648
occasional,1,3.618673127956556
conform,1,4.511757924040044
attunement,1,3.9971847512102854
studio,1,2.5642253439341793
husband,1,3.511757924040044
journey,1,1.8596812274603507
millereux,1,7.319112846097648
arnaud,1,7.319112846097648
savonnet,1,7.319112846097648
advanced,1,1.827259749767973
clarity,1,4.997184751210285
wooden,1,1.3883755085347618
induce,1,2.3649165357107726
concepts,1,5.7341503453764915
flanders,1,3.511757924040044
processiecultuur,1,7.319112846097648
vlaanderen,1,7.319112846097648
aaldert,1,6.319112846097648
ettourki,1,6.319112846097648
karim,1,6.319112846097648
aerts,1,6.319112846097648
valorize,1,4.511757924040044
annual,1,2.5642253439341793
armor,1,4.997184751210285
memorialisation,1,5.319112846097648
rai,1,7.319112846097648
morbidity,1,4.997184751210285
lung,1,3.9971847512102854
acuity,1,6.319112846097648
exacerbation,1,5.7341503453764915
bronchial,1,7.319112846097648
hyperreactivity,1,6.319112846097648
chemically,1,6.319112846097648
version,1,1.6186731279565556
textbook,1,3.734150345376492
sculpture,1,1.4122222504891293
medicalisation,1,7.319112846097648
board,1,1.8596812274603507
request,1,2.9971847512102854
validation,1,3.618673127956556
scripture,1,6.319112846097648
viewpoint,1,3.2316500048473085
differences,1,7.319112846097648
categorical,1,5.319112846097648
drawback,1,4.997184751210285
topc,1,6.319112846097648
collaborate,1,2.2747187267391946
innovative,1,0.44874812651424306
cooperative,1,2.9267954233188873
father,1,0.7955508900406348
groups,1,3.8596812274603507
manpower,1,5.319112846097648
formulation,1,2.511757924040044
criminal,1,3.2316500048473085
code,1,2.189829829152681
specialise,1,4.997184751210285
juvenile,1,3.2316500048473085
huygens,1,4.149187844655335
furnish,1,4.7341503453764915
françois,1,4.997184751210285
département,1,7.319112846097648
des,1,1.2967450330691932
antiquités,1,6.319112846097648
vacuum,1,6.319112846097648
abiotic,1,5.319112846097648
tim,1,4.149187844655335
ob,1,7.319112846097648
mcauliffe,1,7.319112846097648
hypoxemic,1,7.319112846097648
fece,1,6.319112846097648
joke,1,6.319112846097648
autobiography,1,3.618673127956556
absent,1,3.8596812274603507
orthodox,1,1.7645239944200104
autobiographical,1,3.511757924040044
nadfas,1,4.149187844655335
hegemonic,1,3.511757924040044
excellent,1,3.319112846097648
measurable,1,4.511757924040044
récupération,1,6.319112846097648
bridey,1,7.319112846097648
meknes,1,5.319112846097648
vaturi,1,7.319112846097648
archiving,1,3.618673127956556
defiant,1,7.319112846097648
mentally,1,3.9971847512102854
indicator,1,1.7044030019824399
determined,1,3.8596812274603507
baker,1,2.4611318509700757
slovenia,1,2.9267954233188873
battlefield,1,3.4122222504891293
demographic,1,1.319112846097648
likert,1,4.997184751210285
scrutinise,1,6.319112846097648
abstract,1,2.9267954233188873
mutuality,1,5.319112846097648
authenticity,1,1.8928480913955499
consonant,1,6.319112846097648
evolutionarily,1,7.319112846097648
multilevel,1,4.511757924040044
pluralistic,1,5.319112846097648
childbirth,1,4.319112846097648
fez,1,5.319112846097648
optimize,1,3.9971847512102854
portrait,1,2.511757924040044
detection,1,2.9267954233188873
cadet,1,4.149187844655335
vandalism,1,5.319112846097648
orthopaedic,1,6.319112846097648
igboland,1,7.319112846097648
southeast,1,2.189829829152681
understudied,1,7.319112846097648
yoruba,1,3.511757924040044
configuration,1,3.2316500048473085
convene,1,4.997184751210285
olona,1,4.997184751210285
agro,1,3.734150345376492
playgroup,1,7.319112846097648
unicef,1,7.319112846097648
supplementary,1,5.319112846097648
player,1,3.618673127956556
weight,1,2.4611318509700757
figure,1,0.979262843213023
personalised,1,7.319112846097648
desire,1,1.3649165357107729
compensatory,1,4.511757924040044
waste,1,1.8928480913955499
pharmacological,1,4.149187844655335
dumping,1,7.319112846097648
phytochemical,1,4.511757924040044
sensitively,1,5.319112846097648
responsibly,1,5.319112846097648
instigate,1,4.997184751210285
guatemalan,1,4.319112846097648
uv,1,3.618673127956556
filtering,1,6.319112846097648
glazing,1,5.7341503453764915
individually,1,3.511757924040044
pearl,1,3.8596812274603507
decorate,1,2.9267954233188873
besides,1,2.9971847512102854
characteristics,1,4.7341503453764915
basin,1,2.9971847512102854
controversial,1,3.734150345376492
merit,1,3.319112846097648
celebration,1,3.4122222504891293
upv,1,6.319112846097648
seav,1,7.319112846097648
rom,1,5.319112846097648
miranda,1,4.997184751210285
barton,1,5.7341503453764915
render,1,2.734150345376492
typology,1,2.618673127956556
metadata,1,3.8596812274603507
bioarchaeological,1,3.319112846097648
path,1,1.090294155601767
iberian,1,4.319112846097648
peninsula,1,1.9267954233188873
border,1,1.5377531325729883
cartagena,1,5.7341503453764915
port,1,3.319112846097648
fish,1,1.9971847512102852
québec,1,5.7341503453764915
caitlin,1,5.319112846097648
desilvey,1,5.319112846097648
reconsideration,1,4.997184751210285
accommodate,1,3.511757924040044
contingency,1,4.511757924040044
vapor,1,4.319112846097648
mirror,1,3.2316500048473085
predate,1,7.319112846097648
conceptualisation,1,4.149187844655335
cement,1,3.511757924040044
trash,1,4.511757924040044
verdonck,1,7.319112846097648
nutritionist,1,6.319112846097648
pharmacologist,1,7.319112846097648
agronomist,1,7.319112846097648
corporal,1,6.319112846097648
virtue,1,3.0711853326540623
leather,1,3.8596812274603507
marracuene,1,6.319112846097648
pril,1,7.319112846097648
souza,1,5.319112846097648
campos,1,5.7341503453764915
cure,1,4.149187844655335
performer,1,3.8596812274603507
chicago,1,2.675256656322923
disenfranchise,1,4.997184751210285
ece,1,4.7341503453764915
psychotic,1,6.319112846097648
dissociative,1,4.997184751210285
incorrect,1,4.997184751210285
liesbeth,1,6.319112846097648
mandate,1,3.2316500048473085
lallo,1,7.319112846097648
abruzzo,1,4.7341503453764915
journalistic,1,4.997184751210285
forgiveness,1,5.7341503453764915
banatica,1,4.997184751210285
relictă,1,7.319112846097648
ocupa,1,7.319112846097648
miocen,1,7.319112846097648
pleistocen,1,7.319112846097648
ani,1,5.7341503453764915
nu,1,4.511757924040044
dovezi,1,7.319112846097648
demonstreze,1,7.319112846097648
declinul,1,7.319112846097648
numeric,1,7.319112846097648
protejată,1,7.319112846097648
toate,1,6.319112846097648
tările,1,7.319112846097648
prezentă,1,7.319112846097648
brukenthal,1,1.9971847512102852
complicate,1,3.511757924040044
lively,1,3.734150345376492
license,1,1.0337106272353995
supporter,1,4.149187844655335
adamant,1,7.319112846097648
skilled,1,3.8596812274603507
repercussion,1,4.7341503453764915
mindfully,1,7.319112846097648
enjoy,1,2.0337106272353993
agriculture,1,1.3649165357107729
adequacy,1,6.319112846097648
applicable,1,2.319112846097648
istanbul,1,2.109659480468698
antenatal,1,6.319112846097648
artisan,1,4.511757924040044
lifetime,1,2.734150345376492
recall,1,3.4122222504891293
repetition,1,4.7341503453764915
label,1,2.1491878446553354
sewing,1,4.319112846097648
kingston,1,5.7341503453764915
winslow,1,5.319112846097648
waxwork,1,4.997184751210285
inconsistent,1,5.319112846097648
projet,1,5.319112846097648
mignot,1,7.319112846097648
frédéric,1,6.319112846097648
precede,1,3.4122222504891293
constraint,1,2.189829829152681
tribulation,1,7.319112846097648
arrive,1,3.0711853326540623
nascent,1,4.511757924040044
balboni,1,7.319112846097648
tracy,1,5.319112846097648
dying,1,3.8596812274603507
estranged,1,7.319112846097648
solely,1,4.149187844655335
sas,1,2.8596812274603507
torgeir,1,6.319112846097648
coal,1,4.319112846097648
tar,1,6.319112846097648
intimacies,1,7.319112846097648
walthew,1,6.319112846097648
evaluate,1,0.40024960882305344
tracking,1,6.319112846097648
fishery,1,4.997184751210285
biographical,1,3.9971847512102854
pluralism,1,3.734150345376492
speedily,1,7.319112846097648
pigeon,1,7.319112846097648
pest,1,3.511757924040044
abdominal,1,5.7341503453764915
microcephaly,1,7.319112846097648
misoprostol,1,7.319112846097648
phenylketonuria,1,6.319112846097648
prenatal,1,3.511757924040044
emplace,1,6.319112846097648
michele,1,4.7341503453764915
firnhaber,1,7.319112846097648
natalie,1,3.9971847512102854
magee,1,7.319112846097648
remarkably,1,4.319112846097648
personality,1,1.827259749767973
politeness,1,7.319112846097648
tolerance,1,3.0711853326540623
effectiveness,1,1.7645239944200104
latina,1,4.997184751210285
chicana,1,7.319112846097648
episode,1,3.9971847512102854
ruiz,1,4.997184751210285
stravinsky,1,5.319112846097648
holed,1,7.319112846097648
rejuvenation,1,4.7341503453764915
utilitarian,1,3.1491878446553354
disarticulation,1,4.7341503453764915
spanish,1,0.6326123189144293
parameter,1,2.2316500048473085
diplomat,1,6.319112846097648
krasin,1,7.319112846097648
professionalize,1,7.319112846097648
supremacy,1,4.997184751210285
vike,1,7.319112846097648
imagery,1,4.149187844655335
ensue,1,4.511757924040044
stake,1,3.319112846097648
multispecie,1,3.9971847512102854
multitemporal,1,6.319112846097648
anke,1,7.319112846097648
bernau,1,7.319112846097648
consumption,1,1.3418329225977312
populate,1,4.319112846097648
whisper,1,7.319112846097648
rematriation,1,4.319112846097648
scientifically,1,4.149187844655335
medicas,1,6.319112846097648
mixer,1,7.319112846097648
subtopic,1,7.319112846097648
compliment,1,7.319112846097648
ample,1,4.7341503453764915
canadians,1,4.511757924040044
civilization,1,1.9971847512102852
nutsa,1,7.319112846097648
aleksidze,1,7.319112846097648
upper,1,2.0711853326540623
svaneti,1,5.7341503453764915
destitute,1,5.7341503453764915
confusion,1,3.8596812274603507
mildred,1,7.319112846097648
vargas,1,7.319112846097648
escobar,1,5.7341503453764915
lina,1,7.319112846097648
cubana,1,5.319112846097648
educacion,1,6.319112846097648
medica,1,5.319112846097648
mantenimiento,1,6.319112846097648
vida,1,4.997184751210285
medicaid,1,6.319112846097648
neighborhood,1,2.2747187267391946
disadvantage,1,3.618673127956556
disengagement,1,6.319112846097648
disclosure,1,3.511757924040044
diabete,1,3.319112846097648
send,1,2.8596812274603507
shepherd,1,3.618673127956556
wash,1,5.319112846097648
regulated,1,6.319112846097648
publshe,1,7.319112846097648
pave,1,4.319112846097648
pasha,1,7.319112846097648
azm,1,7.319112846097648
syrian,1,5.319112846097648
norwich,1,4.7341503453764915
interplay,1,2.8596812274603507
said,1,4.511757924040044
eye,1,2.319112846097648
recipient,1,3.734150345376492
nursery,1,4.511757924040044
expansion,1,1.7645239944200104
holy,1,2.319112846097648
shame,1,3.8596812274603507
talanoa,1,3.9971847512102854
likelihood,1,6.319112846097648
married,1,5.319112846097648
zoological,1,3.511757924040044
globalization,1,3.319112846097648
pakistan,1,4.997184751210285
cite,1,2.734150345376492
trp,1,7.319112846097648
guest,1,3.9971847512102854
strength,1,1.6186731279565556
eating,1,5.319112846097648
dressing,1,5.7341503453764915
underpinning,1,3.8596812274603507
sometimes,1,1.1096594804686981
networks,1,4.319112846097648
relations,1,2.8596812274603507
attend,1,1.5377531325729883
forest,1,1.7955508900406347
habitat,1,3.1491878446553354
herb,1,2.9971847512102854
jatropha,1,6.319112846097648
curca,1,6.319112846097648
mosque,1,3.2316500048473085
activities,1,4.997184751210285
spend,1,2.3649165357107726
input,1,2.618673127956556
quotidian,1,4.319112846097648
rocha,1,5.7341503453764915
thrive,1,3.319112846097648
persist,1,3.511757924040044
semashko,1,3.8596812274603507
adverse,1,3.2316500048473085
endurance,1,4.7341503453764915
fraud,1,4.7341503453764915
suriname,1,6.319112846097648
usefulness,1,3.319112846097648
sympathy,1,5.7341503453764915
librarian,1,2.3649165357107726
recession,1,6.319112846097648
guard,1,4.149187844655335
linguistics,1,4.319112846097648
ronsaville,1,7.319112846097648
donna,1,4.319112846097648
differential,1,3.2316500048473085
probability,1,3.734150345376492
scherer,1,6.319112846097648
conjunction,1,3.4122222504891293
digestive,1,5.7341503453764915
santo,1,3.9971847512102854
developmentally,1,7.319112846097648
salient,1,4.319112846097648
signage,1,4.997184751210285
reserved,1,2.2747187267391946
meza,1,6.319112846097648
angola,1,4.319112846097648
angolan,1,7.319112846097648
espirito,1,6.319112846097648
biblical,1,3.734150345376492
garner,1,5.7341503453764915
tm,1,3.4122222504891293
estimate,1,2.0711853326540623
uks,1,7.319112846097648
humerus,1,5.319112846097648
basaglia,1,6.319112846097648
kite,1,6.319112846097648
sturge,1,7.319112846097648
embalm,1,5.7341503453764915
relaxation,1,5.319112846097648
progression,1,3.618673127956556
chris,1,4.149187844655335
hot,1,4.511757924040044
reasoning,1,4.997184751210285
dcs,1,7.319112846097648
depressive,1,4.997184751210285
statistical,1,2.0337106272353993
auf,1,6.319112846097648
dem,1,5.7341503453764915
weg,1,7.319112846097648
articulated,1,4.997184751210285
fulfil,1,3.319112846097648
generational,1,3.511757924040044
psychologist,1,3.4122222504891293
ally,1,4.149187844655335
pruning,1,7.319112846097648
revitalisation,1,3.618673127956556
upkeep,1,6.319112846097648
arsenic,1,2.795550890040635
birmingham,1,4.149187844655335
macedo,1,5.7341503453764915
rita,1,3.734150345376492
humid,1,5.7341503453764915
universally,1,5.319112846097648
month,1,1.5377531325729883
dovetail,1,6.319112846097648
offender,1,5.319112846097648
marci,1,7.319112846097648
spiritually,1,5.7341503453764915
empowered,1,7.319112846097648
artefacts,1,5.7341503453764915
examines,1,7.319112846097648
stairwell,1,5.7341503453764915
revelation,1,4.997184751210285
potent,1,5.319112846097648
stiegler,1,7.319112846097648
kaira,1,7.319112846097648
dna,1,1.9971847512102852
letter,1,1.4364697967358067
collectivity,1,4.997184751210285
dialogic,1,3.9971847512102854
inherent,1,1.827259749767973
sickness,1,4.511757924040044
affinity,1,4.7341503453764915
crip,1,5.319112846097648
joana,1,5.7341503453764915
ineffective,1,5.319112846097648
lifecycle,1,6.319112846097648
iribarren,1,7.319112846097648
bmc,1,6.319112846097648
misconception,1,4.997184751210285
dispel,1,5.319112846097648
individualize,1,6.319112846097648
augment,1,3.618673127956556
immense,1,4.997184751210285
uprightness,1,4.7341503453764915
selflessness,1,7.319112846097648
puig,1,5.7341503453764915
friendly,1,2.511757924040044
semistructured,1,5.7341503453764915
gadaa,1,4.319112846097648
premarital,1,4.997184751210285
virginity,1,5.319112846097648
feeble,1,5.319112846097648
minded,1,4.319112846097648
philadelphia,1,3.4122222504891293
andaman,1,5.319112846097648
sustainably,1,4.511757924040044
josé,1,2.511757924040044
echarri,1,7.319112846097648
disappointment,1,4.997184751210285
sensorial,1,5.319112846097648
loyalty,1,4.511757924040044
maredolce,1,5.7341503453764915
favara,1,5.7341503453764915
spazi,1,6.319112846097648
intend,1,0.8433794151312499
forty,1,2.9267954233188873
percent,1,2.2316500048473085
white,1,0.7645239944200103
blog,1,4.7341503453764915
obp,1,6.319112846097648
match,1,3.4122222504891293
immersion,1,4.511757924040044
medically,1,7.319112846097648
ohio,1,3.1491878446553354
formation,1,0.8113182058989516
chain,1,2.9267954233188873
childrearing,1,5.319112846097648
biomedicine,1,4.319112846097648
definition,1,0.944073414750723
angle,1,3.618673127956556
ceyp,1,5.319112846097648
wp,1,4.511757924040044
drawing,1,1.486222831932906
elder,1,1.961560841479564
regardless,1,2.675256656322923
tetraena,1,5.7341503453764915
efficient,1,1.675256656322923
interdependence,1,4.7341503453764915
collaborator,1,4.319112846097648
crimean,1,6.319112846097648
affair,1,4.319112846097648
superintendent,1,6.319112846097648
bahia,1,5.7341503453764915
brazil,1,1.8928480913955499
completely,1,2.319112846097648
deported,1,7.319112846097648
concentration,1,2.109659480468698
judaism,1,6.319112846097648
registrar,1,5.319112846097648
protestant,1,3.4122222504891293
adventist,1,4.997184751210285
paint,1,1.4364697967358067
disrespect,1,5.7341503453764915
intensity,1,2.5642253439341793
ohsu,1,4.511757924040044
glasgow,1,3.319112846097648
nigerian,1,4.319112846097648
immigrants,1,4.997184751210285
redistributive,1,7.319112846097648
revolutionary,1,3.319112846097648
susanne,1,4.7341503453764915
truthful,1,5.319112846097648
positionality,1,4.319112846097648
soneryd,1,7.319112846097648
urbanism,1,3.1491878446553354
historica,1,5.319112846097648
crucian,1,7.319112846097648
museo,1,2.3649165357107726
italo,1,5.319112846097648
africano,1,5.7341503453764915
annemarie,1,7.319112846097648
emerging,1,4.997184751210285
emancipation,1,3.734150345376492
transition,1,1.675256656322923
adulthood,1,4.997184751210285
wood,1,0.909721909959946
specification,1,3.319112846097648
prussian,1,4.511757924040044
provincial,1,2.0337106272353993
lowe,1,6.319112846097648
hattie,1,7.319112846097648
calderón,1,7.319112846097648
maría,1,2.734150345376492
mannell,1,7.319112846097648
enactment,1,3.734150345376492
birthplace,1,4.149187844655335
locally,1,2.8596812274603507
undergird,1,5.7341503453764915
satisfactory,1,4.7341503453764915
plato,1,4.997184751210285
facer,1,7.319112846097648
contention,1,4.7341503453764915
constitutive,1,3.734150345376492
recruit,1,3.0711853326540623
neurologist,1,7.319112846097648
croatian,1,1.2105883893194789
mercy,1,4.997184751210285
canonical,1,6.319112846097648
clerk,1,7.319112846097648
sir,1,4.511757924040044
unwearied,1,7.319112846097648
evaluated,1,6.319112846097648
rola,1,6.319112846097648
zieleni,1,7.319112846097648
dawnych,1,7.319112846097648
freeze,1,5.7341503453764915
vacuuming,1,4.997184751210285
corrugated,1,7.319112846097648
andy,1,4.511757924040044
empathic,1,3.9971847512102854
continual,1,5.319112846097648
erosion,1,3.319112846097648
grouping,1,5.319112846097648
livia,1,5.7341503453764915
brisky,1,7.319112846097648
split,1,2.675256656322923
stratum,1,6.319112846097648
blueprint,1,4.319112846097648
boškin,1,7.319112846097648
auckland,1,4.997184751210285
lichen,1,4.149187844655335
presepi,1,4.997184751210285
florence,1,3.2316500048473085
kerala,1,4.7341503453764915
unfold,1,3.734150345376492
consolidation,1,3.1491878446553354
parliament,1,5.7341503453764915
civility,1,6.319112846097648
lanz,1,4.997184751210285
sensible,1,4.7341503453764915
janike,1,7.319112846097648
arctic,1,4.7341503453764915
greenhouse,1,4.997184751210285
sulpture,1,7.319112846097648
paradigm,1,1.2967450330691932
counselling,1,4.511757924040044
mention,1,1.4611318509700757
legibility,1,5.319112846097648
flourishing,1,4.7341503453764915
courage,1,4.997184751210285
optimism,1,5.7341503453764915
gratitude,1,5.7341503453764915
delight,1,5.7341503453764915
healer,1,2.511757924040044
stephen,1,3.2316500048473085
thick,1,4.319112846097648
zawistowski,1,7.319112846097648
attune,1,4.997184751210285
fasb,1,7.319112846097648
update,1,2.319112846097648
plus,1,3.2316500048473085
dictate,1,4.511757924040044
evacuation,1,4.7341503453764915
layman,1,5.319112846097648
sequence,1,2.109659480468698
rait,1,7.319112846097648
toros,1,7.319112846097648
quechua,1,4.511757924040044
goh,1,5.319112846097648
herbarium,1,2.319112846097648
rearrange,1,7.319112846097648
catalogue,1,2.109659480468698
diederich,1,7.319112846097648
franz,1,5.319112846097648
participating,1,7.319112846097648
cp,1,5.7341503453764915
externally,1,6.319112846097648
albeit,1,3.9971847512102854
regulative,1,7.319112846097648
roberta,1,5.319112846097648
mahfoud,1,7.319112846097648
phenomenologically,1,7.319112846097648
poles,1,5.7341503453764915
rightful,1,4.319112846097648
russian,1,0.24229724904681688
staffing,1,4.149187844655335
naturally,1,3.618673127956556
antiquity,1,2.109659480468698
arousal,1,7.319112846097648
esthetic,1,4.7341503453764915
esthetics,1,6.319112846097648
environments,1,5.319112846097648
challenges,1,4.7341503453764915
hierarchical,1,2.675256656322923
redirect,1,5.319112846097648
scholarship,1,1.5911923915344486
congregation,1,4.511757924040044
reciprocation,1,6.319112846097648
te,1,2.3649165357107726
vasconcelos,1,7.319112846097648
umbauerz,1,7.319112846097648
privileged,1,4.149187844655335
suhsin,1,7.319112846097648
underfunded,1,7.319112846097648
fumigant,1,3.8596812274603507
solvent,1,3.319112846097648
heir,1,3.1491878446553354
stave,1,7.319112846097648
decay,1,1.3883755085347618
manifesto,1,3.9971847512102854
societies,1,4.319112846097648
excell,1,7.319112846097648
lorayne,1,7.319112846097648
teachers,1,4.7341503453764915
understandings,1,7.319112846097648
conduit,1,7.319112846097648
metamorphosis,1,4.7341503453764915
entertain,1,5.319112846097648
ehcp,1,3.9971847512102854
futures,1,4.7341503453764915
hop,1,3.319112846097648
revitalization,1,2.0337106272353993
consensus,1,2.109659480468698
fever,1,4.7341503453764915
massimo,1,4.997184751210285
neighbour,1,4.997184751210285
stavropol,1,4.319112846097648
geospatial,1,6.319112846097648
layers,1,7.319112846097648
remind,1,3.511757924040044
amenable,1,6.319112846097648
barnes,1,5.319112846097648
bjc,1,7.319112846097648
louis,1,3.618673127956556
oy,1,7.319112846097648
bartram,1,4.7341503453764915
documenting,1,4.149187844655335
patience,1,5.319112846097648
plurality,1,4.7341503453764915
wholesale,1,7.319112846097648
jamie,1,4.511757924040044
suzukovich,1,7.319112846097648
excavate,1,2.1491878446553354
cartooning,1,7.319112846097648
illustration,1,2.9971847512102854
orthopedic,1,4.997184751210285
nonbiological,1,7.319112846097648
assyrian,1,6.319112846097648
modest,1,3.319112846097648
esteem,1,2.795550890040635
allocate,1,3.1491878446553354
pupil,1,1.9971847512102852
siân,1,5.7341503453764915
jones,1,3.734150345376492
blade,1,4.997184751210285
gymnasiums,1,7.319112846097648
strigil,1,4.319112846097648
toilet,1,5.7341503453764915
bull,1,6.319112846097648
georg,1,4.7341503453764915
natl,1,7.319112846097648
hypertrophy,1,6.319112846097648
developed,1,3.9971847512102854
ltc,1,5.7341503453764915
reconceptualize,1,6.319112846097648
perpetuate,1,2.9267954233188873
flawed,1,4.997184751210285
acceptable,1,3.9971847512102854
maze,1,7.319112846097648
relief,1,2.795550890040635
vaccine,1,4.149187844655335
inefficient,1,7.319112846097648
consolidate,1,3.511757924040044
cow,1,5.7341503453764915
finnish,1,2.9267954233188873
inmate,1,5.319112846097648
conservationist,1,4.997184751210285
cynthia,1,4.997184751210285
mooney,1,6.319112846097648
katie,1,4.7341503453764915
worcester,1,5.7341503453764915
sensory,1,2.511757924040044
lineal,1,7.319112846097648
hoard,1,6.319112846097648
star,1,4.319112846097648
architect,1,1.0337106272353995
brand,1,3.511757924040044
popularity,1,4.319112846097648
hesychastes,1,7.319112846097648
football,1,5.319112846097648
overlap,1,3.734150345376492
marginalised,1,4.997184751210285
tbm,1,4.997184751210285
arab,1,1.7341503453764917
sculptural,1,4.7341503453764915
arabs,1,3.4122222504891293
pair,1,4.149187844655335
neighbors,1,7.319112846097648
marty,1,5.7341503453764915
sexual,1,1.827259749767973
assault,1,3.734150345376492
docent,1,6.319112846097648
queensland,1,2.8596812274603507
contest,1,2.9267954233188873
regalia,1,7.319112846097648
varying,1,7.319112846097648
undertaking,1,4.149187844655335
eventually,1,2.9971847512102854
usage,1,2.319112846097648
near,1,1.0337106272353995
motivated,1,6.319112846097648
interprofessional,1,4.997184751210285
laboriously,1,7.319112846097648
trustees,1,5.7341503453764915
chern,1,6.319112846097648
li,1,3.734150345376492
lipscombe,1,6.319112846097648
charitable,1,3.9971847512102854
fitting,1,4.7341503453764915
unequal,1,4.511757924040044
lodging,1,7.319112846097648
scenery,1,5.319112846097648
dendrological,1,5.7341503453764915
smelly,1,7.319112846097648
overemphasise,1,7.319112846097648
rljqubkt,1,7.319112846097648
joretta,1,7.319112846097648
lesbian,1,3.618673127956556
sticker,1,7.319112846097648
minimise,1,4.319112846097648
caretaker,1,3.1491878446553354
relevance,1,1.090294155601767
mos,1,7.319112846097648
permit,1,2.0711853326540623
socialization,1,2.2747187267391946
respecting,1,7.319112846097648
valuing,1,4.511757924040044
fixture,1,5.7341503453764915
cat,1,3.511757924040044
transmitting,1,7.319112846097648
dog,1,2.8596812274603507
formerly,1,4.319112846097648
gonzalo,1,7.319112846097648
rooted,1,3.1491878446553354
anna,1,1.827259749767973
linhare,1,7.319112846097648
simbolismo,1,7.319112846097648
marajoara,1,4.7341503453764915
nos,1,5.319112846097648
cuidados,1,4.997184751210285
noteworthy,1,4.7341503453764915
signifying,1,7.319112846097648
fabaceae,1,4.997184751210285
jana,1,4.511757924040044
baxa,1,7.319112846097648
republics,1,6.319112846097648
izvještaj,1,7.319112846097648
republike,1,7.319112846097648
češku,1,7.319112846097648
stray,1,5.7341503453764915
sensitise,1,6.319112846097648
heritagising,1,7.319112846097648
incessant,1,5.7341503453764915
obese,1,4.511757924040044
susan,1,2.9971847512102854
mcdonald,1,5.7341503453764915
attainment,1,3.8596812274603507
questionnaire,1,0.48622283193290616
recreational,1,2.8596812274603507
fewof,1,7.319112846097648
uswould,1,7.319112846097648
girl,1,2.189829829152681
goddess,1,4.319112846097648
cura,1,3.9971847512102854
worry,1,4.511757924040044
disavow,1,6.319112846097648
paradox,1,4.319112846097648
envisage,1,4.997184751210285
dignitary,1,6.319112846097648
flag,1,3.1491878446553354
adherence,1,3.618673127956556
symbiotic,1,4.997184751210285
reformer,1,4.319112846097648
resourceful,1,6.319112846097648
preschooler,1,5.7341503453764915
identising,1,7.319112846097648
decentre,1,5.319112846097648
aufop,1,6.319112846097648
analysed,1,5.319112846097648
fabric,1,1.9267954233188873
mizrahim,1,5.7341503453764915
arabic,1,2.795550890040635
intellect,1,4.319112846097648
ltd,1,3.2316500048473085
poonam,1,7.319112846097648
asi,1,5.7341503453764915
sideways,1,7.319112846097648
buddhism,1,3.1491878446553354
adjacent,1,3.8596812274603507
areas,1,3.8596812274603507
poetically,1,5.7341503453764915
virulent,1,7.319112846097648
abidi,1,4.997184751210285
homeland,1,3.319112846097648
isolate,1,3.319112846097648
indigenise,1,7.319112846097648
contextual,1,2.795550890040635
maniak,1,6.319112846097648
katarzyna,1,5.319112846097648
hjemdahl,1,6.319112846097648
ricucci,1,7.319112846097648
minors,1,6.319112846097648
replication,1,3.734150345376492
coeducation,1,5.7341503453764915
arqueologia,1,5.319112846097648
mud,1,4.997184751210285
consequence,1,1.0153320979205447
proiectul,1,7.319112846097648
google,1,3.8596812274603507
oferă,1,7.319112846097648
muzeelor,1,7.319112846097648
posibilitatea,1,7.319112846097648
institutii,1,7.319112846097648
acestfel,1,7.319112846097648
românia,1,7.319112846097648
decis,1,7.319112846097648
îşi,1,6.319112846097648
prezinta,1,7.319112846097648
serie,1,4.997184751210285
joëlle,1,7.319112846097648
sofie,1,5.7341503453764915
eschatological,1,6.319112846097648
saunders,1,4.149187844655335
replaceable,1,7.319112846097648
japan,1,1.7044030019824399
sarcopenia,1,5.7341503453764915
hanna,1,4.319112846097648
lendák,1,7.319112846097648
assumption,1,1.8596812274603507
preference,1,1.7044030019824399
analgesia,1,7.319112846097648
bias,1,1.961560841479564
millimeter,1,6.319112846097648
taiwan,1,2.8596812274603507
shuang,1,6.319112846097648
liu,1,4.7341503453764915
lucas,1,4.149187844655335
choir,1,6.319112846097648
organ,1,3.4122222504891293
centro,1,4.511757924040044
unaccompanied,1,4.997184751210285
alvin,1,6.319112846097648
tehnologii,1,6.319112846097648
patentate,1,7.319112846097648
dintre,1,5.7341503453764915
aş,1,7.319112846097648
virgioli,1,7.319112846097648
manx,1,5.7341503453764915
mnh,1,6.319112846097648
eld,1,3.1491878446553354
piedmont,1,6.319112846097648
frontline,1,5.319112846097648
operationalise,1,5.7341503453764915
foucauldian,1,4.997184751210285
governing,1,6.319112846097648
macdonald,1,4.319112846097648
differently,1,2.4611318509700757
catalyst,1,4.149187844655335
magnesia,1,7.319112846097648
cousin,1,5.7341503453764915
tale,1,3.618673127956556
cognate,1,5.7341503453764915
hatred,1,6.319112846097648
powerful,1,1.827259749767973
head,1,1.7341503453764917
pola,1,7.319112846097648
sites,1,3.0711853326540623
earthen,1,3.2316500048473085
cop,1,3.2316500048473085
aminti,1,6.319112846097648
tehnologia,1,5.7341503453764915
camera,1,2.189829829152681
accredit,1,5.319112846097648
panas,1,5.7341503453764915
ever,1,1.9267954233188873
königsberg,1,4.7341503453764915
ececfs,1,6.319112846097648
hybrid,1,2.734150345376492
solutions,1,5.7341503453764915
initial,1,1.2747187267391944
suitable,1,1.5642253439341791
heating,1,3.1491878446553354
neoplasm,1,5.7341503453764915
neoplasms,1,4.997184751210285
clifford,1,5.319112846097648
engine,1,2.511757924040044
ethno,1,3.4122222504891293
gmbh,1,4.7341503453764915
gruyter,1,4.319112846097648
walter,1,3.9971847512102854
imagination,1,3.0711853326540623
denmark,1,3.9971847512102854
october,1,2.511757924040044
magazine,1,3.511757924040044
massachusetts,1,4.149187844655335
energise,1,5.7341503453764915
barren,1,6.319112846097648
autonomous,1,3.9971847512102854
domínguez,1,7.319112846097648
ma,1,3.1491878446553354
del,1,0.5246969797475418
respeto,1,7.319112846097648
profile,1,2.109659480468698
differentiate,1,3.9971847512102854
touch,1,2.5642253439341793
licensee,1,2.319112846097648
ansari,1,7.319112846097648
half,1,0.6326123189144293
stability,1,1.7044030019824399
caregiv,1,7.319112846097648
kill,1,3.319112846097648
bäcker,1,5.7341503453764915
behind,1,1.3649165357107729
invisibly,1,7.319112846097648
retraining,1,7.319112846097648
practicality,1,5.7341503453764915
solve,1,1.7341503453764917
progressive,1,2.795550890040635
anthropological,1,0.9267954233188874
invest,1,3.1491878446553354
unfavourable,1,5.319112846097648
inpatient,1,6.319112846097648
psychosomatic,1,7.319112846097648
mastalerczyk,1,7.319112846097648
regain,1,3.8596812274603507
dcms,1,4.149187844655335
showcase,1,2.9267954233188873
upholstered,1,6.319112846097648
scenes,1,5.7341503453764915
deliberate,1,4.319112846097648
harness,1,3.618673127956556
photographer,1,3.9971847512102854
scene,1,2.2316500048473085
notable,1,2.5642253439341793
spain,1,1.675256656322923
workflow,1,3.734150345376492
multiply,1,5.7341503453764915
worm,1,4.997184751210285
marshall,1,4.511757924040044
immersive,1,2.4122222504891293
communicative,1,4.319112846097648
goetz,1,7.319112846097648
keltner,1,7.319112846097648
simon,1,3.4122222504891293
metaphorical,1,6.319112846097648
psychospiritual,1,7.319112846097648
kolcaba,1,7.319112846097648
derivation,1,6.319112846097648
zu,1,4.319112846097648
delf,1,5.7341503453764915
universal,1,1.3418329225977312
degradation,1,1.0337106272353995
kindergarten,1,4.511757924040044
cfr,1,7.319112846097648
tīpuna,1,4.7341503453764915
aca,1,5.7341503453764915
uncertain,1,4.149187844655335
nourishment,1,5.319112846097648
cadiz,1,5.319112846097648
aiccm,1,3.2316500048473085
peer,1,2.5642253439341793
deficit,1,3.1491878446553354
encouragement,1,6.319112846097648
plea,1,4.7341503453764915
parish,1,3.734150345376492
diocesan,1,6.319112846097648
advisory,1,4.511757924040044
committees,1,7.319112846097648
dacs,1,7.319112846097648
lippincott,1,5.7341503453764915
williams,1,3.319112846097648
wilkins,1,5.7341503453764915
motion,1,3.319112846097648
bc,1,3.319112846097648
labels,1,6.319112846097648
super,1,4.997184751210285
agora,1,4.997184751210285
affairs,1,4.149187844655335
hedgehog,1,7.319112846097648
ivana,1,4.511757924040044
publications,1,4.511757924040044
serials,1,5.7341503453764915
zbiorów,1,7.319112846097648
triangle,1,5.319112846097648
chief,1,3.511757924040044
ataï,1,7.319112846097648
musée,1,4.7341503453764915
nurturance,1,7.319112846097648
chesnutt,1,4.7341503453764915
approaches,1,4.7341503453764915
preparedness,1,3.2316500048473085
samantha,1,5.7341503453764915
forsko,1,6.319112846097648
reef,1,2.9267954233188873
tertiary,1,4.7341503453764915
encounters,1,4.997184751210285
convivial,1,4.7341503453764915
disproportional,1,7.319112846097648
socratic,1,7.319112846097648
inaugurate,1,4.319112846097648
bohemia,1,3.9971847512102854
prague,1,1.9267954233188873
mwpequeu,1,7.319112846097648
ochrona,1,3.8596812274603507
circa,1,6.319112846097648
digitisation,1,3.4122222504891293
danzi,1,7.319112846097648
admirable,1,7.319112846097648
passion,1,3.0711853326540623
responsiveness,1,3.8596812274603507
homogenise,1,7.319112846097648
comply,1,4.319112846097648
argentina,1,2.319112846097648
reinstitutionalization,1,7.319112846097648
associated,1,2.795550890040635
existence,1,1.2316500048473085
compatibility,1,4.511757924040044
león,1,3.9971847512102854
residence,1,2.3649165357107726
actuarial,1,5.7341503453764915
doubt,1,3.4122222504891293
pivotal,1,3.8596812274603507
inspiracje,1,6.319112846097648
encykliki,1,7.319112846097648
dis,1,5.7341503453764915
devotional,1,4.511757924040044
disposal,1,2.9971847512102854
remediate,1,7.319112846097648
denkmalpflege,1,6.319112846097648
sapphire,1,5.7341503453764915
crystals,1,5.7341503453764915
protest,1,3.319112846097648
feminism,1,2.5642253439341793
final,1,1.3883755085347618
settler,1,1.8928480913955499
fkngsvnf,1,7.319112846097648
dismantle,1,3.9971847512102854
nurs,1,6.319112846097648
educ,1,7.319112846097648
slack,1,5.319112846097648
incorporated,1,6.319112846097648
defence,1,3.319112846097648
un,1,1.3418329225977312
descriptif,1,7.319112846097648
devaluate,1,7.319112846097648
overestimate,1,6.319112846097648
glove,1,4.7341503453764915
glaze,1,3.9971847512102854
communitarianism,1,4.7341503453764915
contractualism,1,7.319112846097648
deontology,1,6.319112846097648
divergence,1,4.511757924040044
richness,1,3.2316500048473085
symbiosis,1,4.319112846097648
tibet,1,3.734150345376492
honor,1,2.675256656322923
contribución,1,6.319112846097648
aguirre,1,7.319112846097648
luis,1,4.319112846097648
continuation,1,3.511757924040044
constituent,1,3.1491878446553354
consequentialism,1,7.319112846097648
forecasting,1,4.997184751210285
iconoclasm,1,5.319112846097648
neoliberalism,1,3.511757924040044
latinos,1,3.9971847512102854
ci,1,3.8596812274603507
gomez,1,4.511757924040044
supplier,1,6.319112846097648
lecture,1,3.0711853326540623
incremental,1,6.319112846097648
snake,1,4.511757924040044
campus,1,2.618673127956556
fotografia,1,4.997184751210285
imaginea,1,7.319112846097648
vinde,1,7.319112846097648
muzeul,1,3.9971847512102854
refinement,1,4.997184751210285
rehearsal,1,5.7341503453764915
theater,1,3.1491878446553354
anthea,1,6.319112846097648
ameliorate,1,4.997184751210285
complement,1,2.2747187267391946
statement,1,2.109659480468698
eight,1,2.0711853326540623
distinct,1,1.7955508900406347
eum,1,5.319112846097648
edizioni,1,4.7341503453764915
tightrope,1,6.319112846097648
fluid,1,3.2316500048473085
rhetoric,1,2.4611318509700757
temperance,1,4.511757924040044
misuse,1,4.511757924040044
publicitară,1,7.319112846097648
sau,1,6.319112846097648
derive,1,1.5911923915344486
quote,1,4.149187844655335
meta,1,3.734150345376492
unprepared,1,5.7341503453764915
pharmacogenetic,1,4.319112846097648
cheryl,1,6.319112846097648
betts,1,5.7341503453764915
marissa,1,7.319112846097648
rousay,1,5.7341503453764915
cairn,1,5.7341503453764915
aberdeen,1,7.319112846097648
hcp,1,5.319112846097648
siobhán,1,6.319112846097648
hyland,1,7.319112846097648
paul,1,1.5642253439341791
ancylostomiasis,1,6.319112846097648
carbon,1,1.5642253439341791
disulfide,1,5.7341503453764915
carcinogenicity,1,6.319112846097648
embark,1,3.9971847512102854
millennial,1,4.7341503453764915
misuser,1,6.319112846097648
entertainment,1,3.2316500048473085
song,1,2.795550890040635
vanhulst,1,6.319112846097648
wine,1,3.734150345376492
defense,1,3.1491878446553354
vineyard,1,5.319112846097648
flavor,1,7.319112846097648
dispossession,1,4.511757924040044
pluriverse,1,5.319112846097648
valley,1,1.2967450330691932
intergroup,1,4.997184751210285
overzealous,1,7.319112846097648
aggressive,1,3.9971847512102854
pte,1,3.618673127956556
esquinas,1,6.319112846097648
negotiation,1,2.319112846097648
proud,1,4.511757924040044
electric,1,6.319112846097648
gambia,1,4.7341503453764915
enrollment,1,5.7341503453764915
mitch,1,7.319112846097648
camic,1,6.319112846097648
wineries,1,7.319112846097648
antonio,1,2.4611318509700757
tmm,1,5.7341503453764915
eduardo,1,3.618673127956556
proceed,1,3.618673127956556
považská,1,5.7341503453764915
bystrica,1,5.7341503453764915
revolt,1,5.7341503453764915
deliberation,1,4.319112846097648
newborn,1,3.9971847512102854
volatile,1,4.511757924040044
familiarity,1,5.7341503453764915
unpack,1,3.8596812274603507
supportive,1,3.618673127956556
piyapat,1,6.319112846097648
cox,1,6.319112846097648
lanna,1,3.9971847512102854
multiracial,1,2.9267954233188873
lxplsftc,1,7.319112846097648
stine,1,7.319112846097648
stairway,1,6.319112846097648
pitfall,1,5.319112846097648
hl,1,2.5642253439341793
kreiner,1,7.319112846097648
linda,1,3.319112846097648
coat,1,3.2316500048473085
blend,1,3.734150345376492
exegete,1,6.319112846097648
convention,1,1.827259749767973
malaya,1,6.319112846097648
engender,1,3.734150345376492
jane,1,2.319112846097648
lingle,1,7.319112846097648
ashley,1,5.319112846097648
narrow,1,2.5642253439341793
marginalise,1,4.149187844655335
true,1,1.4364697967358067
interconnectedness,1,4.7341503453764915
plural,1,3.8596812274603507
reimagine,1,3.9971847512102854
ageing,1,3.511757924040044
civilisation,1,3.9971847512102854
millennia,1,3.4122222504891293
stepwell,1,4.7341503453764915
expose,1,1.3418329225977312
johnson,1,3.4122222504891293
essence,1,3.1491878446553354
comprehension,1,3.734150345376492
calligraphy,1,4.149187844655335
burke,1,4.149187844655335
beethoven,1,7.319112846097648
palestine,1,4.7341503453764915
refugee,1,2.511757924040044
healy,1,7.319112846097648
vietnam,1,3.734150345376492
attribute,1,1.3418329225977312
frequency,1,2.2747187267391946
antagonistic,1,6.319112846097648
lecturers,1,7.319112846097648
crtc,1,5.7341503453764915
islands,1,3.734150345376492
criterion,1,1.1693657265929658
australians,1,3.4122222504891293
prażmowski,1,4.7341503453764915
hypothesis,1,2.675256656322923
pilgrim,1,3.734150345376492
outstanding,1,2.618673127956556
crannog,1,4.7341503453764915
cleone,1,7.319112846097648
hmong,1,3.9971847512102854
effi,1,7.319112846097648
ciencie,1,7.319112846097648
ulita,1,5.7341503453764915
tronto,1,5.7341503453764915
external,1,1.5377531325729883
decentere,1,7.319112846097648
cosmology,1,4.997184751210285
output,1,2.2747187267391946
subsequently,1,2.4611318509700757
compelling,1,3.2316500048473085
globally,1,2.2316500048473085
pcc,1,6.319112846097648
financially,1,3.734150345376492
sussman,1,7.319112846097648
blackwell,1,4.997184751210285
frank,1,5.319112846097648
elders,1,4.149187844655335
cartesian,1,7.319112846097648
dualism,1,5.319112846097648
divide,1,1.5911923915344486
ancestry,1,2.618673127956556
kid,1,5.319112846097648
eva,1,4.319112846097648
held,1,7.319112846097648
virginia,1,3.9971847512102854
pope,1,3.618673127956556
chirp,1,7.319112846097648
audiologist,1,7.319112846097648
pedestal,1,5.7341503453764915
moravia,1,4.511757924040044
accomplish,1,3.1491878446553354
univerzita,1,6.319112846097648
konstantina,1,6.319112846097648
december,1,2.734150345376492
virtual,1,0.577645859696501
theorist,1,3.0711853326540623
museological,1,2.0337106272353993
ecce,1,4.997184751210285
feldman,1,4.7341503453764915
jules,1,4.7341503453764915
pelta,1,4.7341503453764915
magnin,1,4.7341503453764915
pragmatic,1,3.618673127956556
facet,1,3.734150345376492
morse,1,5.7341503453764915
