Key,Item Type,Publication Year,Author,Title,Publication Title,ISBN,ISSN,DOI,Url,Abstract,Date,Date Added,Date Modified,Access Date,Pages,Num Pages,Issue,Volume,Number Of Volumes,Journal Abbreviation,Short Title,Series,Series Number,Series Text,Series Title,Publisher,Place,Language,Rights,Type,Archive,Archive Location,Library Catalog,Call Number,Extra,Notes,File Attachments,Link Attachments,Manual Tags,Automatic Tags,Editor,Series Editor,Translator,Contributor,Attorney Agent,Book Author,Cast Member,Commenter,Composer,Cosponsor,Counsel,Interviewer,Producer,Recipient,Reviewed Author,Scriptwriter,Words By,Guest,Number,Edition,Running Time,Scale,Medium,Artwork Size,Filing Date,Application Number,Assignee,Issuing Authority,Country,Meeting Name,Conference Name,Court,References,Reporter,Legal Status,Priority Numbers,Programming Language,Version,System,Code,Code Number,Section,Session,Committee,History,Legislative Body
2TT5GVJV,journalArticle,2020,"Adrian, Valérie",Transgenders of the child and the adolescent: A legacy in movement; Les transidentités de l'enfant et de l'adolescent: un héritage en mouvement,Annales Medico-Psychologiques,,,10.1016/j.amp.2020.04.006,https://www.scopus.com/inward/record.uri?eid=2-s2.0-85085105688&doi=10.1016%2Fj.amp.2020.04.006&partnerID=40&md5=a52b3902f8ab57a56a542f04887ae553,"Nowadays, in France, specialized consultations for transgender youth are developed. In a context of societal, political and anthropological evolution of the concept of gender, the international experience of the Gender Clinics abroad and the Standards of Care produced by international professional associations are guiding the French experience for gender transition in children and adolescents. © 2020",2020,2025-12-16 16:10:38,2025-12-16 16:10:38,,644 - 649,,6,178,,,,,,,,,,,,,,,,,Type: Article,,,,anthropology; consultation; politics; human; child; adolescent; Article; personal experience; professionalism; France; transgender; transitional care,,,,,,,,,,,,,,,,,,,,,,,,,,,,,,,,,,,,,,,,,,,,,,,
MPKDFSVK,journalArticle,,"Àkànle, Olayinka Below",,,,,,,,,2025-12-16 16:10:38,2025-12-16 16:10:38,,,,,,,,,,,,,,,,,,,,,,,,,,,,,,,,,,,,,,,,,,,,,,,,,,,,,,,,,,,,,,,,,,,,,,,,,
HXWZAXGV,journalArticle,2017,"Babino, Alexandra; Stewart, Mary Amanda","“I Like English Better”: Latino Dual Language Students’ Investment in Spanish, English, and Bilingualism",Journal of Latinos and Education,,,10.1080/15348431.2016.1179186,https://www.scopus.com/inward/record.uri?eid=2-s2.0-84973110374&doi=10.1080%2F15348431.2016.1179186&partnerID=40&md5=9dc12c6ab3fd9924548b164339093a6a,"This mixed-methodology study surveys 63 fifth graders in a one-way dual language school. Findings alarmingly indicate that although these students are native Spanish speakers in a school that delivers 50% of their instruction in Spanish, they prefer English both academically and socially. Subsequent interviews with 10 sample students of the larger study generate deeper understandings about how these students view their languages. If dual language programs are going to be maximally successful, then they must foster an environment that encourages students’ attitudes and investments toward both of their languages, taking particular care to protect and promote the minority language. © 2017 Taylor & Francis Group, LLC.",2017,2025-12-16 16:10:40,2025-12-16 16:10:40,,18 - 29,,1,16,,,,,,,,,,,,,,,,,Type: Article,,,,,,,,,,,,,,,,,,,,,,,,,,,,,,,,,,,,,,,,,,,,,,,,,,,
VAWJVI8Z,journalArticle,2024,"Bellón, Paula; Nieva, Silvia; Rena Lyons, Rena",Amplifying Parental Views about Language Choice When Raising Multilingual Children: Towards a Family-Centered Approach in Professional Contexts,Languages,,,10.3390/languages9070250,https://www.scopus.com/inward/record.uri?eid=2-s2.0-85199887056&doi=10.3390%2Flanguages9070250&partnerID=40&md5=05d05097ddade09da35c689ae5d2b8ca,"Multilingualism has become the norm in families all over the world. These families need to juggle their children’s linguistic identity and integration in their contexts. They may also need professional advice about which language(s) they should use at home, especially when children present with developmental disorders. There is a dearth of studies addressing the role parental views play in home-language maintenance with children with developmental disorders. This study is conducted in Spain, where Spanish is the national language, along with local languages in certain regions, as well as foreign languages. This qualitative study aimed to deepen our understanding of the views about language choice of multilingual families whose children have either typical language development or a developmental disorder in Spain. We recruited 26 parents of multilingual children aged between 5 and 10 years, from different linguistic backgrounds. Semi-structured online interviews were conducted. The data were analyzed through reflexive thematic analysis. The findings illustrate the complexity and nuance of parents’ views and decisions regarding language choice in their contexts. The themes included identity and belonging, as well as the influences of external advice on parental decisions. It is important that professionals such as speech–language therapists understand these views to enable them to deliver family-centered care. © 2024 by the authors.",2024,2025-12-16 16:10:40,2025-12-16 16:10:40,,,,7,9,,,,,,,,,,,,,,,,,Type: Article,,,,,,,,,,,,,,,,,,,,,,,,,,,,,,,,,,,,,,,,,,,,,,,,,,,
L5C8Y7MI,journalArticle,2024,"Belmonte, Genuario; Balestrieri, Rosario; Santacesaria, Francesca Cornelia; Fanizza, Carmelo","Proposals of ""Open Air"" tourism, associated with scientific investigation in the wild, ready as psychological health care in the period of Covid 2019 pandemic",,,,10.1007/978-3-031-52041-9_23,https://www.scopus.com/inward/record.uri?eid=2-s2.0-85205005262&doi=10.1007%2F978-3-031-52041-9_23&partnerID=40&md5=20a5b017f7fa585da02af59455c77924,"The necessity to avoid crowding situations someway braked mass tourism during the COVID pandemic period. This necessity allowed the discovery of already existing proposals of tourism in the wild (eco-tourism) for small number of participants and in open air situations. Among the already structured eco-tourism proposals, a particular role is played by the guided observation of animals in the wild (birdwatching and whale watching). Also the not diffused Research Tourism (for even smaller numbers of tourists) has been re-launched embracing also the other proposals under the common purpose of obtaining scientific results, by the helping of citizens in direct collaboration with researchers during their expeditions in the wild. The Res-Tourism, however, is different from the Citizen Science in the fact that participants are under the direct control of scientists and not independent in the collection and communication of data. This aspect of eco-tourism simply waits for cumulative definitions and ethical rules, being the organization aspects (as in the case of birdwatching and whale watching) already structured and economically valuated. © The Author(s), under exclusive license to Springer Nature Switzerland AG 2024. All rights reserved.",2024,2025-12-16 16:10:40,2025-12-16 16:10:40,,337 - 350,,,,,,,,,,,,,,,,,,,,Type: Book chapter,,,,,,,,,,,,,,,,,,,,,,,,,,,,,,,,,,,,,,,,,,,,,,,,,,,
WXNZYRFI,journalArticle,2024,"Bley, Lucia",Collective elaboration as a way out of institutional “Mortification ?” Fernando Ulloa's Clinical and political legacy; Sortir de la « mortification » institutionnelle par le collectif ? Héritage clinique et politique de Fernando Ulloa,Evolution Psychiatrique,,,10.1016/j.evopsy.2023.08.003,https://www.scopus.com/inward/record.uri?eid=2-s2.0-85171677597&doi=10.1016%2Fj.evopsy.2023.08.003&partnerID=40&md5=e057538eff9b4a84340a3fe13e31190e,"Introduction: The article proposes to explore the work as well as the clinical and political career of Fernando Ulloa, an essential reference for institutional analysis in Argentina. It will also address links with the movement for institutional psychotherapy in France. Method: Through a study of his works and his lectures in the academic, psychoanalytical, and political sphere, we show how Fernando Ulloa's work interrogates the violence that runs through healthcare institutions as well as the notion of “collective elaboration.” Results: By putting the social issue at the heart of clinical work and by interweaving the therapeutic and didactic dimensions, the work of Fernando Ulloa is strongly inspired by that of Pichon Rivière, of whom he was one of the main students, and of the latter's “group operatives”. Indeed, his work as a psychoanalyst with what he calls “social numerosity” aims to contribute to the emergence of collective critical thought. His commitment to social justice and his fight for human rights led him to theorize the notion of a “culture of mortification,” a certain tone of contemporary institutional suffering. He points to collective elaboration and “tenderness” as the two ways out of this mortification. Discussion: His constant effort to articulate psychoanalysis and politics resonates meaningfully with the violence that currently abounds in the realm of psychic care in France. It also questions our relationship to theoretical dogmas and proposes to conceive of the psychoanalytic ethic as that of a “psychoanalytic being” at any given point in time, and not as an identity. Conclusion: The clinical and political legacy of Fernando Ulloa helps us to question our commitment to clinical work and to reflect upon what heals institutions and those who practice within them. © 2023 Elsevier Masson SAS",2024,2025-12-16 16:10:42,2025-12-16 16:10:42,,138 - 147,,1,89,,,,,,,,,,,,,,,,,Type: Article,,,,social justice; politics; violence; article; human; male; controlled study; human experiment; France; heart; human rights; psychoanalysis; theoretical study,,,,,,,,,,,,,,,,,,,,,,,,,,,,,,,,,,,,,,,,,,,,,,,
HG7KTN8S,journalArticle,2013,"Christie, William H.",Blackwood’s Edinburgh Magazine in the Scientific Culture of Early Nineteenth-Century Edinburgh,"Palgrave Studies in the Enlightenment, Romanticism and Cultures of Print",,,10.1057/9781137303851_10,https://www.scopus.com/inward/record.uri?eid=2-s2.0-85145719559&doi=10.1057%2F9781137303851_10&partnerID=40&md5=1c8be95b270e7d0f12536c30f520c3c8,"The April 1818 number of Blackwood’s Edinburgh Magazine opens with a proto-Brechtian sketch entitled ‘Galileo at the Inquisition’, in which Galileo is imagined in dialogue with one of the monks, his gaoler. It is difficult to tell where exactly the sympathy of the author lies throughout the interaction - or perhaps it is more accurate to say that the moral authority appears to shift between the two characters. Galileo is immediately recognizable as the hero of a scientific modernity, resisting the politico-theological constraints of an oppressive ‘universal’ church. Yet the question of whose ‘truth’ proves the more vulnerable remains unclear, as when Galileo yearns heavenward and the Monk recommends he ‘study the scriptures, with care and diligence, and you will have no need for optical contrivances’: Galileo I think there is no sacrilege in attempting to discover more of the nature of the universe than what is revealed in [the Scriptures]. Monk So you believe yourself capable of succeeding in the attempt? Galileo Perhaps I do. Monk Do not allow yourself to be led away by the idle suggestions of selfconceit. What is there to be seen about you, which should enable you to penetrate farther into the secrets of the universe than me and the rest of mankind? © 2013, William Christie.",2013,2025-12-16 16:10:44,2025-12-16 16:10:44,,125 - 136,,,,,,,,,,,,,,,,,,,,Type: Book chapter,,,,,,,,,,,,,,,,,,,,,,,,,,,,,,,,,,,,,,,,,,,,,,,,,,,
A9NBEL7X,journalArticle,2022,"D’Andrea, Federica; Tischler, Victoria A.",“It inspires me and suddenly the ideas come”: exploring the use of cultural venues in mental health care,Arts and Health,,,10.1080/17533015.2020.1866622,https://www.scopus.com/inward/record.uri?eid=2-s2.0-85098594512&doi=10.1080%2F17533015.2020.1866622&partnerID=40&md5=c4ffca52827165200666f5cbc60028ba,"Aims: This study aimed to explore the experiences of a group of adults with a history of substance misuse taking part in a novel, multi-centre cultural intervention: Creative Conversations, including the impact of the project on participants' mental health. Methods: A qualitative approach was used including a Visual Matrix and observation in order to explore the experiences of 10 participants recruited from drug and alcohol services. Results: The results indicated positive impacts on mental health including a growing sense of competence, engagement, social integration and a sense that the project provided therapeutic support that translated into integrating creative activities into their everyday habits. Conclusions: Cultural interventions like Creative Conversations demonstrate positive impacts on mental health, engaging individuals who may find it difficult to access services such as those with substance misuse issues, and play an important role in sustaining and promoting mental wellbeing in the community. Despite positive findings, projects such as this require adequate staff training and sustained funding in order to provide wider benefits to those with mental health problems. © 2020 Informa UK Limited, trading as Taylor & Francis Group.",2022,2025-12-16 16:10:46,2025-12-16 16:10:46,,102 - 118,,1,14,,,,,,,,,,,,,,,,,Type: Article,,,,Humans; adult; Adult; human; mental health; drug dependence; Mental Health; Substance-Related Disorders,,,,,,,,,,,,,,,,,,,,,,,,,,,,,,,,,,,,,,,,,,,,,,,
YBV4ETPX,journalArticle,2022,"Ekelund, Robin",Retrospective Sanctuaries: Investigating Conflicts in Retrospective Facebook Groups,Culture Unbound,,,,https://www.scopus.com/inward/record.uri?eid=2-s2.0-85134371121&partnerID=40&md5=f81a23720b683a068f1e82642e149ab4,"This article investigates conflicts in retrospective Facebook groups, i.e., groups created with a particular interest and focus on the past, to analyse how members of these groups understand the past and how they negotiate, resist and challenge each other’s notions of the past. The data comes from a netnographic fieldwork within six such retrospective groups. Theoretical inspiration is drawn from Actor-Network-Theory (Harrison 2013, Latour 2005). The analysis thusly focuses on human (the members of the groups) as well as non-human actors (the operative logic of Facebook) and study how these produce associations between the past and the present. An overall result of the study is that the retrospective Facebook groups are not characterised by conflict. Instead, they are produced as places of sanctuary, where associations with the past becomes a basis for a nostalgic feel-good culture. However, the analysis also shows that the sanctuaries build on the production of a discontinuity and a conflict between the past and the present. Using Boym’s concept of ruinophilia, as well as Bauman’s concept of retrotopia, the article discusses how the conflicted discontinuity between the past and the present produces an us-and-them relationship where group members can come together in a nostalgic as well as a critical care for the world as it (in their perspectives) was supposed to be. The analysis also illustrates how members’ use of sources and references becomes a mere stylistic performance of authority, as the operative logic of Facebook not only enables but also constrains group interactions, reducing the members’ possibilities of having profound interactions and negotiations based on their memories and notions of the past. The article hereby contributes to the emerging research on digital memories in general, and memory work on Facebook in particular. © This work is licensed under a Creative Commons Attribution 4.0 International License",2022,2025-12-16 16:10:51,2025-12-16 16:10:51,,61 - 82,,2,14,,,,,,,,,,,,,,,,,Type: Article,,,,,,,,,,,,,,,,,,,,,,,,,,,,,,,,,,,,,,,,,,,,,,,,,,,
PUK8BLVQ,journalArticle,2010,"Fuentes Pardo, José María; Gallego, Eutiquio; García, Ana Isabel; Ayuga Téllez, Francisco",New uses for old traditional farm buildings: The case of the underground wine cellars in Spain,Land Use Policy,,,10.1016/j.landusepol.2009.10.002,https://www.scopus.com/inward/record.uri?eid=2-s2.0-77649338807&doi=10.1016%2Fj.landusepol.2009.10.002&partnerID=40&md5=dd62d80f3a78c1f33c9343a263806fb2,"Traditional buildings are important features of the rural landscape and a valuable documental source about rural technology and ways of life in the countryside. For the last 60 years many traditional farm buildings have lost their original function because of the great changes in the European agricultural sector. Their respectful conversion to adopt new activities provides economic, socio-cultural and landscape benefits for promoters and the whole rural community. Traditional wine caves used for the production and storage of wine are particular good examples of redundant rural buildings needing for viable new uses. The aims of this paper are to present the architectural features of these agro-industrial spaces and to discuss suitable new uses for them. The technical, socioeconomic and legal contexts of the reuse are also examined in the paper. The use of traditional wine cellars in the production of high-quality artisanal wines, cheeses and cured meats, for cultural activities, as restaurants, or in the production of mushrooms, among others, are viable reuse proposals according to the current needs in the Mediterranean rural areas. Nevertheless, special care must be taken when restoring these spaces in order to respect the identity and the aesthetic appeal of the ancient cellars and not to come into conflict with the planning and building regulations. © 2009 Elsevier Ltd. All rights reserved.",2010,2025-12-16 16:10:52,2025-12-16 16:10:52,,738 - 748,,3,27,,,,,,,,,,,,,,,,,Type: Article,,,,rural landscape; Spain; rural area; rural society; documentary source; rural planning; esthetics; agroindustry; Basidiomycota,,,,,,,,,,,,,,,,,,,,,,,,,,,,,,,,,,,,,,,,,,,,,,,
3LEDLKUD,journalArticle,2023,"Ghio, Fabrizio; Stefanelli, Enrica Marcella; Ampolo, Enrico","The Flight of Saint Mary Magdalene—A Case Study of the Dismantling, Repositioning and Restoration of a Votive Aedicule and Wall Painting in Nardò, Lecce, Italy",Heritage,,,10.3390/heritage6040182,https://www.scopus.com/inward/record.uri?eid=2-s2.0-85153966367&doi=10.3390%2Fheritage6040182&partnerID=40&md5=5502711be1342e5503242a57854959e3,"The work carried out as part of construction on a ring road around Nardò (Lecce, South Italy) involved a votive aedicule attached to the perimeter wall of a rural building that had been scheduled for demolition. Provision was made for the movement and relocation of the building, dedicated to St. Mary Magdalene, to an adjacent area, in addition to the restoration of the pictorial decoration itself. The intervention was designed to conserve the building as testimony of its use for future generations, given its value and sense of identity for the local community. The project was largely conservatory, thus guaranteeing the continuity of its still active devotional function. In this sense, the restoration of the building was also associated with an educational aim of raising awareness of the importance of eco-compatible care of the landscape. So, this project highlights the importance of social, as much as environmental, sustainability. © 2023 by the authors.",2023,2025-12-16 16:10:52,2025-12-16 16:10:52,,3429 - 3447,,4,6,,,,,,,,,,,,,,,,,Type: Article,,,,,,,,,,,,,,,,,,,,,,,,,,,,,,,,,,,,,,,,,,,,,,,,,,,
4BDRJMWY,journalArticle,2025,"Lang, Luciana; Yarker, Sophie; Phillipson, Chris J.; Buffel, Tine",Exploring the role of faith spaces as social infrastructure in creating age-friendly communities,"Journal of Religion, Spirituality and Aging",,,10.1080/15528030.2025.2559227,https://www.scopus.com/inward/record.uri?eid=2-s2.0-105018193767&doi=10.1080%2F15528030.2025.2559227&partnerID=40&md5=78e2a251efc53f771a7f6db7c9ba1c5f,"Faith spaces are vital but overlooked forms of social infrastructure that support older adults. They are especially important for marginalized and minoritized groups who may face barriers to mainstream services. While Age-Friendly Cities and Communities (AFCC) initiatives aim to develop supportive environments for ageing populations, they have rarely engaged with faith spaces, despite their role in facilitating community support and informal care. This paper addresses this gap by examining both the existing and potential contributions of faith spaces to the development of AFCC, highlighting how faith spaces currently serve, and could further enhance social support for older adults, particularly those from marginalised and minoritized groups. Drawing on 18 months of ethnographic fieldwork across four faith spaces in Greater Manchester, UK, this study highlights how faith spaces provide practical, emotional, and spiritual support, facilitate intergenerational exchange, and act as gateways to wider community engagement. However, findings also reveal structural inequalities, including disparities in resources between faith communities and exclusions shaped by gender, cultural norms, and racial discrimination. This paper argues that a more strategic integration of faith spaces into AFCC frameworks can enhance the inclusivity the AFCC movement and strengthen support for diverse communities, particularly marginalised groups navigating life transitions. © 2025 The Author(s). Published with license by Taylor & Francis Group, LLC.",2025,2025-12-16 16:10:58,2025-12-16 16:10:58,,,,,,,,,,,,,,,,,,,,,,Type: Article,,,,,,,,,,,,,,,,,,,,,,,,,,,,,,,,,,,,,,,,,,,,,,,,,,,
9JMHTWBW,journalArticle,2023,"Langley, Winston E.",The World He Sought: Nazrul in Coolies and Laborers,Journal of Ethnic and Cultural Studies,,,10.29333/ejecs/1543,https://www.scopus.com/inward/record.uri?eid=2-s2.0-85149638820&doi=10.29333%2Fejecs%2F1543&partnerID=40&md5=7fd028b99f64ec908ec653cf067d890a,"Kazi Nazrul Islam, the national poet of Bangladesh, envisioned a future possibility for humankind, a community of care. The dominant socio-economic and political thinking of this century, however, finds his vision and unrealizable dream, especially in the light of the cleavages that wall human groupings from another—ethnicity, gender, geography, language, nationality, race, religion, and social class, among others. The focus of this article is to show that the dream has been informing some of the thinking of the last and present century, from a variety of cultural traditions, and that its policy implications, through a number of forums, including the United Nations, offer a future within which the entire human species, together, and the Earth, can mutually thrive and grow. © 2023, Florida Gulf Coast University. All rights reserved.",2023,2025-12-16 16:10:58,2025-12-16 16:10:58,,165 - 181,,1,10,,,,,,,,,,,,,,,,,Type: Article,,,,,,,,,,,,,,,,,,,,,,,,,,,,,,,,,,,,,,,,,,,,,,,,,,,
C975ZNJH,journalArticle,2019,"Ławski, Jarosław",Regionalism in the wilderness astray; Regionalizm na puszczańskich manowcach,Bibliotekarz Podlaski,,,10.36770/bp.53,https://www.scopus.com/inward/record.uri?eid=2-s2.0-85150899459&doi=10.36770%2Fbp.53&partnerID=40&md5=7066c2c68fff0d5048e4002bb1995e18,"The article is a critical review of the volume The Book of the Pisz Forest (edited by W. Mierzwa, Dąbrówno 2018). This volume, according to the reviewer, is a record of the crisis of regionalist literature, which is primarily governed by market laws. The care for editorial design does not go hand in hand with any coherent concept of this type of publishing. It shows a visually attractive but objectified image of the Pisz Forest, its nature, history and culture. In addition, the volume does not contain any rescue program to save the Forest. © 2019, Ksiaznica Podlaska. All rights reserved.",2019,2025-12-16 16:10:58,2025-12-16 16:10:58,,313 - 327,,1,42,,,,,,,,,,,,,,,,,Type: Article,,,,,,,,,,,,,,,,,,,,,,,,,,,,,,,,,,,,,,,,,,,,,,,,,,,
6IGTKDLD,journalArticle,2025,"Littletree, Sandra; Guerrero, Nestor; Belarde-Lewis, Miranda",Stewarding Indigenous language data: Case studies in CARE,IFLA Journal,,,10.1177/03400352251348439,https://www.scopus.com/inward/record.uri?eid=2-s2.0-105008076107&doi=10.1177%2F03400352251348439&partnerID=40&md5=07ccac0f359313299518fb2b137edbd9,"Stewarding qualitative Indigenous research data in libraries and repositories requires a nuanced, culturally responsive approach that respects Indigenous values and emphasizes relational accountability. This paper, using a case study approach, explores the decisions scholars of Indigenous language and culture face when depositing research data into a university-based special collections. The findings underscore issues of institutional trust and also indicate that providing access to their qualitative research data for future generations and community building is paramount. It also emphasizes the value of collaborative curation involving scholars, Indigenous communities, and the need for coordination between special collections and research data services within libraries. The aim of this research is to support libraries and repositories as they work to implement the CARE Principles for Indigenous Data for qualitative research data in alignment with Indigenous research methods and Indigenous knowledge systems. © The Author(s) 2025.",2025,2025-12-16 16:10:59,2025-12-16 16:10:59,,,,,,,,,,,,,,,,,,,,,,Type: Article,,,,,,,,,,,,,,,,,,,,,,,,,,,,,,,,,,,,,,,,,,,,,,,,,,,
SDFNJM8N,journalArticle,2025,"Louterbach, Mélanie",Insurgent Geology: Dismantling Alaska’s Petrostate,Journal of Architectural Education,,,10.1080/10464883.2025.2463307,https://www.scopus.com/inward/record.uri?eid=2-s2.0-105014195514&doi=10.1080%2F10464883.2025.2463307&partnerID=40&md5=d6c729fd32ca8a03f72fb04b197b2a58,"Set in Alaska in 2051, Insurgent Geology is a post-oil speculative fiction about hydrocarbons, fossils, power and people. The story blows up pipelines and takes care of the soil and, shifting from deep time to a speculative near future, it calls for Arctic insurrection, environmental geopoetics and social justice. The project critiques geology as an extractive and neocolonial discipline and activity through alternative geosocial practices, mineral kinships, and geoaesthetics in a series of design interventions along the infamous Trans-Alaska Pipeline System. © 2025 Association of Collegiate Schools of Architecture.",2025,2025-12-16 16:10:59,2025-12-16 16:10:59,,16 - 28,,1,79,,,,,,,,,,,,,,,,,Type: Article,,,,,,,,,,,,,,,,,,,,,,,,,,,,,,,,,,,,,,,,,,,,,,,,,,,
S4ZZQQBG,journalArticle,2017,"MacLean, Lauren Morris","Neoliberal democratisation, colonial legacies and the rise of the non-state provision of social welfare in West Africa; Démocratisation néolibérale, héritage colonial et la montée des prestations et services sociaux non-étatiques en Afrique de l’Ouest",Review of African Political Economy,,,10.1080/03056244.2017.1319806,https://www.scopus.com/inward/record.uri?eid=2-s2.0-85027512215&doi=10.1080%2F03056244.2017.1319806&partnerID=40&md5=dc6f3ae95d624edece7b4a6c7757afd9,"This article explores the rise of the non-state provision of social welfare in West Africa. Over the past three decades, a range of non-state actors, including secular non-governmental organisations, faith-based organisations, for-profit businesses and informal networks have provided access to basic social services such as education and health care even more extensively than states. The article asks: why has the number of non-state providers increased so markedly across Africa, and why do the predominant types of non-state providers vary in different countries? The author argues that neoliberal democratisation during the 1980s and 1990s created new opportunities and spaces for non-state providers. Yet, an analysis of Ghana, Côte d’Ivoire and Liberia shows that colonial legacies have mediated the numbers and types of non-state actors on the ground. The conclusion highlights how this growth in non-state provision has significant negative consequences for citizens’ ability to obtain equitable access to and accountability for social welfare services. © 2017 ROAPE Publications Ltd.",2017,2025-12-16 16:11:00,2025-12-16 16:11:00,,358 - 380,,153,44,,,,,,,,,,,,,,,,,Type: Article,,,,accountability; neoliberalism; colonialism; Ghana; Cote d'Ivoire; democratization; Liberia [West Africa]; social policy; welfare impact; welfare provision,,,,,,,,,,,,,,,,,,,,,,,,,,,,,,,,,,,,,,,,,,,,,,,
3YWSUW3Y,journalArticle,2014,"Méchin, Colette",Boys and the buzzard in traditional rural areas in Lorraine; Les garçons et la buse dans l'espace rural traditionnel lorrain,Anthropozoologica,,,10.5252/az2014n1a10,https://www.scopus.com/inward/record.uri?eid=2-s2.0-84904514733&doi=10.5252%2Faz2014n1a10&partnerID=40&md5=c552d5bbe8b74c6711a580182cbf18b3,"Boys and the buzzard in traditional rural areas in Lorraine. In connection with a Lorraine tale that explains 'why children do not walk when they are born', the author re-examines the context of rural society before industrialization and proposes to link the activities of young boys who go around with noise instruments in the Easter period, beliefs about animals, the concerns of women about care of the farmyard and babies learning to walk. The author's analysis of these various activities follows the approach of C. Lévi-Strauss. The chains of symbolic understanding thus exposed reveal the coherence and, to a certain extent, the strangeness of our older European societies, which are so close to us temporally and so far away in their attitudes. © Publications Scientifiques du Muséum national d'Histoire naturelle, Paris.",2014,2025-12-16 16:11:02,2025-12-16 16:11:02,,135 - 144,,1,49,,,,,,,,,,,,,,,,,Type: Article,,,,,,,,,,,,,,,,,,,,,,,,,,,,,,,,,,,,,,,,,,,,,,,,,,,
LR83BHZB,journalArticle,2010,"Melton, Gary B.","Innovations, respect, and personal renewal",American Journal of Orthopsychiatry,,,10.1111/j.1939-0025.2010.01056.x,https://www.scopus.com/inward/record.uri?eid=2-s2.0-77958468789&doi=10.1111%2Fj.1939-0025.2010.01056.x&partnerID=40&md5=ff4f014bd10f0b0149973017dc044793,,2010,2025-12-16 16:11:02,2025-12-16 16:11:02,,530 - 535,,4,80,,,,,,,,,,,,,,,,,Type: Note,,,,Aged; Humans; creativity; History; 20th Century; disability; United States; quality of life; note; health personnel attitude; community care; commercial phenomena; medical profession; consumer; mental health service; mental health care; social psychology; Disabled Persons; Emergencies; Medication Adherence; Reminder Systems; Telephone,,,,,,,,,,,,,,,,,,,,,,,,,,,,,,,,,,,,,,,,,,,,,,,
85N4BZMU,journalArticle,2024,"Panda, Sudha; Ray, Soumyendu Shankar",Aligning Peri-Urban Areas Toward Sustainable Development Goals: A Case of Pratapsasan—A Peri-Urban Area of Bhubaneswar City,Springer Geography,,,10.1007/978-3-031-77596-3_18,https://www.scopus.com/inward/record.uri?eid=2-s2.0-85219067974&doi=10.1007%2F978-3-031-77596-3_18&partnerID=40&md5=421e0b24655dbf2efd488fd6f37cadd3,"Peri-urban areas are described as transitional areas or fringe areas of cities or adjoining rural areas, experience constant transformation, and are characterized by a mix of rural and urban activities. Cities have to face the challenge of rapid urbanization and urban sprawl resulting in peri-urban areas getting strongly affected by the expansion processes of the city. The planning of peri-urban areas should not be just an extension of urban activities of the city in rural areas but have its own spatial character. This chapter focuses on sustainable planning principles of peri-urban areas taking the case of Pratapsasan, a fringe area of Bhubaneswar city, which is the capital of the eastern state of Odisha, in India. It is well known for bell metal products since the fourteenth century. The paper tries to frame the planning principles of peri-urban areas by adhering to the sustainable development goals and addressing the concerns of the local community by linking tourism with the crafts and tradition, making food production an integral part of city planning, and integration of the river beds and geomorphology while planning the road network in peri-urban areas. By integrating the market linkages, making all activities community centric, and taking care of the cultural identity and environmental concerns, the proposed development is able to take care of SDG 11 (supporting positive economic, social, and environmental links between urban, peri-urban, and rural areas) very effectively. © The Author(s), under exclusive license to Springer Nature Switzerland AG 2024.",2024,2025-12-16 16:11:04,2025-12-16 16:11:04,,403 - 424,,,Part F4103,,,,,,,,,,,,,,,,,Type: Book chapter,,,,,,,,,,,,,,,,,,,,,,,,,,,,,,,,,,,,,,,,,,,,,,,,,,,
I9F6B578,journalArticle,2021,"Peng, Mei; Gu, Lizhu; Kong, Zilin; Zou, Lan",Research review and prospects of VOSviewer-based textile plant dyeing; 基于 ＶＯＳｖｉｅｗｅｒ 的纺织品植物染色研究回顾与展望,Journal of Silk,,,10.3969/j.issn.1001-7003.2021.09.009,https://www.scopus.com/inward/record.uri?eid=2-s2.0-85129078085&doi=10.3969%2Fj.issn.1001-7003.2021.09.009&partnerID=40&md5=3b142c8efe58bebcfa8d918e7c3af0bc,"Textile plant dyeing process has a long history. To accelerate its development and clarify the areas of weakness and trends of existing research, VOSviewer was used to sort out and analyze the existing research literature. Certain research achievements have been achieved in plant dyes, processes, fabrics, applications and development. However, in view of single application of plant dyeing materials and dyeing processes, insufficient development of its fabries, and scarce research on its production and marketing, this study proposes to strengthen the research and development of new plant dyeing fabrics in the future, strengthen the research on market demand and design application of plant dyeing products, and enhance multi- disciplinary research. For example, it is suggested to adopt ultrasonic and microwave to improve the dyeing effect and the health care function of plant dyeing products, etc. It is also recommended to conduct in-depth research and practice of textile plant dyeing, promote its research to establish a more complete and broader system. © 2021 China Silk Association. All rights reserved.",2021,2025-12-16 16:11:04,2025-12-16 16:11:04,,53 - 59,,9,58,,,,,,,,,,,,,,,,,Type: Article,,,,,,,,,,,,,,,,,,,,,,,,,,,,,,,,,,,,,,,,,,,,,,,,,,,
GXI2B36W,journalArticle,2024,"Penteado, Ana; Prasad Chakrabarty, Shambhu Prasad; Shaikh, Owais Hassan",Traditional Knowledge and Climate Change: An Environmental Impact on Landscape and Communities,,,,10.1007/978-981-99-8830-3,https://www.scopus.com/inward/record.uri?eid=2-s2.0-85219605974&doi=10.1007%2F978-981-99-8830-3&partnerID=40&md5=6cfae97c0c4f1e5372032dc3dd7e3c2c,"This edited book uses a methodology that includes multidisciplinary collaboration to approach climate issues from several disciplines involved in climate governance. The main aim is to showcase collaborative research designed from the point of view of experiences associated with Indigenous Knowledge from an assumption of the equitable importance of its practices, methods of search, and cultural background that Indigenous Peoples custodians have maintained through time immemorial. In showing their applied ethics and activism to protect their traditional land, this book’s mission is to advocate the concept of climate justice absent from our mainstream academic and legal discourse. Their investigation into some real-life examples and local practices organised by Nature as their main element offers, inter alia, a detailed account of Indigenous Knowledge’s duty of care towards local biodiversity that can potentially be adopted in policy formulation on environmental management and governance. These selected essays represent an international human rights approach, a human understanding of genetic resources that existed for centuries alongside the First Nations and their strategies to mitigate the contemporary climate crisis afflicting all of us. The book revolves around Indigenous Knowledge of First Peoples, tribal and local communities in the Global South. In climate justice, Indigenous Peoples’ advocacy to protect our local biodiversity must be crucial change mitigation. © The Editor(s) (if applicable) and The Author(s), under exclusive license to Springer Nature Singapore Pte Ltd. 2024.",2024,2025-12-16 16:11:04,2025-12-16 16:11:04,,1 - 329,,,,,,,,,,,,,,,,,,,,Type: Book,,,,,,,,,,,,,,,,,,,,,,,,,,,,,,,,,,,,,,,,,,,,,,,,,,,
XV9UING9,journalArticle,2018,"Quintanilla Chala, José","Take care of time, make time, space time; Cuidar el tiempo, hacerse el tiempo, espaciar el tiempo",ARQ,,,,https://www.scopus.com/inward/record.uri?eid=2-s2.0-85069452473&partnerID=40&md5=f9263c55bab038647c15eb34c11f8ef7,,2018,2025-12-16 16:11:05,2025-12-16 16:11:05,,94 - 105,,100,2018,,,,,,,,,,,,,,,,,Type: Note,,,,,,,,,,,,,,,,,,,,,,,,,,,,,,,,,,,,,,,,,,,,,,,,,,,
398DAZTV,journalArticle,2019,"Redbird-Post, Melody",Indigenous language revitalization in early care and education: An overview of the available literature,,,,10.1007/978-3-030-02438-3_157,https://www.scopus.com/inward/record.uri?eid=2-s2.0-85089543964&doi=10.1007%2F978-3-030-02438-3_157&partnerID=40&md5=66a25d99d620de8403b36b96131a0389,"In the United States, most tribal languages are considered endangered, and over the past two decades, there has been a steady increase in the number of sovereign tribal nations who seek to implement language revitalization programs. As the interest in establishing language revitalization programs grows, there is a need for tribal stakeholders to survey the literature available on language revitalization in tribal communities. This chapter will provide a comprehensive literature review of the current research on tribal language revitalization programs with an emphasis on programs established to serve children ages infant through age 7 years old. Since the human capacity for language learning is at its peak during the first few years of a child's life, evidence has demonstrated that endangered language revitalization programs are most effective for the early childhood age group as early care and education programs. While indigenous languages are each distinct from each other, there are many lessons to be learned as well as common challenges across tribes as language revitalization programs are implemented. This chapter explores the breadth and the availability of current literature in early childhood indigenous language revitalization in the United States. © Springer Nature Switzerland AG 2020. All rights reserved.",2019,2025-12-16 16:11:05,2025-12-16 16:11:05,,1695 - 1710,,,1,,,,,,,,,,,,,,,,,Type: Book chapter,,,,,,,,,,,,,,,,,,,,,,,,,,,,,,,,,,,,,,,,,,,,,,,,,,,
9UQQJ2KI,journalArticle,2018,"Reiss, Michael Jonathan",The relevance of natural history dioramas for sociocultural issues,,,,10.1007/978-3-030-00208-4_14,https://www.scopus.com/inward/record.uri?eid=2-s2.0-85074311172&doi=10.1007%2F978-3-030-00208-4_14&partnerID=40&md5=38121e221ed90ebd11012ff527c02c51,"Tremendous care is generally taken in the design and construction of natural history dioramas, yet any diorama may be read in a number of ways. In this chapter I review the other chapters in this book and look at the extent to which they take seriously the importance of sociocultural issues for natural history dioramas and the importance of natural history dioramas for sociocultural issues. The reality is that dioramas present a distinctive staging of reality. This is not to imply that they are fictional but to acknowledge that their construction (some would say fabrication) results in a dance between the intentions of those who design and construct them, the dioramas themselves and their audiences. This gives dioramas great potential both as tools for education and as tools for cultural reflection and critique. © Springer Nature Switzerland AG 2019. All rights reserved.",2018,2025-12-16 16:11:05,2025-12-16 16:11:05,,201 - 211,,,,,,,,,,,,,,,,,,,,Type: Book chapter,,,,,,,,,,,,,,,,,,,,,,,,,,,,,,,,,,,,,,,,,,,,,,,,,,,
4N3CFLN7,journalArticle,2023,"Shaffrey, Bridget","""You don't have to go home, but you can stay here:"" Resilience amongst ruins in the community pub buyout campaign of the Horncliffe's Fishers arms",,,,10.1007/978-3-031-39008-1_27,https://www.scopus.com/inward/record.uri?eid=2-s2.0-85196195376&doi=10.1007%2F978-3-031-39008-1_27&partnerID=40&md5=9006f4e66f6278c6a2b3a4e5e67f96df,"This chapter builds from literature related to the geographies Geography of ruination, deindustrialization Deindustrialization, and development to explore the efforts, motivations, and actions of the Fishers Arms Community Community Pub Buyout Campaign in Horncliffe, Northumberland. In particular, this work considers these dynamics in tangent with the pub and surrounding area's history, the significance of this history on the pub's identity, and participants' narratives of place Place. In doing so, this chapter aims to illustrate that seemingly mundane, everyday spaces like village pubs Village pubs can embody an intersecting, multi-scalar politics Politics and act as sites of resistance against dominant, hierarchical narratives of deindustrialized places Place. Thus, this work aims to highlight how the spatial imaginaries and visions of futurity that exist in sites of deindustrialization Deindustrialization and emerge through everyday activities within them might construct endurance and a 'lace Place-based ethics of care' not despite ruination but within and among it (Till in Collaborative resilience: Moving from crisis to opportunity. MIT Press, 2011). © The Author(s), under exclusive license to Springer Nature Switzerland AG 2023. All rights reserved.",2023,2025-12-16 16:11:07,2025-12-16 16:11:07,,349 - 362,,,,,,,,,,,,,,,,,,,,Type: Book chapter,,,,,,,,,,,,,,,,,,,,,,,,,,,,,,,,,,,,,,,,,,,,,,,,,,,
6G8D4YP2,journalArticle,2019,"Sicklinger, Andreas; Varini, Riccardo; Succini, Laura; Galavotti, Naomi",Design and Communities: Exploring rural territories,Strategic Design Research Journal,,,10.4013/SDRJ.2019.122.05,https://www.scopus.com/inward/record.uri?eid=2-s2.0-85085590504&doi=10.4013%2FSDRJ.2019.122.05&partnerID=40&md5=ada8c3e3cfb2a002e17e2dd74235bb1e,"Community Design is the result of a natural and healthy evolution in the broader sphere of design. While on the one hand design today still directs significant attention, care and resources to the design of objects, services and consumer products, sometimes useful and sustainable, sometimes neither useful nor ethical, on the other hand youngest designers invest in virtuous cultural, environmental and social processes of mediation, reconfiguration and interaction between communities and the territories they belong to, with a more humanistic than technocratic approach. A field in which the designer cooperates closely with local residents in multidisciplinary groups, enriched with new experts in the humanities such as philosophers, geographers, anthropologists and ethnographers. Through some comparative case studies of projects run in Lebanon and Italy, the paper wants to discuss the importance for designers to use an experiential and anthropological approach for the development of new items, using the narrative tool to embrace the entire symbolic and rhetorical form of rural traditions in their projects. Man as part of the ecosystem, man understood as an organism within organisms, immersed in a continuous and swirling morphing that can shape our work in a reciprocal relational interaction with the things themselves. © 2019 Universidade do Vale do Rio dos Sinos. All rights reserved.",2019,2025-12-16 16:11:07,2025-12-16 16:11:07,,177 - 199,,2,12,,,,,,,,,,,,,,,,,Type: Article,,,,,,,,,,,,,,,,,,,,,,,,,,,,,,,,,,,,,,,,,,,,,,,,,,,
HQR5MLW6,journalArticle,2012,"Sieca-Kozlowski, Élisabeth",The Post-Soviet Russian State facing war veterans' psychological suffering. Concept and legacy; L'état russe postsoviétique face à la souffrance psychique de guerre conception et héritage,Revue d'Etudes Comparatives Est-Ouest,,,10.3917/receo.434.0005,https://www.scopus.com/inward/record.uri?eid=2-s2.0-84875471847&doi=10.3917%2Freceo.434.0005&partnerID=40&md5=18976a9eccaaa447cc2b2c84e27a2c39,"In 1996, a study conducted by a psychiatrist among Russian military conscripts who took part in the first campaign in Chechnya showed that there had been proportionately more victims of psychiatric disorders in Chechnya than in Afghanistan. Since then, a second campaign has followed which is considered to have sent 1.8 million men into the field. Despite its experience of conflicts in recent decades (Afghanistan, two Chechnya campaigns, Ossetia, Georgia), the system for the care and psychological rehabilitation of veterans remains fragmentary. Although psychiatry has been existed for a long time in the Russian army, it has long been oriented towards the optimisation of the capacity of men rather than the care of their suffering. Psychology has emerged recently and its effectiveness is limited. Within the Ministry of Internal Affairs, which has sent a number of policemen to the battlefield, psychiatry has developed in a very limited way and remains oriented toward the selection and management of the human factor (personnel), while psychology, introduced later, is still at an early stage. Several explanations are considered. First of all the non-recognition of the war and incidentally the impact of combat on men. Then a system of psychological expertise deeply marked by a conception of the individual and his psychological state of mind in which trauma is linked to personal weakness.",2012,2025-12-16 16:11:07,2025-12-16 16:11:07,,5 - 33,,4,43,,,,,,,,,,,,,,,,,Type: Article,,,,,,,,,,,,,,,,,,,,,,,,,,,,,,,,,,,,,,,,,,,,,,,,,,,
VY5C9HJV,journalArticle,2015,"Velegrinis, Steven; Katodrytis, George",Drawing on Sand: Cities in the Making,Architectural Design,,,10.1002/ad.1856,https://www.scopus.com/inward/record.uri?eid=2-s2.0-85031756193&doi=10.1002%2Fad.1856&partnerID=40&md5=a8adcabfe243c93194e78154119baa5b,"Steven Velegrinis, Director of Urban Design for Perkins+Will in Dubai, and Guest-Editor George Katodrytis liken Gulf cities to the shifting sands that they sit upon. Showing urban development to be in a constant state of flux in the region, they highlight four key eras in the unprecedented rapid development of these cities. © © 2015 John Wiley & Sons, Ltd.",2015,2025-12-16 16:11:11,2025-12-16 16:11:11,,72 - 79,,1,85,,,,,,,,,,,,,,,,,Type: Article,,,,,,,,,,,,,,,,,,,,,,,,,,,,,,,,,,,,,,,,,,,,,,,,,,,
F7IP6SWJ,journalArticle,2016,"Vinogradov, Igor’ А.",Paternal care: emperor nicolas i in gogol’s fate; ОТЕЧЕСКОЕ ПОПЕЧЕНИЕ: ИМПЕРАТОР НИКОЛАЙ I В СУДЬБЕ ГОГОЛЯ,Studia Litterarum,,,10.22455/2500-4247-2016-1-1-2-269-277,https://www.scopus.com/inward/record.uri?eid=2-s2.0-85102741160&doi=10.22455%2F2500-4247-2016-1-1-2-269-277&partnerID=40&md5=def7be99b16f2bbef7f00273d6ba56d7,"The essay for the first time highlights the history of a long-term attention and patronage that Еmperor Nicholas I as philanthropist, censor, and reader bestowed on Nikolay Gogol. It shows the increasing interest of the members of the tsar family to Gogol’s works starting with the Evenings on a Farm near Dikanka; following the established rule, Gogol presented his just published works including Mirgorod, The Government Inspector, Dead Souls, collected works in four volumes, and Selected Passages from Correspondence with Friends to the Emperor and his family. The essay enumerates and highlights numerous cases of awards and financial aid given to Gogol by the Emperor and his family members in the 1830–1840s; Gogol’s appeal to the Emperor concerning the censorship of The Government Inspector; his intention to turn to the help of Nicholas I on the occasion of the censorship of Dead Souls and republication of Selected Passages from Correspondence with Friends; a request to the tsar to issue him a passport for his pilgrimage to the Holy Land; Gogol’s plans to get a position of the educator of the heir’s son, Grand Duke Nicholas Alexandrovich, at the end of his life. Particular emphasis is made on the fact that the “fatherly” attitude of the sovereign towards Gogol’s writings was not always incentive; for example, alongside some other contemporaries, the Emperor disapproved of the premiere of Gogol’s “Marriage.” In conclusion, the essay draws parallels between the censorial history of The Government Inspector and posthumous fate of Gogol’s works which Nicholas I, against the censor’s verdict, approved for publication shortly before his death. © 2016 Russian Academy of Sciences-A.M. Gorky Institute of World Literature. All rights reserved.",2016,2025-12-16 16:11:11,2025-12-16 16:11:11,,269 - 277,,1-2,1,,,,,,,,,,,,,,,,,Type: Review,,,,,,,,,,,,,,,,,,,,,,,,,,,,,,,,,,,,,,,,,,,,,,,,,,,
ZJR96WYS,journalArticle,2020,"Vinogradov, Igor’ А.",Treatment and death of Nikolai Gogol: facts and fiction,Two Centuries of the Russian Classics,,,10.22455/2686-7494-2020-2-3-6-41,https://www.scopus.com/inward/record.uri?eid=2-s2.0-85179997366&doi=10.22455%2F2686-7494-2020-2-3-6-41&partnerID=40&md5=76250fb50ae334920b4f103513ad82e5,"Among the controversial issues of Nikolai Gogol’s biography, the problem of his last days occupies the most important place. This final stage of the writer’s life reveals his poorly understood views on the spiritual methods of healing from the disease. It is established that it was precisely these ideas that determined the character of Nikolai Gogol’s attitude to medical care shortly before his death. The article touches on a wide range of problems associated with medical practice in the first half of the 19<sup>th</sup> century. Attention is drawn to the unsuccessfulness of the long treatment of Nikolai Gogol and his friend, poet Nikolay Yazykov, at the main European resorts, with numerous medical luminaries of that time. The apocryphal of some information revealed in the memoirs about Nikolai Gogol of Aleksey Tarasenkov, army staff doctor, who was present at the end of the writer’s life, is revealed. The unreliability of the medical memoirist’s messages is explained by his pragmatic approach in upholding the corporate interests of the medical class, while neglecting Nikolai Gogol’s original appearance. For the first time, the identities of several authoritative physicians who had treated Nikolai Gogol abroad are established. The content of Nikolai Gogol’s last days is inscribed in the context of his long-standing notions of significance of ailments as benediction from providence; personally, the writer considered illnesses to be warning “road signs”, urging patients to search for the right path, and as an artist, in addition, he strained to improve his writing, and that was his creative and prayer feat. © 2020.",2020,2025-12-16 16:11:11,2025-12-16 16:11:11,,6 - 41,,3,2,,,,,,,,,,,,,,,,,Type: Article,,,,,,,,,,,,,,,,,,,,,,,,,,,,,,,,,,,,,,,,,,,,,,,,,,,
LSFFTLBU,journalArticle,2024,"Zhang, Xiaoyu; Ryan, Chris A.; Zhang, Guangyi; Wan, Yanyan",The Fuxi Taihao Mausoleum: sustaining cultural tradition,Tourism Recreation Research,,,10.1080/02508281.2022.2028083,https://www.scopus.com/inward/record.uri?eid=2-s2.0-85124845557&doi=10.1080%2F02508281.2022.2028083&partnerID=40&md5=3417273d64d31ec55f5486f07d18b10e,"This paper presents a study of visitors to the Fuxi Taihao Mausoleum and provides two sets of results derived from mixed methods research. The first is a description of motives and behaviours derived from observation and interviews with visitors. The second set reports statistical data derived from questionnaires completed by 553 informants pertaining to motives for visiting the site and perceived cultural importance. The paper covers practices relating to the belief systems associated with Fuxi and Nuwa, constructed, objective and existential authenticity, the strength of traditional Chinese cultural practices, but also the role of good site management. The study identifies the types of visitors and their understanding of authenticity. In addition, it notes that observation of faith-based activities and management care reinforce a sense of site ‘authenticity’. Finally, it is suggested that longitudinal study is required to assess the impacts of long-term demographic and social change on faith-based tourist attractions and uses a directed acyclic graph to suggest future research questions. © 2022 Informa UK Limited, trading as Taylor & Francis Group.",2024,2025-12-16 16:11:13,2025-12-16 16:11:13,,545 - 562,,3,49,,,,,,,,,,,,,,,,,Type: Article,,,,,,,,,,,,,,,,,,,,,,,,,,,,,,,,,,,,,,,,,,,,,,,,,,,
8DEWCCWE,journalArticle,2016,"Aarekol, Lena","Arctic trophy hunters, tourism and masculinities, 1827-1914",ACTA BOREALIA,,,10.1080/08003831.2016.1238173,,"Trophy hunting in the Arctic happened in an intersection between tourism, expeditions and hunting. This study contributes to a discrete history of masculinity within the context of trophy hunting organized from North Norway and to a broader understanding of Arctic masculinity. As trophy-hunting expeditions are primarily a male, even masculinist, practice, an analysis from a gender perspective is unavoidable. By taking an empirical approach I investigate performances of masculinity in written accounts of Arctic trophy-hunting expeditions from 1827-1914. The use of masculinity as a pivot demonstrates that a modification of the prevailing perception of Arctic masculinity is necessary. While the general understanding is dominated by an emphasis on physical strength, roughness, ingenuity, and self-realization, qualities connected to traditional knowledge of trappers, sailors and explorers, my analysis shows that trophy hunting introduced aristocratic ideals such as gentlemen's sport, self-discipline, hunting morals, care for nature and knowledge to their home communities. Trophy hunting made possible performances of different forms of masculinity, not only the conquest and mastery of nature, but also the interest in and care for nature. Women accompanied as family members and hunters, and took part in the hunt more than has been commonly noted.",2016,2025-12-16 16:11:44,2025-12-16 16:11:44,,123-139,,2,33,,,,,,,,,,,,,,,,,Type: Article,,,,gender; masculinity; Arctic; expeditions; nature; polar; tourism; travel journals; trophy hunting,,,,,,,,,,,,,,,,,,,,,,,,,,,,,,,,,,,,,,,,,,,,,,,
8756NTBN,journalArticle,2022,"Allnatt, Gemma; Lee, Alex; Scourfield, Jonathan; Elliott, Martin; Broadhurst, Karen; Griffiths, Lucy",Data resource profile: children looked after administrative records in Wales,INTERNATIONAL JOURNAL OF POPULATION DATA SCIENCE (IJPDS),,,10.23889/ijpds.v7i1.1752,,"Introduction Children who are `looked after' by the State are considered one of the most vulnerable groups in society. Being in State care is associated with poor social, educational and health outcomes. Exploring how to improve the system and better support children in care is key to improving these outcomes. When children and young people come to the attention of children's social services a significant amount of information about their care experience is routinely collected by local authorities. In Wales, routine data are captured in the `Children Looked After' Census which is submitted annually to the Welsh Government and has recently been shared with the Secure Anonymised Information Linkage (SAIL) Databank. Method The aim of this paper is to provide an overview of the main `Children Looked After' Census dataset and its subsets. These datasets contain rich, situational and individual level data on children looked after, such as information on placement types, education and leaving care. We outline the strengths and limitations of the available information and how to access the data. Results The `Children Looked After' Census has recently been made available for research purposes and access to it will enable researchers to explore and understand at population level the journey through the care system and outcomes of leaving care. There is also the opportunity, through the SAIL Databank, for data linkage to health, education and family justice datasets, allowing research to holistically explore other factors associated with being in care. Conclusion These data provide a rich source of information about children and young people who have been in care in Wales. They offer researchers opportunities to better understand the care system and outcomes for this within it. Findings will have important implications for making improvements in children's social care policy and practice.",2022,2025-12-16 16:11:44,2025-12-16 16:11:44,,,,1,7,,,,,,,,,,,,,,,,,Type: Article,,,,Wales; administrative data; children in care; children looked after; children's social care,,,,,,,,,,,,,,,,,,,,,,,,,,,,,,,,,,,,,,,,,,,,,,,
BVDCY7XZ,journalArticle,2017,"Ameen, Carly; Hulme-Beaman, Ardern; Evin, Allowen; Germonpre, Mietje; Britton, Kate; Cucchi, Thomas; Larson, Greger; Dobney, Keith",A landmark-based approach for assessing the reliability of mandibular tooth crowding as a marker of dog domestication,JOURNAL OF ARCHAEOLOGICAL SCIENCE,,,10.1016/j.jas.2017.06.014,,"Tooth crowding is one of several criteria used to infer the process of domestication in the zooarchaeo-logical record. It has been primarily used to support claims of early animal domestication, perhaps most contentiously in claims for the existence of so-called “proto-domestic” dogs as early as the Middle-Upper Palaeolithic. Tooth crowding studies vary in their methodological approaches, and interpretation of the resulting data is constrained by the limited geographic and temporal scope of reference specimens used to construct an appropriate comparative framework. To address these key problems, we present a standardised landmark-based protocol for the measurement and quantification of mandibular tooth crowding that can be systematically applied in the context of dog domestication research. We then test the assumption that tooth crowding is less frequent in ancient and modern wild wolf populations by examining 750 modern dogs and 205 modern wolves from across the modern geographic range of Canis lupus as well as 66 Late Pleistocene wolves from Alaska. Our results demonstrate that landmark-based metrics provide a reliable approach for recording and analysing tooth crowding. Although it is likely that the relatively low frequency of tooth crowding found in our modern dog dataset (similar to 6%) in part reflects the `modern' morphology of domestic breeds, the higher frequency of crowding in both modern (similar to 18%) and ancient (similar to 36%) wolves strongly suggests that current assumptions linking tooth crowding with the process of early domestication (at least in dogs) should be critically re-evaluated, and that further investigations into the drivers behind these developmental patterns should be pursued. (C) 2017 The Authors. Published by Elsevier Ltd.",2017-09,2025-12-16 16:11:44,2025-12-16 16:11:44,,41-50,,,85,,,,,,,,,,,,,,,,,Type: Article,,,,Dog; Domestication; Wolf; Canid; Tooth crowding; Toothrow,,,,,,,,,,,,,,,,,,,,,,,,,,,,,,,,,,,,,,,,,,,,,,,
S6JCECXP,journalArticle,2016,"Avis, Jillian L. S.; Komarnicki, Angela; Farmer, Anna P.; Holt, Nicholas L.; Perez, Arnaldo; Spence, Nicholas; Ball, Geoff D. C.",Tools and resources for preventing childhood obesity in primary care: A method of evaluation and preliminary assessment,PATIENT EDUCATION AND COUNSELING,,,10.1016/j.pec.2015.12.006,,"Objectives: To pilot-test a mixed methods approach to evaluate tools and resources (TRs) that healthcare providers (HCPs) use for preventing childhood obesity in primary care, and report a preliminary descriptive assessment of commonly-used TRs. Methods: This mixed methods study included individual, semi-structured interviews with purposefully-sampled HCPs in Alberta, Canada; interviews were digitally recorded and analyzed thematically (phase I). Two independent reviewers used three assessment checklists to evaluate commonly-used TRs (phase II). HCPs provided feedback on our coding scheme and checklist data (phase III). Results: Three themes described how HCPs (n = 19) used TRs: purpose of use (e.g., clinical support), logistical factors (e.g., accessibility), and decision to use (e.g., suitability). The latter theme overlapped with constructs of suitability on the checklists. Overall, participants used 15 TRs, most of which scored `average' on the checklists. Conclusion: Phases I and II provided unique insights on the evaluation of TRs used for preventing childhood obesity. Criteria on the checklists overlapped with HCPs' perceptions of TR suitability, but did not reflect logistical factors that influenced their use of TRs. Practice implications: Developers of TRs should collaborate with HCPs to ensure that subjective and objective criteria are used to optimize TR suitability in the primary care setting. (C) 2015 Elsevier Ireland Ltd. All rights reserved.",2016-05,2025-12-16 16:11:44,2025-12-16 16:11:44,,769-775,,5,99,,,,,,,,,,,,,,,,,Type: Article,,,,Children; Healthcare providers; Lifestyle; Pediatric obesity; Prevention; Primary care; Resources; Tools,,,,,,,,,,,,,,,,,,,,,,,,,,,,,,,,,,,,,,,,,,,,,,,
CMNB2KRA,journalArticle,2020,"Balachandran, Sanchita",Malignant Patina: A Love Story,WEST 86TH-A JOURNAL OF DECORATIVE ARTS DESIGN HISTORY AND MATERIAL CULTURE,,,10.1086/711190,,"What if art conservators wrote stories rather than just condition and treatment reports about the work we do? To physically conserve an object is also to converse with it, to ask after its health, to be with it in a way that alleviates its loneliness a little. Conservators encounter objects in their most vulnerable state, and we work to prolong the life story of the things that come to us even as we see how much they have lost of themselves over time. Such practices of care are emotional work, requiring a more empathetic and imaginative language of documentation. Conserving things of the past and writing a fuller accounting of the ways that we change things and the ways things change us is more truthful; in fact, it is a love story.",2020-03-01,2025-12-16 16:11:44,2025-12-16 16:11:44,,73-91,,1,27,,,,,,,,,,,,,,,,,Type: Article,,,,,,,,,,,,,,,,,,,,,,,,,,,,,,,,,,,,,,,,,,,,,,,,,,,
7TWT92WP,journalArticle,2021,"Baratta, Norma Camilla; Magli, Giulio",The Role of Astronomy and Feng Shui in the Planning of Ming Beijing,NEXUS NETWORK JOURNAL,,,10.1007/s00004-021-00555-y,,"Present day Beijing developed on the urban layout of the Ming capital, founded in 1420 over the former city of Dadu, the Yuan dynasty capital. The planning of Ming Beijing aimed at conveying a key political message, namely that the ruling dynasty was in charge of the Mandate of Heaven, so that Beijing was the true cosmic centre of the world. We explore here, using satellite imagery and palaeomagnetic data analysys, symbolic aspects of the planning of the city related to astronomical alignments and to the feng shui doctrine, both in its “form” and “compass” schools. In particular, we show that orientations of the axes of the “cosmic” temples and of the Forbidden City were most likely magnetic, while astronomy was used in topographical connections between the temples and in the plan of the Forbidden City in itself.",2021-09,2025-12-16 16:11:44,2025-12-16 16:11:44,,767-787,,3,23,,,,,,,,,,,,,,,,,Type: Article,,,,Ancient Chinese urban planning; Archaeoastronomy of Ming Beijing; Compass feng shui; Forbidden City; Form feng shui; Temple design,,,,,,,,,,,,,,,,,,,,,,,,,,,,,,,,,,,,,,,,,,,,,,,
F6PDVG4J,journalArticle,2012,"Bayerova, Tatjana; Pitthard, Vaclav; Griesser, Martina; Griesser-Stermscheg, Martina","Metal sarcophagi of the Habsburg Imperial Crypt, Church of the Capuchin Friars, in Vienna, Austria: Analysis of surface coatings",STUDIES IN CONSERVATION,,,10.1179/2047058412Y.0000000029,,"The Imperial Crypt below the Capuchin church in Vienna (the Kapuzinergruft) has been the principal burial site for the Habsburg dynasty since 1633. Today it holds a world-famous ensemble of sarcophagi and is one of the most important sites in Austria. Due to unfavourable climatic conditions in the crypt, until recently the tin-alloy cast-metal sarcophagi were affected by serious corrosion processes. Several restoration campaigns were undertaken between 1964 and 2002, when many of the sarcophagi were treated with various protective coatings. However, after these interventions a new problem arose: ensuing damage occurred in areas where the protective coatings were applied. Information about the chemical composition of the multi-layered coating systems and their influence on the metal surfaces thus became a crucial area for research. This paper presents the latest results of the technical examination of the surface coatings from three tin-alloy sarcophagi.",2012,2025-12-16 16:11:44,2025-12-16 16:11:44,,19-26,,1,57,,,,,,,,,,,,,,,,,Type: Article; Proceedings Paper,,,,SEM-EDX; GC-MS; mu-FTIR; Protective coatings; Synthetic Resins; Tin corrosion; Tin-alloy Sarcophagi; XRD,,,,,,,,,,,,,,,,,,,,,,,,,,,,,,,,,,,,,,,,,,,,,,,
XLUXRVIF,journalArticle,2022,"Beckman, Emily; Nelson, Elizabeth; Labode, Modupe",Voices from the Newspaper Club: Patient Life at a State Psychiatric Hospital (1988-1992),JOURNAL OF MEDICAL HUMANITIES,,,10.1007/s10912-020-09617-7,,"The authors conducted a qualitative analysis of thirty-seven issues of The DDU Review, a newsletter produced by residents of the Dual Diagnosis Unit, a residential unit for people who had diagnoses of developmental disability and serious mental illness in the Central State Hospital (Indiana, USA). The analysis of the newsletters produced between September 1988 and June 1992 revealed three major themes: 1) the mundane; 2) good behavior; and 3) advocacy. Contrary to the authors' expectations, the discourse of medicalization-such as relations with physicians, diagnoses, and medications-receive little attention. Instead, the patient-journalists focus on prosaic aspects of institutional life. The patients used their writing as a form self-definition and advocacy. The authors argue that even though it is tempting to consider the patients' emphasis on good behavior as evidence of institutional control, internalized discipline, and medicalization, a more nuanced interpretation, which focuses on how the patients' understood their own experiences, is warranted. Researchers must also recognize the ways in which The DDU Review reveals the patient-journalists' experience of an institutional life that includes non-medical staff (attendants, secretaries, and therapists), varied social relationships among patients, and negotiated freedoms.",2022-03,2025-12-16 16:11:44,2025-12-16 16:11:44,,179-195,,1,43,,,,,,,,,,,,,,,,,Type: Article,,,,History; Disability; Intellectual disability; Mental illness; Patient narratives; Psychiatric hospitals,,,,,,,,,,,,,,,,,,,,,,,,,,,,,,,,,,,,,,,,,,,,,,,
65DRVFQ7,journalArticle,2023,"Bellat, Mathias; Baudouin, Emmanuel; Cammas, Cecilia; Lyonnet, Bertille","New insights into the Neolithic architecture of the Southern Caucasus: A micromorphological case-study from Mentesh Tepe (middle Kura Valley, Azerbaijan)",JOURNAL OF ARCHAEOLOGICAL SCIENCE-REPORTS,,,10.1016/j.jasrep.2023.103971,,"This paper focuses on the first results of a micromorphological study on the Neolithic architecture from Mentesh Tepe (Azerbaijan), a settlement in the Southern Caucasus occupied during the first half of the 6th-millennium cal. BC. While earthen architecture has already been studied on a macroscopic scale, the use of micromorphology represents an original approach. This research highlights six different assemblages of Mentesh Tepe earthen material preparations, showing a diversity in the manufacturing processes (i.e. the way of preparing the earth, the building techniques, the way of using the earth during the construction) and in the care for the architecture. The well-prepared materials show intense mixing at a wet state with temper added to the composition, while less prepared elements are poorly mixed in a dry state with heterogeneous material. We have identified microscopic features of moulded mudbrick and a unique use of gypsum material for one specific building. From these results based upon the building techniques and material uses we discuss the possible function or status of the structures and the life-cycle of the buildings through time. These results question possible social differences within the Neolithic groups at a site scale. This corpus, while rather small, is the first in the area for Neolithic architecture, and our results only pretend to give a preliminary overview and some ongoing reflection on architectural questions about the first sedentary communities of the Southern Caucasus.",2023-06,2025-12-16 16:11:44,2025-12-16 16:11:44,,,,,49,,,,,,,,,,,,,,,,,Type: Article,,,,Aratashen-Shulaveri-Shomutepe; Building techniques; Earthen material; Facies; Multiscalar approach; Protohistory,,,,,,,,,,,,,,,,,,,,,,,,,,,,,,,,,,,,,,,,,,,,,,,
KUZLUML6,conferencePaper,2016,"Bianchi, Alessandro","Smart buildings and connections, a case study for India","World Heritage and Degradation: Smart Design, Planning and Technologies",,,,,"This abstract reports about an architectural research about material and immaterial networks, when some small and smart buildings are intended as the basic regenerative cells of smart cities, a hi-tech key element allowing them to evolve towards the model of a clever and connected infrastructural grid. This is the objective that has animated the activity of a team including the author and formed in the framework of an advanced design course experience within the Alta Scuola Politecnica (ASP - High Polytechnic School, jointly organized by the Polytechnics of Milan and Turin) to define the virtual connections generated by a small building: a sustainable, energy independent clinic conceived for bringing basic health care services into poor and overpopulated developing contexts, like slums around high-density cities. The idea underlying the whole research is that to speed the improvement of socially disadvantaged micro-contexts, implants of mostly cheap energy and clean, cheap water, condensed in a few, small smart-tech “hubs”, can play a fundamental role in activating a virtuous interplay between economic competitiveness and environmental healthiness; and that this can in turn contribute to lower the barriers between city slums and their surroundings. Smart cities, smart buildings, sustainable architecture, energy, models and images of representation, material and immaterial connections.",2016,2025-12-16 16:11:44,2025-12-16 16:11:44,,982-994,,,,,,,Fabbrica della Conoscenza,,,,,,,,,,,,,Type: Proceedings Paper,,,,sustainability; social; connections; networks,,"Corniello, L",,,,,,,,,,,,,,,,,,,,,,,,,,,,,,,,,,,,,,,,,,,,,
Q9CN2GWU,conferencePaper,2014,"Bicco, Rossella",The “diaeta” in the roman home,BEST PRACTICES IN HERITAGE CONSERVATION AND MANAGEMENT: FROM THE WORLD TO POMPEII,,,,,"6 century B.C., the diaeta was a room used as a receiving area and also where they partook of meals in the roman home, the diaeta often opened outwards to a small garden, where they grew fresh produce attempting an alimentary self reliance, this was added to the production of medicinal herbs and ornamental plants. Some examples are the house of Fauno or the Villa Imperiale and others. The diaeta held a section reserved for the atium, a small space used during the day, where the family gathered to study or relax, listen to music and a place where they could be together and out of the public eye. Vesta a roman and latin divinity, who was attributed the cult of the family and public hearth, reflects that which in a home is the centre of care and needs, and daily qualms and activities. The meeting place for those who share an area. The hearth, the centre of all activities.",2014,2025-12-16 16:11:44,2025-12-16 16:11:44,,1370-1374,,,,,,,Fabbrica della Conoscenza,,,,,,,,,,,,,Issue: 46 Type: Proceedings Paper,,,,diaeta; domus romana; kitchen,,"Piscitelli, M",,,,,,,,,,,,,,,,,,,,,,,,,,,,,,,,,,,,,,,,,,,,,
JQMSISXG,journalArticle,2019,"Brand, Sarah Louise; Quinn, Cath; Pearson, Mark; Lennox, Charlotte; Owens, Christabel; Kirkpatrick, Tim; Callaghan, Lynne; Stirzaker, Alex; Michie, Susan; Maguire, Mike; Shaw, Jennifer; Byng, Richard",Building programme theory to develop more adaptable and scalable complex interventions: Realist formative process evaluation prior to full trial,EVALUATION,,,10.1177/1356389018802134,,"Medical Research Council guidelines recognise the need to optimise complex interventions prior to full trial through greater understanding of underlying theory and formative process evaluation, yet there are few examples. A realist approach to formative process evaluation makes a unique contribution through a focus on theory formalisation and abstraction. The success of an intervention is dependent on the extent to which it gels or jars with existing provision and can be successfully transferred to new contexts. Interventions with underlying programme theory about how they work, for whom, and under which circumstances will be better able to adapt to work with (rather than against) different services, individuals, and settings. In this methodological article, we describe and illustrate how a realist approach to formative process evaluation develops contextualised intervention theory that can underpin more adaptable and scalable interventions. We discuss challenges and benefits of this approach.",2019-04,2025-12-16 16:11:44,2025-12-16 16:11:44,,149-170,,2,25,,,,,,,,,,,,,,,,,Type: Article,,,,complex intervention development; feasibility and piloting; formative process evaluation; programme theory development; realist evaluation,,,,,,,,,,,,,,,,,,,,,,,,,,,,,,,,,,,,,,,,,,,,,,,
JGHS4TXT,journalArticle,2015,"Buisson, N.; Burlot, D.; Eristov, H.; Eveno, M.; Sarkis, N.","The Tomb of the Three Brothers in Palmyra: The Use of Mimetite, A Rare Yellow Pigment, in A Rich Decoration",ARCHAEOMETRY,,,10.1111/arcm.12087,,"The wall paintings of the Tomb of the Three Brothers in Palmyra display a very rich Greco-Roman iconography. The study of the painting reveals the use of a great variety of pigments, including Egyptian blue and an extremely rare bright yellow pigment, mimetite, of which no other traces are known for this period. This pigment was identified through the combined use of two methods of analysis, scanning electron microscopy associated with X-ray microanalysis (SEM-EDS) and X-ray micro-diffraction (XRD). The varied chromatic palette used underlines the refinement and the particular care given to these decorations. Notable differences have been found between the pigments of the decorations of the arch and those used for the rest of the chamber.",2015-12,2025-12-16 16:11:44,2025-12-16 16:11:44,,1025-1044,,6,57,,,,,,,,,,,,,,,,,Type: Article,,,,Egyptian blue; Greco-Roman iconography; mimetite; Palmyra; pigments; Tomb of the Three Brothers; wall painting,,,,,,,,,,,,,,,,,,,,,,,,,,,,,,,,,,,,,,,,,,,,,,,
X23NQTEL,conferencePaper,2018,"Candido, Fabio",Environmental Graphics as Atmospheres Generators,"PUTTING TRADITION INTO PRACTICE: HERITAGE, PLACE AND DESIGN",,,10.1007/978-3-319-57937-5_91,,"Signage systems, as part of environmental graphic design of the cities, are almost exclusively conceived as informative tools under the visual domain. Although their participation to the overcrowded landscape of signs populating our urban landscapes is not underestimated, their possible contribute to the generation of atmospheres is undervalued. Pursuing a shift from the semiotic to an aesthetic interpretation, the paper propose an investigation on elements and strategies of signage systems as generators of atmospheres of the city. The design of information and orientation systems should not only be limited to the graphic design domain, but should also address other architectonical and perceptive issues, taking care of the relationship between signs supported by physical elements and their presence in the city. This approach permits more profound and satisfying aesthetic experiences other than indicate more conscious movements into the urban fabric while giving information about places to citizens and visitors.",2018,2025-12-16 16:11:44,2025-12-16 16:11:44,,888-892,,,3,,,,Lecture Notes in Civil Engineering,,,,,,,,,,,,,Type: Proceedings Paper,,,,Environmental aesthetics; Environmental graphics; Touristic signage systems; Wayfinding,,"Amoruso, G",,,,,,,,,,,,,,,,,,,,,,,,,,,,,,,,,,,,,,,,,,,,,
CX9Q3DFB,journalArticle,2023,"Carpentieri, Marco; Moncel, Marie-Helene; Eramo, Giacomo; Arzarello, Marta",With Impressions Chosen from Another Time: Core Technologies and Debitage Production at the Lower Palaeolithic Site of Notarchirico (670-695 ka; layers F to I2),JOURNAL OF PALEOLITHIC ARCHAEOLOGY,,,10.1007/s41982-023-00154-y,,"The earliest evidence of bifaces in western Europe is dated to the initial phase of the Middle Pleistocene (la Noira, Notarchirico, Moulin Quignon, 700-670 ka), with the findings of Barranc de la Boella (1.0-0.9 Ma) considered to be an earlier local evolution. No transition assemblages are recorded during this time frame, and the “abrupt” appearance of bifaces during this time frame is associated with significant cognitive shifts in human technological behaviours (Acheulean techno-complex). The new investigations conducted at the site of Notarchirico unearthed 30 ka of repeated human occupation (695-670 ka, layers F-I2) during MIS 17, with evidence of bifacial tools in layer G (680 ka) and F along with other heavy-duty implements (LCTs, pebble tools, etc.). Massive production of debitage products realised on local raw materials collected in situ through simple and efficient core technologies characterises a large part of the lithic assemblage with a high ratio of diversified light-duty tools, including modified chert nodules. Despite core and flake assemblages being a recurrent trait of Lower Pleistocene contexts, the increase in retouched implements recorded at the onset of the Middle Pleistocene has been considered a significant technological shift. The technological analysis of the debitage products presented in this work highlights recurrent and systematic technological behaviours of the hominins of Notarchirico-who proved to efficiently overcome the raw materials dimensional constraints-even in the layers without bifaces. This may shed light on the meaning of cultural and behavioural innovation that the Acheulean techno-complex is thought to bring over Europe. It is plausible that given the substantial homogeneity of the lithic strategies within the sequence of Notarchirico, which only the “introduction” of the bifaces in the upper layers seems to interrupt, a supposed behavioural or cultural change in the site might have already occurred in the lowermost portion of the sequence. In this work, we evaluate the degree of change-if any-from a technological perspective by analysing the debitage reduction sequences.",2023-09-05,2025-12-16 16:11:44,2025-12-16 16:11:44,,,,1,6,,,,,,,,,,,,,,,,,Type: Article,,,,Acheulean; Lower Palaeolithic; Core technologies,,,,,,,,,,,,,,,,,,,,,,,,,,,,,,,,,,,,,,,,,,,,,,,
N7ZCMA4L,journalArticle,2021,"Castro, Maxine Allyson B.; Tabion, Jewelyn Marie R.; Taduran, Richard Jonathan O.",Sex disparity in COVID-19 infection in the Philippines: a biocultural study,QUAESTIONES DISPUTATAE,,,,,"Biological sex and socio-cultural factors have been interrelated in epidemiological studies and clinical care. This study aimed to assess sex differences in susceptibility to COVID-19 in the Philippines. COVID-19 numbers of cases until February 28, 2021, were collected from the Philippines' Department of Health (DOH). The student's t-test was used to analyze the data per administrative region and age group. News articles were collected from reputable media outlets in the Philippines. Biological and socio-cultural differences were considered. A significant sex difference (p <= 0.05) was observed in the age groups of 30-39, 40-49, and 50-59 years old, which indicates that males in the said age clusters in the Philippines are more susceptible to COVID-19. Sex-specific mechanisms that may disproportionately affect either sex were associated with differences in immune responses, hormones, and underlying medical conditions. Furthermore, gendered lifestyles in the Philippines that involve social gatherings such as cockfighting, gambling, and boxing are dominated by the male population and could directly transmit the disease. Sex disparities linked to the susceptibility of COVID-19 emphasize the importance of gender-based research for risk-reduction strategies and effective public health measures in the Philippines.",2021-12,2025-12-16 16:11:44,2025-12-16 16:11:44,,106-136,,29,14,,,,,,,,,,,,,,,,,Type: Article,,,,COVID-19; Biocultural Anthropology; Human Biology; Philippines; Sex disparity,,,,,,,,,,,,,,,,,,,,,,,,,,,,,,,,,,,,,,,,,,,,,,,
W8KHSI3K,journalArticle,2022,"Chasan, Rivka; Klimscha, Florian; Spiteri, Cynthianne; Rosenberg, Danny",Foodways of an agro-pastoral community: Organic residue analysis of pottery and stone vessels at Middle Chalcolithic Tel Tsaf,JOURNAL OF ARCHAEOLOGICAL SCIENCE-REPORTS,,,10.1016/j.jasrep.2022.103491,,"Tel Tsaf is a Middle Chalcolithic (ca. 5200-4700 cal BC) site located in the central Jordan Valley, Israel. The site reflects increasing long-distance trade, organized cereal crop cultivation and possibly olive horticulture. Organic residue analysis of lipids recovered from 100 pottery vessels and three stone vessels and comparison to the botanical and faunal remains suggest that the vessels were used to contain or process various combinations of domestic animal and plant products and that these food products were supplemented by local wild plants. This shows direct continuity of dietary traditions from the preceding Neolithic period; however, there were some developments within the suite of domesticated resources, including the earliest direct evidence for milk exploitation in the southern Levant. Culinary traditions incorporated recipes where these food products were cooked and consumed together in various combinations. These dietary patterns were a part of daily life at Tel Tsaf, adding another layer to our understanding of the village and the culinary traditions of the Middle Chalcolithic period in the southern Levant.",2022-06,2025-12-16 16:11:45,2025-12-16 16:11:45,,,,,43,,,,,,,,,,,,,,,,,Type: Article,,,,GC-MS; Chalcolithic; Food; GC-c-IRMS; Organic residue analysis; Southern levant,,,,,,,,,,,,,,,,,,,,,,,,,,,,,,,,,,,,,,,,,,,,,,,
5B5XF43K,journalArticle,2023,"Choyke, Kelly Lynn; Cronin, Cory Edward; Franz, Berkeley",Leveraging Community-Driven Anchor Activities Among US For-Profit Hospitals,AMERICAN BEHAVIORAL SCIENTIST,,,10.1177/00027642221086961,,"Hospitals have the ability to serve as anchor institutions that not only provide clinical care but make important community investments through employment, and outreach, and engagement efforts that address the social determinants of health. In doing so, hospitals may partner with community members and community-based organizations, but the extent to which local residents participate in directing local investments varies across organizations. This study looks at the role of hospitals as anchor institutions and the best practices for leveraging community participation in planning investments to improve social and economic health in communities. We used an inductive, qualitative approach to understand the incentives hospitals have to anchor themselves within their communities and how best practices can be leveraged. We conducted 28 in-depth interviews with 27 hospital leaders and personnel, and one interview with a member of a for-profit hospital advocacy organization. Drawing on thematic analysis, three primary themes were identified as critical to leveraging community-driven anchor activities: strong and intentional community-oriented leadership; direct community involvement; and non-regulatory incentives, including incentive programs. The more institutions, organizations, communities, and individuals expect community-oriented anchor activities from hospitals, the more likely they are to engage in such activities. Critical to this work is ensuring that community members themselves are able to help direct the investments of hospitals in alignment with community health needs. Community stakeholders, including elected officials, public health offices, and policymakers, have important leverage in creating expectations for hospitals to engage in anchor activities and facilitate community-based partnerships as a part of this process.",2023-04,2025-12-16 16:11:45,2025-12-16 16:11:45,,550-564,,"4, SI",67,,,,,,,,,,,,,,,,,Type: Article,,,,Anchor Institutions; Best Practices; Community-Driven Engagement; Community-Institutional Relationship; Hospitals; Population Health,,,,,,,,,,,,,,,,,,,,,,,,,,,,,,,,,,,,,,,,,,,,,,,
U6ZTN43F,journalArticle,2020,"Cielemecka, Olga","Forest futures: biopolitics, purity, and extinction in Europe's last `pristine' forest",JOURNAL OF GENDER STUDIES,,,10.1080/09589236.2019.1691981,,"This article examines how the ideological and material aspects of `purity' play out in the environmental conflict in the Bialowie(z) over dota Forest that took place in Poland in 2017. I consider how `purity' informs not only environmental politics but also organizes biopolitical regimes that normalize the hegemonic understanding of nation, identity, and gender. In the context of environmental change and species extinction, I pick up on Foucault's reflection on purity and its decisive role in biopolitical societies, as it divides lives into those worth preserving and those without a future. Against such divisions, I search for ways to imagine and enact ways of surviving together: I look at the Bialowie(z) over dota Forest as a human-nonhuman ecology in which nature's lively impurity inspires the affinities running between environmental actions and feminist struggles for more just futures.",2020-01-02,2025-12-16 16:11:45,2025-12-16 16:11:45,,63-75,,"1, SI",29,,,,,,,,,,,,,,,,,Type: Article,,,,gender; nationalism; Bialowie(z) over dota Forest; Environmental change; purity; reproductive politics,,,,,,,,,,,,,,,,,,,,,,,,,,,,,,,,,,,,,,,,,,,,,,,
6AGCAGM8,journalArticle,2022,"Copeland, Huey; Dees, Janet",CRITICAL CARE,ARTFORUM INTERNATIONAL,,,,,,2022-09,2025-12-16 16:11:45,2025-12-16 16:11:45,,276-281,,1,61,,,,,,,,,,,,,,,,,Type: Article,,,,,,,,,,,,,,,,,,,,,,,,,,,,,,,,,,,,,,,,,,,,,,,,,,,
77FFHHXL,journalArticle,2021,"Copeland, Huey; Glenn, Allison",Taking Care,ARTFORUM INTERNATIONAL,,,,,,2021,2025-12-16 16:11:45,2025-12-16 16:11:45,,186-191,,8,59,,,,,,,,,,,,,,,,,Type: Editorial Material,,,,,,,,,,,,,,,,,,,,,,,,,,,,,,,,,,,,,,,,,,,,,,,,,,,
D286TR2Z,journalArticle,2017,"Coughlin, Mary; Henderson, Jane",JAIC SPECIAL ISSUE ON COLLECTION CARE INTRODUCTION,JOURNAL OF THE AMERICAN INSTITUTE FOR CONSERVATION,,,10.1080/01971360.2017.1340256,,,2017,2025-12-16 16:11:45,2025-12-16 16:11:45,,79-80,,"2, SI",56,,,,,,,,,,,,,,,,,Type: Editorial Material,,,,,,,,,,,,,,,,,,,,,,,,,,,,,,,,,,,,,,,,,,,,,,,,,,,
8KASAQRL,journalArticle,2012,"Davies, Thomas G.; Shaw, Colin N.; Stock, Jay T.",A test of a new method and software for the rapid estimation of cross-sectional geometric properties of long bone diaphyses from 3D laser surface scans,ARCHAEOLOGICAL AND ANTHROPOLOGICAL SCIENCES,,,10.1007/s12520-012-0101-8,,"This paper introduces a new methodological approach to the quantification of cross-sectional geometric properties based on 3D laser scan data. A variety of methods have been used to calculate estimates of rigidity in the diaphyses of long bones. CT scan, biplanar radiograph, and periosteal mould techniques have all been applied to collect image data of bone sections to assess biomechanical properties (cross-sectional area and second moments of area). Whilst direct quantification of both endosteal and periosteal contours allows the greatest accuracy, such data correlate highly with a periosteal-only approach that is of greater practical application in many contexts. The advent of non-invasive 3D laser scan technologies presents a method to capture bone surface morphology that can be applied to the study of variation in the cross-sectional properties of human bones. This study tests the correspondence between cross-sectional geometric properties derived from laser scans to those obtained through traditional approaches (periosteal moulding and biplanar radiography). A custom-built program, AsciiSection, is introduced for the automated analysis of biomechanical properties direct from 3D coordinate data. The results indicate that the AsciiSection method is of comparable if not greater accuracy than traditional moulding techniques. The study suggests that there is a strong correlation between mid-diaphyseal cortical bone distribution and cross-sectional geometry calculated using laser scans. The approach provides a viable alternative to traditional techniques for the estimation of biomechanical properties and also allows the collection of rich data and descriptions of morphological variation along the diaphysis.",2012-12,2025-12-16 16:11:45,2025-12-16 16:11:45,,277-290,,4,4,,,,,,,,,,,,,,,,,Type: Article,,,,Morphology; Biomechanics; Human; Postcranial robusticity,,,,,,,,,,,,,,,,,,,,,,,,,,,,,,,,,,,,,,,,,,,,,,,
VAQSS5KE,journalArticle,2015,"de Boer, H. H.; van der Merwe, A. E.; Hammer, S.; Steyn, M.; Maat, G. J. R.",Assessing Post-traumatic Time Interval in Human Dry Bone,INTERNATIONAL JOURNAL OF OSTEOARCHAEOLOGY,,,10.1002/oa.2267,,"The post-traumatic status of antemortem fractures in human dry bone remains is currently defined as being either healing' or healed'. However, detailed dating' of the related post-traumatic time interval would be desirable, since it would aid in assessing individual medical status and care at the time of death. Within forensic pathology practice, fresh tissue healing phases are routinely used as an intrinsic parameter for the length of the post-traumatic time interval. Unfortunately, the direct application of such a method is hampered when applied to dry bone skeletal material. This study explores the possibility of applying a fracture dating system, drawn forth from the traditional forensic pathology method, on dry bone remains. More specifically, the aim is to establish the extent to which various histomorphological features indicative of specific time intervals of healing are consistently detectable. Human dry bones with fractures and amputations in various phases of healing were studied. Results show that the complementary use of radiological and histological investigation techniques improves the differentiation between various healing phases and thus allow for a more detailed dating of lesions. For future use, healing features that have proven to be consistently detectable and their related post traumatic time intervals are listed. The system aids in demarcating a considerably more narrow' post-traumatic time interval than usual. Copyright (c) 2012 John Wiley & Sons, Ltd.",2015-02,2025-12-16 16:11:45,2025-12-16 16:11:45,,98-109,,1,25,,,,,,,,,,,,,,,,,Type: Article,,,,amputation; antemortem; fracture; histology; human dry bone; radiology; survival,,,,,,,,,,,,,,,,,,,,,,,,,,,,,,,,,,,,,,,,,,,,,,,
TSD2BEH2,journalArticle,2022,"Dilaria, Simone; Secco, Michele; Rubinich, Marina; Bonetto, Jacopo; Miriello, Domenico; Barca, Donatella; Artioli, Gilberto",High-performing mortar-based materials from the late imperial baths of Aquileia: An outstanding example of Roman building tradition in Northern Italy,GEOARCHAEOLOGY-AN INTERNATIONAL JOURNAL,,,10.1002/gea.21908,,"This study provides the first detailed insight into the composition and properties of structural mortars used in a 4th-century AD bath complex in Aquileia, the emblematic center of Roman culture in Northern Italy. Eighteen mortars, taken from different structures of the site, and three stone samples from the vaulting opus caementicium have been analyzed adopting a multianalytical approach integrating optical microscopy, X-ray powder diffraction, X-ray fluorescence, and scanning electron microscopy coupled with energy-dispersive spectroscopy. The properties of the compounds are outstanding, as revealed by the formation of hydraulic phases (i.e., Al-tobermorite and AFm) in most of the samples: the waterproofing capabilities of cocciopesto mortars are remarkable, as revealed by the formation of anthropogenic Al-tobermorite (5.5 wt%) in pool coating samples; the lightweight of the vaults was guaranteed by the use of porous caementa and pozzolanic volcanic aggregates imported from the Gulf of Naples, as demonstrated by petro-mineralogical features and chemical analysis of major and trace elements. This is the first proven case of trade in these building materials to the north of the Italian peninsula. These outcomes shed new light on the robust technical expertise of local artisans in Aquileia and indicate that the Cisalpina province was by no means a peripheral reality in the Roman Empire, as far as mortar-based materials are concerned.",2022-07,2025-12-16 16:11:45,2025-12-16 16:11:45,,637-657,,4,37,,,,,,,,,,,,,,,,,Type: Article,,,,Aquileia; cocciopesto; Phlegrean and Vesuvian pumices and lavas; pozzolanic reaction; provenance analysis,,,,,,,,,,,,,,,,,,,,,,,,,,,,,,,,,,,,,,,,,,,,,,,
SRAEN7MT,journalArticle,2014,"Dizdar, Marko; Heyer, Nina; Schoenfelder, Martin",A Middle La Tene period grave with a special tool from Zvonimirovo in North Croatia,ARCHAOLOGISCHES KORRESPONDENZBLATT,,,,,"The cemetery from Zvonimirovo comprises 99 burials of the period Lt C2 and presents an important site for the study of the Middle La Tene period in the area between the rivers Drau, Save and Danube. The warrior grave LT 45 with its rich assemblage of weapons, brooches and pottery is of special interest as it contains a peculiar tool with a cutting edge and a serrated edge or grater and a kind of tweezers in place of the handle. This object can be compared with similar examples appearing from the period Lt B onwards which are suggested to have a pharmaceutical or medical function. It therefore stands to reason that the deceased from this grave participated in the medical care and might even have been responsible for further rituals. So far, druids were not identified in La Tene graves - however, individuals such as from the burial from Zvonimirovo could be associated with this kind of priesthood.",2014,2025-12-16 16:11:45,2025-12-16 16:11:45,,71-90,,1,44,,,,,,,,,,,,,,,,,Type: Article,,,,,,,,,,,,,,,,,,,,,,,,,,,,,,,,,,,,,,,,,,,,,,,,,,,
9E4AA7ZQ,journalArticle,2025,"Dursun, Felat; Oguz-Kirca, Eser Deniz; Toprak, Vedat; Coskun, Aytac",Reconstruction of an Ancient Hill Used as an On-Site Quarry: Castrum Zerzevan (SE-Turkiye),INTERNATIONAL JOURNAL OF ARCHITECTURAL HERITAGE,,,10.1080/15583058.2023.2268015,,"The Roman period Castrum Zerzevan is on a hill 35 km south of Diyarbakir, Turkiye. Various field evidence (e.g. petrographic similarities, sudden changes of the topographic contours, the morphology of the nearby hills, and traces of the on-site quarry activities) suggests that the topography of the hilltop was artificially modified and used as a quarry. This study aims to introduce an approach that creates the ancient topography and calculates and verifies the volume of the on-site material required to build the fortification and associated structures by applying morphological analyses. The primary objective of the methodology is to reconstruct the site's ancient topography and examine the difference between its former and present surfaces. The result indicates that approximately 36% of the extracted material was used in the enclosure. The overall findings and site investigations suggest quarrying and construction activities were carried out in a planned manner or concurrently at the site. In addition to the collected samples' petrographic and geochemical similarities, the Castrum's topographical modifications and the suitability of the geological unit as a building material support our claim that the Romans were well aware of environmental conditions (including topography and morphology) and material performance.",2025-01-02,2025-12-16 16:11:45,2025-12-16 16:11:45,,112-130,,1,19,,,,,,,,,,,,,,,,,Type: Article,,,,Ancient topography; building technique; castrum romana; geomorphology; quarry; zerzevan castle,,,,,,,,,,,,,,,,,,,,,,,,,,,,,,,,,,,,,,,,,,,,,,,
6Z3YDV7T,journalArticle,2022,"Dyer, Joanne; Derham, Alice; O'Flynn, Daniel; Tamburini, Diego; Heady, Teresa; Ramos, Imma",Studying Saraha: Technical and Multi-Analytical Investigation of the Painting Materials and Techniques in an 18th Century Tibetan Thangka,HERITAGE,,,10.3390/heritage5040148,,"Scientific analyses of the traditional materials and methods in thangka production are uncommon, as thangkas are sacred objects, the sampling of which is discouraged, in order to preserve their integrity. This study builds on this important ethical challenge and presents a three-stage methodology that systematically delves deeper into each layer of the composition, successfully enabling the investigation of different phases of production. In the first stage, visual examination of the painting, including observations under magnification, was used to assess its condition. In the next step, the infrared reflected (IRR) and short-wave infrared (SWIR) images revealed the underdrawing and instances of modifications as well as colour notations. Additionally, ultraviolet-induced visible luminescence (UVL), infrared-reflected false colour (IRRFC) and X-ray images provided important preliminary information on the colourants present, the nature of the underdrawing, and the painting technique. In the final stages, fibre optic reflectance (FORS), Fourier-transform infrared (FTIR) and Raman spectroscopies confirmed the identity of many of the pigments (cinnabar/vermillion, minium, iron oxide, malachite, azurite, indigo, Indian lac), the ground and the binder used for the blue and green paint layers. In addition, key details of practices and materials were revealed, that may indicate provenance or other information of scholarly importance. These will constitute a helpful comparison to existing and future studies of other thangkas.",2022-12,2025-12-16 16:11:45,2025-12-16 16:11:45,,2851-2880,,4,5,,,,,,,,,,,,,,,,,Type: Article,,,,Raman spectroscopy; pigments; broadband multispectral imaging (MSI); fibre optic reflectance spectroscopy (FORS); FTIR spectroscopy; short-wave infrared (SWIR) reflectography; thangka; X-radiography,,,,,,,,,,,,,,,,,,,,,,,,,,,,,,,,,,,,,,,,,,,,,,,
SFVDDD9N,journalArticle,2017,"Edwards, Delyth; Gibson, Lisanne",Counting the pennies: the cultural economy of charity shopping,CULTURAL TRENDS,,,10.1080/09548963.2017.1275131,,"The Understanding Everyday Participation - Articulating Cultural Values (UEP) project is grounded in the belief that the current system for the support of culture promotes and privileges certain practices and activities, tastes, relationships and competences and that, crucially, this system has effects that extend outside of the cultural domain to the economic, political and social spheres. In order to challenge this dominance, UEP sets out to explore the meanings and values people attach to their “everyday participation”, with the aim of re-evaluating current understandings of cultural participation and cultural value [Miles, A., & Gibson, L. (2016). Understanding everyday participation-articulating cultural values. Cultural Trends, 25(3), 151-157]. This article discusses UEP ethnographic research conducted within a charity shop in Manchester/Salford. The charity shop is found to be a site fundamentally involved in the “cultural economy”, defined broadly to refer to the relations between the cultural and economic values of particular practices and institutions involved in cultural production and consumption. Existing research on consumption have understood the charity shop as a place of cultural consumption, for certain subcultures that make “clever” choices regarding their identities [Gregson, N., & Crewe, L. (2003). Second hand cultures. Oxford: Berg]. This article argues for an understanding of the charity shop as more than simply a place of consumption but as enmeshed within a set of relations between culture, economy and place which has effects in the social sphere. This research identifies a number of forms of participation, including consumption, but also extending to various production practices, and other forms of social interaction, which take place within and through the charity shop. We argue that these different types of participation are bound up in a positioning cultural system that categorises people, places and values within and beyond the sphere of the charity shop.",2017,2025-12-16 16:11:45,2025-12-16 16:11:45,,70-79,,1,26,,,,,,,,,,,,,,,,,Type: Article,,,,cultural value; Charity shop; cultural consumption; cultural economy; cultural practice; everyday participation,,,,,,,,,,,,,,,,,,,,,,,,,,,,,,,,,,,,,,,,,,,,,,,
4P2BKCL3,journalArticle,2023,"Ensley, J. Eric; Tachau, Katherine H. H.; Walsh, Susan A. A.; Zhang, Honghai; Simon, Giselle; Moser, Laura; Atha, Jarron; Dilley, Paul; Hoffman, Eric A. A.; Sonka, Milan","Using computed tomography to recover hidden medieval fragments beneath early modern leather bindings, first results",HERITAGE SCIENCE,,,10.1186/s40494-023-00912-9,,"Medieval bindings fragments have become increasingly interesting to Humanities researchers as sources for the textual and material history of medieval Europeans. Later book binders used these discarded and repurposed pieces of earlier medieval manuscripts to reinforce the structures of other manuscripts and printed books. That many of these fragments are contained within and obscured by decorative bindings that cannot be dismantled ethically has limited their discovery and description. Although previous attempts to recover these texts using IRT and MA-XRF scanning have been successful, the extensive time required to scan a single book, and the need to modify or create specialized IRT or MA-XRF equipment for this method are drawbacks. Our research proposes and tests the capabilities of medical CT scanning technologies (commonly available at research university medical schools) for making visible and legible these fragments hidden under leather bindings. Our research team identified three sixteenth-century printed codices in our university libraries that were evidently bound in tawed leather by one workshop. The damaged cover of one of these three had revealed medieval manuscript fragments on the book spine; this codex served as a control for testing the other two volumes to see if they, too, contain fragments. The use of a medical CT scanner proved successful in visualizing interior book-spine structures and some letterforms, but not all of the text was made visible. The partial success of CT-scanning points to the value of further experimentation, given the relatively wide availability of medical imaging technologies, with their potential for short, non-destructive, 3D imaging times.",2023-04-24,2025-12-16 16:11:45,2025-12-16 16:11:45,,,,1,11,,,,,,,,,,,,,,,,,Type: Article,,,,Conrad Gessner; CT scanning; Early Printed Books; Fragments; Medieval manuscripts,,,,,,,,,,,,,,,,,,,,,,,,,,,,,,,,,,,,,,,,,,,,,,,
U38ZSBCX,journalArticle,2018,"Evans, Rhiannon E.","Survival, Signaling, and Security: Foster Carers' and Residential Carers' Accounts of Self-Harming Practices Among Children and Young People in Care",QUALITATIVE HEALTH RESEARCH,,,10.1177/1049732318759935,,"Research on clinicians' interpretations of self-harming practices has shown that they can often be negative. To date there has been limited consideration of other professionals' narratives, notably those working in social care. This article presents focus group and interview data generated with foster carers (n = 15) and residential carers (n = 15) to explore the symbolic meanings ascribed to self-harm among the children and young people they care for. Three repertoires of interpretation are presented: survival, which conceives self-harm as a mechanism for redefining the identity of looked-after; signaling, which understands self-harm as a communicative tool for the expression of emotion; and security, which sees self-harming practices as testing the authenticity and safety of the caring relationship. Through their focus on sociocultural narratives, carers position themselves as experts on self-harm due to their intimacy with young people's social worlds. This construction potentially creates distance from health professionals, which is problematic given the current privileging of interprofessional working.",2018-05,2025-12-16 16:11:45,2025-12-16 16:11:45,,939-949,,"6, SI",28,,,,,,,,,,,,,,,,,Type: Article,,,,qualitative research; focus group; foster care; group home; interview; self-harm; suicide; UK,,,,,,,,,,,,,,,,,,,,,,,,,,,,,,,,,,,,,,,,,,,,,,,
NZRQZQMY,journalArticle,2012,"Farnesi, Biagina-Carla; Newton, Amanda S.; Holt, Nicholas L.; Sharma, Arya M.; Ball, Geoff D. C.",Exploring collaboration between clinicians and parents to optimize pediatric weight management,PATIENT EDUCATION AND COUNSELING,,,10.1016/j.pec.2011.08.011,,"Objective: To explore the understanding of collaboration between clinicians working in pediatric weight management and parents of overweight children. Methods: Clinicians (n = 12) and parents (n = 8) seeking pediatric weight management care participated in semi-structured focus groups or individual interviews. A family-centered, collaborative model of care was used to frame the data and develop codes/themes for analysis. Member checking and external reviews were conducted to verify emergent themes. Results: Analyses revealed that collaboration between clinicians and parents included a positive therapeutic relationship, negotiation of health care delivery, and regular monitoring and evaluation. These elements are consistent with a philosophy of family-centered care, emphasize the importance of tailoring health services to families' needs, respect parents as experts, and identify clinician responsiveness as pivotal to partnerships with families. Parents described dissatisfaction with care and a lower likelihood of seeking future care when clinicians deviated from these principles. Conclusion: Results suggest that pediatric weight management should be family-centered to give parents the opportunity to actively engage in health services and negotiate their family's care. Practice implications: Clinicians may be able to optimize their interactions with families seeking pediatric weight management care by taking a family-centered approach that is individualized and responsive to families' needs. (C) 2011 Elsevier Ireland Ltd. All rights reserved.",2012-04,2025-12-16 16:11:45,2025-12-16 16:11:45,,10-17,,1,87,,,,,,,,,,,,,,,,,Type: Article,,,,Canada; Communication; Qualitative; Family-professional relations; Obesity; Pediatric,,,,,,,,,,,,,,,,,,,,,,,,,,,,,,,,,,,,,,,,,,,,,,,
DV5FJBDH,journalArticle,2023,"Ferrara, Silvia; Montecchi, Barbara; Valerio, Miguel",IN SEARCH OF LOST SIGNS: A NEW APPROACH TO THE ISSUE OF WRITING AND NON-WRITING ON CRETAN HIEROGLYPHIC SEALS,OXFORD JOURNAL OF ARCHAEOLOGY,,,10.1111/ojoa.12265,,"This article addresses a long-debated topic related to the hieroglyphic script from the island of Crete, namely the status of its sign-list. The signs of this script are predominantly image-based and as such their inherent position as bona fide signs of writing or, alternatively, decorative symbols with no specific relation to language has raised issues of inclusion or exclusion from the sign-list as presented in the standard corpus of inscriptions. This article aims to propose a new approach based on a contextual, distributional, and structural architecture of criteria. The goal is to reach a balanced reassessment of the evidence and contribute to a definitive sign-list. This represents a fundamental step for any cogent decipherment attempt.",2023-05,2025-12-16 16:11:45,2025-12-16 16:11:45,,107-130,,2,42,,,,,,,,,,,,,,,,,Type: Article,,,,,,,,,,,,,,,,,,,,,,,,,,,,,,,,,,,,,,,,,,,,,,,,,,,
GG723GZX,journalArticle,2018,"Finkelstein, Adi; Marcus, Esther-Lee",Realizing autonomy: the phenomenology of independence and interdependence while living with Duchenne muscular dystrophy,DISABILITY & SOCIETY,,,10.1080/09687599.2018.1427049,,"This research took place in an independent living neighborhood (ILN) for people with Duchenne muscular dystrophy. The study is based on in-depth open interviews with Eytan (aged 44), who has lived in the ILN for 27years. Eytan's narratives reflect the challenges posed by his dependence on his caregivers and the resulting interdependent relationship. Drawing on a relational tradition within disability studies, we argue that autonomy and care are completely entwined in the lives of people with total paralysis like Eytan. We use reflexive writing and descriptions of bodily experience to capture the complexity of Eytan's experience regarding this matter.",2018,2025-12-16 16:11:46,2025-12-16 16:11:46,,433-453,,3,33,,,,,,,,,,,,,,,,,Type: Article,,,,autonomy; Duchenne muscular dystrophy; interdependence; progressive illness; qualitative methodology; reflexivity,,,,,,,,,,,,,,,,,,,,,,,,,,,,,,,,,,,,,,,,,,,,,,,
9GA6ETWV,journalArticle,2020,"Fitz, Angelika",Essay: Does Architecture Care? The EU Mies Award in the Era of Capitalocene,A + U-ARCHITECTURE AND URBANISM,,,,,,2020-05,2025-12-16 16:11:46,2025-12-16 16:11:46,,150-155,,596,,,,,,,,,,,,,,,,,,Type: Article,,,,,,,,,,,,,,,,,,,,,,,,,,,,,,,,,,,,,,,,,,,,,,,,,,,
6MFF6MWL,journalArticle,2016,"Fletcher, Adam; Jamal, Farah; Moore, Graham; Evans, Rhiannon E.; Murphy, Simon; Bonell, Chris",Realist complex intervention science: Applying realist principles across all phases of the Medical Research Council framework for developing and evaluating complex interventions,EVALUATION,,,10.1177/1356389016652743,,"The integration of realist evaluation principles within randomised controlled trials (realist RCTs') enables evaluations of complex interventions to answer questions about what works, for whom and under what circumstances. This allows evaluators to better develop and refine mid-level programme theories. However, this is only one phase in the process of developing and evaluating complex interventions. We describe and exemplify how social scientists can integrate realist principles across all phases of the Medical Research Council framework. Intervention development, modelling, and feasibility and pilot studies need to theorise the contextual conditions necessary for intervention mechanisms to be activated. Where interventions are scaled up and translated into routine practice, realist principles also have much to offer in facilitating knowledge about longer-term sustainability, benefits and harms. Integrating a realist approach across all phases of complex intervention science is vital for considering the feasibility and likely effects of interventions for different localities and population subgroups.",2016-07,2025-12-16 16:11:46,2025-12-16 16:11:46,,286-303,,"3, SI",22,,,,,,,,,,,,,,,,,Type: Article,,,,public health; Complex interventions; complex systems; evaluation; pilot trials; randomised controlled trials; realism,,,,,,,,,,,,,,,,,,,,,,,,,,,,,,,,,,,,,,,,,,,,,,,
YWIGPJUC,journalArticle,2021,"Franz, Berkeley; N. Milner, Adrienne; Brown, R. Khari",Opposition to the Affordable Care Act has Little to do with Health Care,RACE AND SOCIAL PROBLEMS,,,10.1007/s12552-020-09306-z,,"The Affordable Care Act (ACA) has vastly reduced racial health insurance disparities, but efforts continue to repeal this health care law. It is not clear, however, whether this policy is rejected because of its health care provisions, or if the ACA is interpreted primarily as a social welfare policy aimed at providing resources specifically to non-white Americans. In this paper, we assess whether the racial divide in opposition to the Affordable Care Act is unique to this law or represents a reflection of a longer history of racialized social welfare policies in the U.S. The for this research come from the American National Election Studies (ANES) 2016 Time Series Study which targets United States-based citizens aged 18 and older. We conducted logistic regression to understand how racial attitudes and support for social policies relate to opposition to the ACA. Perceptions of the ACA, especially among white Americans, were related to both support for affirmative action in hiring and education and racial resentment more generally. Attitudes toward the ACA were unrelated to support for policies that have not been explicitly framed as benefitting non-white Americans. As public debates related to whether to amend the ACA or repeal and replace it altogether continue, scholars and public health practitioners should emphasize the role that racism and racial resentment more specifically play in health policy debates.",2021-06,2025-12-16 16:11:46,2025-12-16 16:11:46,,161-169,,2,13,,,,,,,,,,,,,,,,,Type: Article,,,,Affordable Care Act; Health disparities; Health equity; Policy; Racism,,,,,,,,,,,,,,,,,,,,,,,,,,,,,,,,,,,,,,,,,,,,,,,
5FHEQLVN,journalArticle,2012,"Germonpre, Mietje; Laznickova-Galetova, Martina; Sablin, Mikhail V.","Palaeolithic dog skulls at the Gravettian Predmosti site, the Czech Republic",JOURNAL OF ARCHAEOLOGICAL SCIENCE,,,10.1016/j.jas.2011.09.022,,"Whether or not the wolf was domesticated during the early Upper Palaeolithic remains a controversial issue. We carried out detailed analyses of the skull material from the Gravettian Predmosti site, Czech Republic, to investigate the issue. Three complete skulls from Predmosti were identified as Palaeolithic dogs, characterized by short skull lengths, short snouts, and wide palates and braincases relative to wolves. One complete skull could be assigned to the group of Pleistocene wolves. Three other skulls could not be assigned to a reference group: these might be remains from hybrids or captive wolves. Modifications by humans of the skull and canine remains from the large canids of Predmosti indicate a specific relationship between humans and large canids. (C) 2011 Elsevier Ltd. All rights reserved.",2012-01,2025-12-16 16:11:46,2025-12-16 16:11:46,,184-202,,1,39,,,,,,,,,,,,,,,,,Type: Article,,,,Domestication; Canine; Dog (Canis familiaris); Gravettian; Predmosti; Skull; Wolf (Canis lupus),,,,,,,,,,,,,,,,,,,,,,,,,,,,,,,,,,,,,,,,,,,,,,,
AMUZ3AYV,journalArticle,2019,"Geymonat, Giulia Garofalo",Disability Rights Meet Sex Workers' Rights: the Making of Sexual Assistance in Europe,SEXUALITY RESEARCH AND SOCIAL POLICY,,,10.1007/s13178-019-0377-x,,"The last decade has seen an expansion in initiatives promoting the development of special sex services oriented to people with disabilities, which in Europe are increasingly labelled sexual assistance'. These have become the object of political and media attention, and arguably call for a critical analysis incorporating both disability and sex workers' rights perspectives. Based on an 18-month embedded participant observation, I explore the case of a grassroots organisation which brings together sexual assistants, disabled activists and (potential) clients, and their allies in Switzerland. Opposing therapy', charity', and care' approaches to sexual assistance, members of this organisation work within their own model of ethical' services. While they place sexual pleasure at the centre of this approach, in practice, they promote forms of self-regulation aimed at limiting the risks of sex services, connected in particular to intimate violence, stigmatisation, sex normativity, and the role of intermediaries. Clearly rooted in a disability rights perspective, this grassroots initiative does not only concern sexual assistance but more largely sex services. In this sense, this study invites us to look at sexual assistance as an interesting space for alliance between sex workers' rights and the rights of people with disabilities, as a uniquely politicised group of (potential) clients.",2019-06,2025-12-16 16:11:46,2025-12-16 16:11:46,,214-226,,"2, SI",16,,,,,,,,,,,,,,,,,Type: Article,,,,Disability rights; Prostitution; Sex workers' clients; Sex workers' rights; Sexual assistance; Sexual surrogacy; Switzerland,,,,,,,,,,,,,,,,,,,,,,,,,,,,,,,,,,,,,,,,,,,,,,,
CDY22P5A,journalArticle,2022,"Go, InHee; Mun, SeongWoo; Lee, JangJon; Jeong, HyeYoung","A case study on Hoeamsa Temple, Korea: technical examination and identification of pigments and paper unearthed from the temple site",HERITAGE SCIENCE,,,10.1186/s40494-022-00653-1,,"This study applied various scientific analyses to one fragment of paper and three pigments excavated from earthenware found in the Hoeamsa Temple site at Yangju, Korea, which is believed to have been built in the early twelfth century. Radiocarbon dating of the paper fragment suggests a manufacture date between 1460 and 1646 (at a 95% confidence interval). It was estimated to have been used during the early and middle period of the Joseon dynasty (1391-1776), when the Hoeamsa Temple site was rebuilt. In addition, by staining the fiber of the paper fragment with Graff “C” stain, the paper's raw material was identified as paper mulberry through dislocation, cross-marking, and transparent membrane, which are characteristics of the bast fiber. Efforts were made to identify their material properties and manufacturing techniques of the three types of pigments. Color difference analysis was performed by distributing the pigments in large areas to reveal characteristic differences according to the color difference of the pigment. We found that green-type pigments are malachite and atacamite, red-type pigments are hematite based on the element Fe, and white-type pigments are quartz and muscovite based on the elements Si and Al. In addition, as the size distribution of the three types of pigments is wide and has a multi-peak distribution curve, it was concluded that the pigments were used without purification.",2022-02-08,2025-12-16 16:11:46,2025-12-16 16:11:46,,,,1,10,,,,,,,,,,,,,,,,,Type: Article,,,,Ancient pigment; Bast fiber; Dancheong; Hoeamsa Temple; Joseon dynasty; Paper,,,,,,,,,,,,,,,,,,,,,,,,,,,,,,,,,,,,,,,,,,,,,,,
FDSD4WBC,journalArticle,2022,"Go, InHee; Mun, SeongWoo; Lee, JangJon; Jeong, HyeYoung","A case study on Hoeamsa Temple, Korea: technical examination and identification of pigments and paper unearthed from the temple site (vol 10, 20, 2022)",HERITAGE SCIENCE,,,10.1186/s40494-022-00676-8,,,2022-04-05,2025-12-16 16:11:46,2025-12-16 16:11:46,,,,1,10,,,,,,,,,,,,,,,,,Type: Correction,,,,,,,,,,,,,,,,,,,,,,,,,,,,,,,,,,,,,,,,,,,,,,,,,,,
EEEMAFU8,journalArticle,2017,"Grinev, Andrei V.; Bland, Richard L.",Cultural Borrowings of Russians from the Natives of Alaska in the 18th and 19th Centuries,INTERNATIONAL JOURNAL OF CULTURAL STUDIES,,,10.1177/1367877916629732,,"This article is dedicated to an analysis of Russian cultural borrowings from the Natives of Alaska and Aleutian Islands during the second half of the 18th century until 1867, when these territories were sold to the USA. As this research shows, the Russians, in the process of their colonization of the New World, borrowed objects of a predominantly utilitarian character in the sphere of material culture. Most of these borrowings took place in the 18th century, when the Russians had weak connections with the metropolis and there was a scarcity of European goods. The spiritual culture of the Natives, with the exception of some linguistic borrowings, chiefly of a toponymic character, remained outside the cultural circle of the immigrants from Russia.",2017-07,2025-12-16 16:11:46,2025-12-16 16:11:46,,395-401,,4,20,,,,,,,,,,,,,,,,,Type: Article,,,,cultural contacts; cultural exchange; Natives of Alaska; Russian colonization of America; Russian-American Company,,,,,,,,,,,,,,,,,,,,,,,,,,,,,,,,,,,,,,,,,,,,,,,
VTFXYMZZ,journalArticle,2018,"Gursel, Zeynep Devrim",A Picture of Health: The Search for a Genre to Visualize Care in Late Ottoman Istanbul,GREY ROOM,,,10.1162/grey_a_00248,,,2018,2025-12-16 16:11:46,2025-12-16 16:11:46,,36-67,,72,,,,,,,,,,,,,,,,,,Type: Article,,,,,,,,,,,,,,,,,,,,,,,,,,,,,,,,,,,,,,,,,,,,,,,,,,,
L2F8H5AR,journalArticle,2021,"Hamdani, Hakim Sameer",Srinagar: Tracing the Footprints of Muslim Culture on the Urban Landscape of a City in the Himalayas,HESPERIS-TAMUDA,,,,,"Writing in XI' century CE, the Persian scholar and polymath Abu Rayhan Muhammad ibn Ahmad al-Biruni (973-1048CE) provides us with a critical appreciation of India, as weil as a detailed and fairly accurate description of the isolated mountainous land of Kashmir. For Biruni, Kashmir represented an abode of Indic learning as weil a land marked inaccessible by its location, placing it outside of the reach of Ghaznavid Empire. Well informed about the land, which at this time was closed to outsiders, he writes: “Kashmir lies on a plateau surrounded by high inaccessible mountains... They are particularly anxious about the natural strength of their country, and therefore take always much care to keep a strong hold upon the entrances and roads leading into it. In consequence it is very difficult to have any commerce with them. In former times they used to allow one ot two foreigners to enter their country, particularly Jews, but at present they do not allow any Hindu whom they do not know personally to enter, much less other people.” Less a century after Biruni's death we find the mention of first Muslim community in Kashmir/And almost a century after the founding of Delhi Sultanate, Kashmir emerged as the center of Himalayan Sultanate which would open its borders to Sufis, artisans, poets and traders arriving from Persian speaking world, marking the land as the northernmost outpost of Persianate culture. And the materiality of this new `Muslim culture' would be represented by khanqahs, mosques and shrines of Srinagar, the capital city of Kashmir. This paper explores the presence of these Muslim sacred spaces in the city and how they contributed to the urban and visual landscape of Srinagar. The paper will examine how sacred spaces linked with Muslim faith emerged as the cultural determinants and visual markers of Sinagar city.",2021,2025-12-16 16:11:46,2025-12-16 16:11:46,,265-292,,"4, 3, SI",56,,,,,,,,,,,,,,,,,Type: Article,,,,India; Kashmir; Mosques; Muslim Culture; Sacred Spaces; Shrines; Sinagar,,,,,,,,,,,,,,,,,,,,,,,,,,,,,,,,,,,,,,,,,,,,,,,
7Q8UMQQI,journalArticle,2020,"Heath, Diane Elizabeth","BOUNDARY BLURRING BETWEEN THE MONSTROUS, THE MARVELOUS, AND THE MIRACULOUS: THE BATTLE BETWEEN VIRTUES AND VICES IN A THIRTEENTH-CENTURY THEOLOGICAL MISCELLANY",PRETERNATURE-CRITICAL AND HISTORICAL STUDIES ON THE PRETERNATURAL,,,10.5325/preternature.9.1.0011,,"The illustrations that formed the original opening folios of a thirteenth-century collection of Latin works on penance and pastoral care (now London: British Library, Harley MS 3244) are linked to William Peraldus, Summa de Vitiis (Treatise on Vice) and Clement of Llanthony, De Sex Alis Cherubim (On the Six Wings of the Cherub). Until now, the illustrations have been examined mainly for their depiction of the “militarization of the Christian ethos” (Binski). However, they exhibit a wealth of monstrous allegorical figures, some expressing significant social and religious tensions in their anti-heretical “othering.” In the first image, a friar or canon receives a scroll from Christ. The central illustrated diagram depicts the battle-lines of the monstrous Seven Deadly Sins with their vices against a mounted knight and his winged vanguard. The final illustration shows a six-winged cherub defeating the seven-headed dragon of sin. The article interprets the illustrations' blurring boundaries between us and them, the human and the monstrous, the demonic and the divine.",2020,2025-12-16 16:11:46,2025-12-16 16:11:46,,11-52,,"1, SI",9,,,,,,,,,,,,,,,,,Type: Article,,,,heresy; monstrous; Other; Peraldus; sin; theological miscellany,,,,,,,,,,,,,,,,,,,,,,,,,,,,,,,,,,,,,,,,,,,,,,,
FUPKTMNS,journalArticle,2011,"Heritage, John",The interaction order and clinical practice: Some observations on dysfunctions and action steps,PATIENT EDUCATION AND COUNSELING,,,10.1016/j.pec.2011.05.022,,"Objective: This paper examines three dysfunctional communication processes in the primary care consultation using conversation analysis theory and methods: dysfunctions in problem presentation, medical questioning that limits the expression of additional concerns, and the emergence of discordance between physicians and patients in the context of treatment recommendations. Results: It is proposed that these dysfunctions arise from the transfer of normative conventions that function well in the practice of ordinary conversation into medical contexts where they serve to limit the effectiveness of communication. Because these conventions are rooted in, and reinforced by, the activities of daily life, they may be difficult to eradicate from the medical visit. Practice implications: Reduction of these dysfunctions is most likely to emerge when physicians recognize the nature of these dysfunctional practices and their roots in everyday social life. Recognition of these practices together with their functions and dysfunctions may hold a solid prospect for improvements in medical communication. (C) 2011 Elsevier Ireland Ltd. All rights reserved.",2011-09,2025-12-16 16:11:46,2025-12-16 16:11:46,,338-343,,"3, SI",84,,,,,,,,,,,,,,,,,Type: Article; Proceedings Paper,,,,Medical questioning; Patient resistance to treatment recommendations; Problem presentation,,,,,,,,,,,,,,,,,,,,,,,,,,,,,,,,,,,,,,,,,,,,,,,
ZD4UPGZH,journalArticle,2010,"Heritage, John; Elliott, Marc N.; Stivers, Tanya; Richardson, Andrea; Mangione-Smith, Rita",Reducing inappropriate antibiotics prescribing: The role of online commentary on physical examination findings,PATIENT EDUCATION AND COUNSELING,,,10.1016/j.pec.2009.12.005,,"Objective: This study investigates the relationship of `online commentary' (contemporaneous physician comments about physical examination [PE] findings) with (i) parent questioning of the treatment recommendation and (ii) inappropriate antibiotic prescribing. Methods: A nested cross-sectional study of 522 encounters motivated by upper respiratory symptoms in 27 California pediatric practices (38 pediatricians). Physicians completed a post-visit survey regarding physical examination findings, diagnosis, treatment, and whether they perceived the parent as expecting an antibiotic. Taped encounters were coded for `problem' online commentary (PE findings discussed as significant or clearly abnormal) and `no problem' online commentary (PE findings discussed reassuringly as normal or insignificant). Results: Online commentary during the PE occurred in 71% of visits with viral diagnoses (n = 261). Compared to similar cases with no problem' online commentary, `problem' comments were associated with a 13% greater probability of parents questioning a non-antibiotic treatment plan (95% CI 0-26%, p =.05,) and a 27% (95% CI: 2-52%, p < .05) greater probability of an inappropriate antibiotic prescription. Conclusion: With viral illnesses, problematic online comments are associated with more pediatrician-parent conflict over non-antibiotic treatment recommendations. This may increase inappropriate antibiotic prescribing. Practice implications: In viral cases, physicians should consider avoiding the use of problematic online commentary. (C) 2010 Published by Elsevier Ireland Ltd.",2010-10,2025-12-16 16:11:46,2025-12-16 16:11:46,,119-125,,1,81,,,,,,,,,,,,,,,,,Type: Article,,,,Health communication; Antibiotic prescribing; Expectations for antibiotics,,,,,,,,,,,,,,,,,,,,,,,,,,,,,,,,,,,,,,,,,,,,,,,
C3GLLEGD,journalArticle,2022,"Hermanovska, Stella",The photographic representation of disability in the territory of Latvia in the second half of the nineteenth century,JOURNAL OF BALTIC STUDIES,,,10.1080/01629778.2021.2014541,,"This article focuses on approaches to the representation of disability in nineteenth-century photography and the institutionalized construction of the understanding of disability in the photograph album titled Idioten-Anstalt von Fr. Platz: Riga d. 9. Juli 1862 published in 1862 in Riga, Latvia (then part of the Russian Empire). The aim of this article is to analyze to what extent the album was an instrument of authority, reflected a certain understanding of power, and became a tool for helping to construct an understanding of disability. The representation reveals the categorization and concepts of disability of the period and presents the results and consequences of institutional actions and the importance of the provision of special education and social care, as well as the formation of an inclusive society.",2022-10-02,2025-12-16 16:11:46,2025-12-16 16:11:46,,519-542,,4,53,,,,,,,,,,,,,,,,,Type: Article,,,,representation; mental disability; nineteenth-century photography; Photographic albums; special education institutions,,,,,,,,,,,,,,,,,,,,,,,,,,,,,,,,,,,,,,,,,,,,,,,
WUTUJYPS,journalArticle,2021,"Heslop, Julia; Marsden, Hannah; Smith, Alison Merritt",Social Art and Participatory Action Research in Contested Urban Space,AM JOURNAL OF ART AND MEDIA STUDIES,,,10.25038/am.v0i26.475,,"This article examines creative co-research with groups experiencing homelessness and the effects of rapid urban development. It draws upon two projects which combine social art practices and a feminist participatory action research (PAR) approach. The paper argues that bridging PAR and social arts practice, whilst underutilised and under theorised together, is an approach that offers some key opportunities as well as challenges. In highlighting these challenges, the paper acknowledges the role of power dynamics and broader issues associated with artists working in urban development contexts where relationships between local authorities, developers, the culture sector and residents are increasingly complex and entangled. In analysing the difficulties and risks within creative, participatory projects, the paper calls for an `ethic of care' and a focus on collectively building knowledge about unequal political, economic and social structures with groups affected by rapid urban development and displacement.",2021-10,2025-12-16 16:11:46,2025-12-16 16:11:46,,115-128,,,26,,,,,,,,,,,,,,,,,Type: Article,,,,artwashing; gentrification; housing; participatory action research; social art,,,,,,,,,,,,,,,,,,,,,,,,,,,,,,,,,,,,,,,,,,,,,,,
CW5D2ZY3,conferencePaper,2015,"Ippolito, Fabrizia",Adjustments. Repairing and reinventing damaged landscapes,Heritage and Technology: Mind Knowledge Experience,,,,,"Starting from a design research on Sarno landscape, being leaded within the Department of Architecture and Design of Second University of Naples (1), and on the basis of an in-progress research on Italian landscapes, the paper proposes a reflection on reparation and reinvention of disaster-damaged landscapes. In a moment when environmental changes are accelerated, in a Country where they deal with obstinacy in building and inhabiting vulnerable lands, environmental disasters are more frequent and their risks are greater. In Italy, where 40% of the territory is at high seismic risk and 10% is at high hydrological risk and there is a long list of recent disasters, where the investments for the safety of the territory are less than 1/10 of the necessity and the maximum effort is pointed at solving emergency and metabolizing both disasters and reconstructions, damaged landscapes require a new design care. Sarno could be a significant experimental laboratory: hit by the flood of the 1998, it is the symbol of a disaster and the origin of a legal advancement in planning with risk; damaged but not abandoned, it represents the adaptive attitudes of everyday life; covered with buildings beyond its necessities, and without any plan, it expresses the conflicts and contradictions of present urbanization. While the Municipality of Sarno is providing itself with an urban plan and directing attention to its landscape, and while national and international design culture is facing the topic of disasters, a design laboratory can work on reparation and reinvention, turning the vulnerability of this landscape into a peculiarity.",2015,2025-12-16 16:11:46,2025-12-16 16:11:46,,920-925,,,56,,,,Fabbrica della Conoscenza,,,,,,,,,,,,,Type: Proceedings Paper,,,,architectural urban and landscape design; landscape risk; Landscape values; reparation,,,,,,,,,,,,,,,,,,,,,,,,,,,,,,,,,,,,,,,,,,,,,,,
MMVQFNSF,journalArticle,2018,"Janssens, Luc; Giemsch, Liane; Schmitz, Ralf; Street, Martin; Van Dongen, Stefan; Crombe, Philippe",A new look at an old dog: Bonn-Oberkassel reconsidered,JOURNAL OF ARCHAEOLOGICAL SCIENCE,,,10.1016/j.jas.2018.01.004,,"The Bonn-Oberkassel dog remains (Upper Pleistocene and 14223 +- 58 years old) have been reported more than 100 years ago. Recent re-examination revealed the tooth of another older and smaller dog, making this domestic dog burial not only the oldest known, but also the only one with remains of two dogs. This observation brings the total known Magdalenian dogs to nine. Domestication of dogs during the final Palaeolithic has important implications for understanding pre-Holocene hunter-gatherers. Most proposed hunter-gatherer motivations for domesticating dogs have been utilitarian. However, remains of the Bonn-Oberkassel dogs may offer another view. The Bonn-Oberkassel dog was a late juvenile when it was buried at approximately age 27-28 weeks, with two adult humans and grave goods. Oral cavity lesions indicate a gravely ill dog that likely suffered a morbillivirus (canine distemper) infection. A dental line of suggestive enamel hypoplasia appears at the 19-week developmental stage. Two additional enamel hypoplasia lines, on the canine only, document further disease episodes at weeks 21 and 23. Pathological changes also include severe periodontal disease that may have been facilitated by immunodeficiency. Since canine distemper has a three-week disease course with very high mortality, the dog must have been perniciously ill during the three disease bouts and between ages 19 and 23 weeks. Survival without intensive human assistance would have been unlikely. Before and during this period, the dog cannot have held any utilitarian use to humans. We suggest that at least some Late Pleistocene humans regarded dogs not just materialistically, but may have developed emotional and caring bonds for their dogs, as reflected by the survival of this dog, quite possibly through human care. (C) 2018 Elsevier Ltd. All rights reserved.",2018-04,2025-12-16 16:11:46,2025-12-16 16:11:46,,126-138,,,92,,,,,,,,,,,,,,,,,Type: Article,,,,Dog; Domestication; Human-animal-bond; Pleistocene; Upper palaeolithic; Wolf,,,,,,,,,,,,,,,,,,,,,,,,,,,,,,,,,,,,,,,,,,,,,,,
35G5Q3ZV,journalArticle,2005,"Kaminitz, MA",Caring fora American Indian objects: A practical and cultural guide.,JOURNAL OF THE AMERICAN INSTITUTE FOR CONSERVATION,,,,,,2005,2025-12-16 16:11:48,2025-12-16 16:11:48,,147-149,,2,44,,,,,,,,,,,,,,,,,Type: Book Review,,,,,,,,,,,,,,,,,,,,,,,,,,,,,,,,,,,,,,,,,,,,,,,,,,,
DWLI9XYD,journalArticle,2002,"Kauffman, M",Handle with care: Ownership and control of ethnographic materials,MUSEUM NEWS,,,,,,2002-10,2025-12-16 16:11:48,2025-12-16 16:11:48,,23+,,5,81,,,,,,,,,,,,,,,,,Type: Book Review,,,,,,,,,,,,,,,,,,,,,,,,,,,,,,,,,,,,,,,,,,,,,,,,,,,
MGPMBIZQ,journalArticle,2020,"Kerbage, Hala; Marranconi, Filippo; Chamoun, Yara; Brunet, Alain; Richa, Sami; Zaman, Shahaduz",Mental Health Services for Syrian Refugees in Lebanon: Perceptions and Experiences of Professionals and Refugees,QUALITATIVE HEALTH RESEARCH,,,10.1177/1049732319895241,,"We applied semi-structured and in-depth interviews to explore the perceptions and experiences of 60 practitioners/policymakers and 25 Syrian participants involved in mental health services for refugees in Lebanon. Refugees were found to view their distress as a normal shared reaction to adversity while professionals perceived it as symptomatic of mental illness. Practitioners viewed Syrian culture as an obstacle to providing care and prioritized educating refugees about mental health conditions. Policymakers invoked the state of crisis to justify short-term interventions, while Syrian refugees requested community interventions and considered resettlement in a third country the only solution to their adverse living conditions. The therapeutic relationship seems threatened by mistrust, since refugees change their narratives as an adaptive mechanism in response to the humanitarian system, which professionals consider manipulative. We discuss the implications of our findings for mental health practice in humanitarian settings.",2020-05,2025-12-16 16:11:48,2025-12-16 16:11:48,,849-864,,6,30,,,,,,,,,,,,,,,,,Type: Article,,,,perceptions; Lebanon; attitudes; distress; experiences; Lebanese professionals; mental health and illness; mental health services; qualitative methods; Syrian crisis; Syrian refugees,,,,,,,,,,,,,,,,,,,,,,,,,,,,,,,,,,,,,,,,,,,,,,,
TELTNW86,journalArticle,2023,"Kerr, Anna M.; Bereitschaft, Christine; Duty, Kayla M.; Sisk, Bryan A.",Navigating care for rare diseases: Caregiver and patient advice for families and clinicians managing care for vascular malformations,PATIENT EDUCATION AND COUNSELING,,,10.1016/j.pec.2022.11.011,,"Objective: Families affected by rare diseases face many challenges finding adequate care and often report poor communication with clinicians. In the current study, we explore patient and caregiver advice for families and clinicians in the context of complex vascular malformations (VMs), a condition that is frequently misunderstood and misdiagnosed.Methods: We performed semi-structured interviews with 21 adult patients with complex VMs and 24 caregivers of children with VMs. We analyzed the transcripts using thematic analysis.Results: Participants advised patients and caregivers to advocate for care, address mental and emotional well-being, seek social support, and promote self-management and self-care. Participants advised clinicians to show care and concern, show commitment, empower and validate, communicate information clearly, address mental/emotional well-being, acknowledge the broad impact of disease and treatment, acknowledge your lim-itations, work as a team, and commit to learning.Conclusion: Participants' advice revealed challenges related to family-centered communication and patient and caregiver quality of life and demonstrated the importance of self-advocacy and social support.Practice implications: The result of this study can help newly-diagnosed families overcome challenges related to care and communication. Clinicians can also use the results to support families by offering them our accom-panying handout to validate families' experiences and relay this advice.",2023-02,2025-12-16 16:11:48,2025-12-16 16:11:48,,,,,107,,,,,,,,,,,,,,,,,Type: Article,,,,Advice giving; Clinician-patient communication; Rare diseases; Social support; Vascular anomalies,,,,,,,,,,,,,,,,,,,,,,,,,,,,,,,,,,,,,,,,,,,,,,,
WI54RZ7C,journalArticle,2023,"Kerr, Anna M.; Lin, Sunny; Sisk, Bryan A.",Mental and physical health of adult patients affected by complex vascular anomalies,PATIENT EDUCATION AND COUNSELING,,,10.1016/j.pec.2023.107987,,"Objective: We examined care and communication factors that affect physical and mental health for patients with complex vascular anomalies (VAs).Methods: VA patient (N = 135) completed an online survey with measures of ability to navigate healthcare, quality of information exchange, perceived stigma, and demographic variables. We performed linear regression to determine if these variables were associated with mental and physical health.Results: Physical and mental health were associated with information exchange (beta = .41, 95% CI=.12-.69; beta = .33, 95% CI=.04-.62), stigma (beta =-.49, 95% CI=-.74 to-.24; beta =-.63, 95% CI=-.89 to-.38), and education (beta = 4.00, 95% CI=.63 -7.38; beta = 3.44, 95% CI=.06 to 6.82). Ability to navigate healthcare was associated with health outcomes in our bivariate model, but not significant in a multivariate model.Conclusion: The results underscore the importance of effective information exchange. Poor information exchange was associated with worse physical and mental health. VA patients with lower education levels and higher perceived stigma reported poorer health outcomes and likely face many struggles accessing care. Practice implications: Patient-centered information exchange between clinicians and patients is needed to address unmet information needs. Clinicians can also reduce perceived stigma by validating patients, and should provide resources to reduce disparities related to education.",2023-12,2025-12-16 16:11:48,2025-12-16 16:11:48,,,,,117,,,,,,,,,,,,,,,,,Type: Article,,,,Vascular anomalies; Care coordination; Mental health; Patient-centered communication; Physical health; Rare disorders,,,,,,,,,,,,,,,,,,,,,,,,,,,,,,,,,,,,,,,,,,,,,,,
8YUGZIFZ,journalArticle,2021,"Kerr, Anna M.; Sisk, Bryan A.",Unanswered questions and unmet needs: A call for communication research in vascular anomalies,PATIENT EDUCATION AND COUNSELING,,,10.1016/j.pec.2021.03.035,,,2021-11,2025-12-16 16:11:48,2025-12-16 16:11:48,,2839-2842,,11,104,,,,,,,,,,,,,,,,,Type: Editorial Material,,,,Rare diseases; Vascular anomalies; Communication,,,,,,,,,,,,,,,,,,,,,,,,,,,,,,,,,,,,,,,,,,,,,,,
W2U5UVJ3,journalArticle,2022,"Kerr, Anna M.; Thompson, Charee M.","A longitudinal study of third-year medical students' communication competence, communication anxiety, and attitudes toward patient-centered care",PATIENT EDUCATION AND COUNSELING,,,10.1016/j.pec.2021.09.004,,"Objective: We investigated changes in medical students' communication competence and communication anxiety during their third year of training when they are immersed in formative clinical experiences that shape their patient-centered care and communication skills. Methods: We invited 282 students to complete a longitudinal, four-phase online survey during their third-year. Our response rate was 62.8% at Phase I (n = 177), 34.0% at Phase II (n = 96), 37.9% at Phase III (n = 107), and 48.9% at Phase IV (n = 138). Measures included communication competence, communication anxiety, and patient-centered attitudes and orientation. We employed hierarchical linear modeling to analyze the data. Results: Students' communication competence and anxiety improved over time. Female students reported greater communication anxiety and less competence related to information giving. At each phase, patient-centered attitudes significantly predicted communication competence and communication anxiety. Conclusion: Students' competence and anxiety regarding communication during medical encounters improve during their third year and are significantly influenced by their attitudes and orientation towards patient-centered care and communication. Practice implications: Schools should integrate curriculum that fosters positive attitudes toward patient-centered communication and provides opportunities to practice complex communication skills, which may increase competence and recognition that patient-centered communication is an important clinical skill. (C) 2021 Elsevier B.V. All rights reserved.",2022-05,2025-12-16 16:11:48,2025-12-16 16:11:48,,1298-1304,,5,105,,,,,,,,,,,,,,,,,Type: Article,,,,Medical education; Communication anxiety; Communication competence; Patient-centered attitudes,,,,,,,,,,,,,,,,,,,,,,,,,,,,,,,,,,,,,,,,,,,,,,,
JVB269N2,journalArticle,2021,"Kipp, Caroline; Robertson, Erin","Fashioning Masks. July 20, 2020",JOURNAL OF MODERN CRAFT,,,10.1080/17496772.2021.1896143,,"Since April 2020, the U.S. Center for Disease Control (CDC) has asked for people to wear face masks in public to curb the spread of COVID-19. This shift has given rise to a mass movement of cloth mask making. Artists have leapt into action to produce masks for healthcare and frontline workers or as an alternative economy for lost income, while others customize masks to communicate identity, beliefs, or concerns. Mask making has also raised questions about the future of fashion with regards to health and sustainability. Through a series of conversations, experts from the arts, fashion, sustainability, and medical fields were invited to talk about the variety of issues, and questions this moment of mask making and wearing have produced. Boston-based creative Erin Robertson has been putting her talents to good use during the COVID-19 crisis. Robertson has been sewing cotton face masks for health-care workers, as well as selling some chic options on her website to raise money towards her frontline PPE efforts. In addition, Robertson has leveraged her celebrity in order to share tutorials and materials to aid others in their mask making.",2021,2025-12-16 16:11:48,2025-12-16 16:11:48,,35-42,,1,14,,,,,,,,,,,,,,,,,Type: Article,,,,COVID-19; Fashion; Textiles; Fabric Face Masks; Masks,,,,,,,,,,,,,,,,,,,,,,,,,,,,,,,,,,,,,,,,,,,,,,,
LLS2GVWP,journalArticle,2016,"Kogou, Sotiria; Neate, Sarah; Coveney, Clare; Miles, Amanda; Boocock, David; Burgio, Lucia; Cheung, Chi Shing; Liang, Haida",The origins of the Selden map of China: scientific analysis of the painting materials and techniques using a holistic approach,HERITAGE SCIENCE,,,10.1186/s40494-016-0098-x,,"Since the `rediscovery' of the Selden map of China, an early seventeenth century map of Asia, in the Bodleian Library in Oxford, the importance of the map in our understanding of globalisation in the early seventeenth century has been recognised. One of the unresolved questions is the origin of the map. This paper addresses the question through material evidence provided by a holistic approach using a suite of complementary analytical techniques. The map was examined in situ and non-invasively by a remote spectral imaging instrument (PRISMS) modified for close range imaging, which was followed by a range of complementary techniques applied to a number of detached fragments, though most of the techniques are non-invasive and can be applied to the map directly in the future. The binding medium was found to be a gum, almost certainly gum Arabic, rather than the animal glue commonly used in Chinese paintings. Some of the pigments and their usage were found to be at odds with the common practice in paintings from China. The detection of gum Arabic, a binding medium used by the Europeans, South and West Asians and the use of a mixture of orpiment and indigo, commonly found in European, South and West Asian paintings gives further evidence on the unusual origins of this map. The likely detection of a basic copper chloride, such as atacamite, in the green areas suggests an influence from the South and West Asian rather than the European tradition. Detailed analysis of the various spectral bands of the spectral image cube along with visual inspection of the large scale colour image showed that the map was not fully planned at the beginning but rather painted in stages, at times by trial and error and that it was unfinished. A new hypothesis for the origin of the Selden map in Aceh Sumatra is proposed based on the new evidences.",2016-09-02,2025-12-16 16:11:48,2025-12-16 16:11:48,,,,,4,,,,,,,,,,,,,,,,,Type: Article,,,,FTIR; XRF; Pigments; Raman spectroscopy; Animal glue; Binding medium; Fibre optic reflectance spectroscopy; Gum Arabic; High performance liquid chromatography; Mass spectrometry; SEM/EDX; Spectral imaging,,,,,,,,,,,,,,,,,,,,,,,,,,,,,,,,,,,,,,,,,,,,,,,
9DL2U9WM,journalArticle,2004,"Kraus, A","Saving Granny's silver (Art-Care.com, founded by Judith Tartt, will help the holders of fine art find specialized service providers who hold the highest credentials of their respective fields)",MUSEUM NEWS,,,,,,2004-04,2025-12-16 16:11:48,2025-12-16 16:11:48,,63+,,2,83,,,,,,,,,,,,,,,,,Type: News Item,,,,,,,,,,,,,,,,,,,,,,,,,,,,,,,,,,,,,,,,,,,,,,,,,,,
67ZZ5L8B,journalArticle,2014,"Kunicki-Goldfinger, Jerzy J.; Freestone, Ian C.; McDonald, Iain; Hobot, Jan A.; Gilderdale-Scott, Heather; Ayers, Tim","Technology, production and chronology of red window glass in the medieval period - rediscovery of a lost technology",JOURNAL OF ARCHAEOLOGICAL SCIENCE,,,10.1016/j.jas.2013.07.029,,"SEM-EDXA of 132 examples of medieval red window glass reveals the presence of around 1% copper oxide in all cases. SEM and TEM of selected samples confirm the presence of Cu nanoparticles. Two structural categories of red glass sheet are identified. Sheets comprising a single layer of red glass from a few tens to around 300 pm thick overlying a supporting substrate of white glass, with or without a protective cover of white glass, are typically found from the fourteenth century onwards. However, in 12th-14th century England, France and Spain, and perhaps elsewhere, typical red glass sheets have a complex microstructure comprising multiple coloured striae about 1 gm thick in a white background. SEM-EDXA, TEM and LA-ICP-MS have been used to characterise and investigate the technologies of the two types in detail. The single-layered glasses were produced using an approach analogous to that of copper red glass in the modern period, where a red glass is flashed onto a colourless base. In contrast, the multi-layered glasses were formed by the incomplete mixing of an oxidised high-Cu and a reduced low-Cu glass. The red colour forms due to the diffusion of oxidised copper into the reduced glass and the nucleation and growth of metallic copper during heat-treatment. This represents a previously unrecognised medieval glass technology, where red was created by mixing two weakly coloured glasses, a complex, arcane and mysterious procedure which must have reinforced the exclusivity of the craft. The occurrence of the technique has implications for dating windows and the identification of glass which has been inserted in early restorations and repairs, for the trade in coloured glass and for the transfer of glassmaking technologies in medieval times. It provides a link between stained glass window technology of the high medieval period and the glass-colouring practices of the late first millennium CE. (C) 2013 Elsevier Ltd. All rights reserved.",2014-01,2025-12-16 16:11:48,2025-12-16 16:11:48,,89-105,,,41,,,,,,,,,,,,,,,,,Type: Article,,,,Scanning electron microscopy; Copper nanoparticle; Energy dispersive X-ray analysis; Glass composition; Glass technology; Laser ablation inductively-coupled plasma mass spectrometry; Medieval; Red glass; Ruby glass; Stained glass window; Transmission electron microscopy; York Minster,,,,,,,,,,,,,,,,,,,,,,,,,,,,,,,,,,,,,,,,,,,,,,,
AWL5T4BX,journalArticle,2022,"Lee, Alexandra; Elliott, Martin; Scourfield, Jonathan; Bedston, Stuart; Broadhust, Karen; Ford, David, V; Griffiths, Lucy J.","Data resource: Children receiving care and support and children in need, administrative records in Wales",INTERNATIONAL JOURNAL OF POPULATION DATA SCIENCE (IJPDS),,,10.23889/ijpds.v6i1.1694,,"Introduction In Wales, the Children in Need (CIN) dataset includes information relating to needs of children and social care support. Before the Social Services and Well-being (Wales) Act 2014 came into force in April 2016, this data collection was named the Children in Need census, changing to Children Receiving Care and Support (CRCS) after this date to reflect better the children eligible for inclusion. This paper describes these datasets, their potential for research and their limitations. We describe data that researchers can access via the Secure Anonymised Information Linkage (SAIL) Databank and exploratory linkages made to health records. Methods CIN and CRCS data were transferred to the SAIL Databank using a standardised approach to provide de-identified data with Anonymised Linking Fields (ALF) for successfully matched records. The linkage method relies on the use of Unique Pupil Numbers (UPN). As such, no records are currently available for children without a UPN, which includes most under age three. ALFs enabled linkage to individual-level health data within SAIL. Health service use was compared to non-CIN/CRCS populations. Results CRCS data held within the SAIL Databank comprises 25,972 records, 81% of the total number of records reported by the Welsh Government. The CIN data contains 108,449 records, 79% of the Welsh Government's records for this data collection. Health service use of children in need, and children receiving care and support, was roughly equal to that of the non-CIN/CRCS population, except GP visits, where children in need had fewer consultations, and children receiving care and support had more consultations than the comparison population. Conclusion Researchers can access Welsh CIN and CRCS datasets through the SAIL Databank, enabling research opportunities. Work is ongoing to improve records and to understand better the health and health service use among children captured by CIN and CRCS censuses.",2022,2025-12-16 16:11:48,2025-12-16 16:11:48,,,,1,7,,,,,,,,,,,,,,,,,Type: Article,,,,administrative data; children; data linkage; social care,,,,,,,,,,,,,,,,,,,,,,,,,,,,,,,,,,,,,,,,,,,,,,,
TLPC9JQP,journalArticle,2018,"Leydon, Geraldine M.; Stuart, Beth; Summers, Rachael H.; Little, Paul; Ekberg, Stuart; Stevenson, Fiona; Chew-Graham, Carolyn A.; Brindle, Lucy; Heritage, John; Drew, Paul; Moore, Michael V.",Findings from a feasibility study to improve GP elicitation of patient concerns in UK general practice consultations,PATIENT EDUCATION AND COUNSELING,,,10.1016/j.pec.2018.03.009,,"Objectives: To establish: a) feasibility of training GPs in a communication intervention to solicit additional patient concerns early in the consultation, using specific lexical formulations (”do you have `any' vs. `some' other concerns?”) noting the impact on consultation length, and b) whether patients attend with multiple concerns and whether they voiced them in the consultation. Methods: A mixed-methods three arm RCT feasibility study to assess the feasibility of the communication intervention. Results: Intervention fidelity was high. GPs can be trained to solicit additional concerns early in the consultation (once patients have presented their first concern). Whilst feasible the particular lexical variation of `any' vs `some' seemed to have no bearing on the number of patient concerns elicited, on consultation length or on patient satisfaction. The level of missing questionnaire data was low, suggesting patients found completion of questionnaires acceptable. Conclusion: GPs can solicit for additional concerns without increasing consultation length, but the particular wording, specifically `any' vs. `some' may not be as important as the placement of the GP solicitation. Practice implications: GPs can solicit early for additional concerns and GPs can establish patients' additional concerns in the opening of the consultation, which can help to plan and prioritise patients multiple concerns. (C) 2018 Published by Elsevier B.V.",2018-08,2025-12-16 16:11:48,2025-12-16 16:11:48,,1394-1402,,8,101,,,,,,,,,,,,,,,,,Type: Article,,,,Agenda setting; Communication; Eliciting patients multiple concerns; Feasibility study; General practice consultations,,,,,,,,,,,,,,,,,,,,,,,,,,,,,,,,,,,,,,,,,,,,,,,
ES6QS435,journalArticle,2023,"Lopez Perez, Maria del Pilar","Reflections on the Forms and Arrangements of Surface Images in the Art of Barniz de Pasto, from the 16th to the 19th Century",HERITAGE,,,10.3390/heritage6070286,,"Flowers, branches, birds, animals, a diversity of geometric combinations and varied scenes create, with great care, an exquisite and delightfully ornamented world. Among symmetries, proportions, chromatic sense, and repeated figures, themes between the sacred and the profane are set and arranged in the artistic surfaces of barniz de Pasto. My reflection is aimed at knowing in greater depth the marvelous creations that the barniz de Pasto painters elaborated in the cultural environment of San Juan de Pasto and San Francisco de Quito, by exploring that visual world, which is part of a group of objects made by overlapping layers of membrane to define figures with the presence of silver leaf, in which a significant relief is generally evident. Understanding how the figures were arranged on the surface of the objects, how they were organized, and what system of composition and other possible artistic resources to control the surfaces existed, leads me to consider that the craftsmen had a similar training to that given in the field of the Spanish painter in several of its modalities. Some of the most noted examples of this neogranadino art will be used as examples. I reflect on three examples from different periods and very different in their configuration: a casket, a cabinet, and a tray, all decorated with barniz de Pasto and with different compositional challenges for the artist. Rather than the physical-mechanical use of materials and supports, I focus on the syntax of the image and the techniques used in the organizational structure and its processes, finding that there were ways of organizing the elements in a specific space and that these came from professional practices associated mainly with painting.",2023-07,2025-12-16 16:11:48,2025-12-16 16:11:48,,5424-5441,,7,6,,,,,,,,,,,,,,,,,Type: Article,,,,composition; barniz de Pasto; mopa-mopa; organizational structure; ornament; painter,,,,,,,,,,,,,,,,,,,,,,,,,,,,,,,,,,,,,,,,,,,,,,,
5ESAGI77,journalArticle,2020,"Lugg-Widger, Fiona; Cannings-John, Rebecca; Akbari, Ashley; Brookes-Howell, Lucy; Hood, Kerenza; John, Ann; Jones, Hywel; Prout, Hayley; Schoenbuchner, Simon; Thomas, Daniel; Robling, Michael",Establishing the impact of COVID-19 on the health outcomes of domiciliary care workers in Wales using routine data: a protocol for the OSCAR study,INTERNATIONAL JOURNAL OF POPULATION DATA SCIENCE (IJPDS),,,10.23889/ijpds.v5i4.1656,,"Introduction Domiciliary care workers (DCWs) continued providing social care to adults in their own homes throughout the COVID-19 pandemic. Evidence of the impact of COVID-19 on health outcomes of DCWs is currently mixed, probably reflecting methodological limitations of existing studies. The risk of COVID-19 to workers providing care in people's homes remains unknown. Objectives To quantify the impact of COVID-19 upon health outcomes of DCWs in Wales, to explore causes of variation, and to extrapolate to the rest of the UK DCW population. Methods Mixed methods design comprising cohort study of DCWs and exploratory qualitative interviews. Data for all registered DCWs in Wales is available via the SAIL Databank using a secured, privacy-protecting encrypted anonymisation process. Occupational registration data for DCWs working during the pandemic will be combined with EHR outcome data within the SAIL Databank including clinical codes that identify suspected and confirmed COVID-19 cases. We will report rates of suspected and confirmed COVID-19 infections and key health outcomes including mortality and explore variation (by factors such as age, sex, ethnicity, deprivation quintile, rurality, employer, comorbidities) using regression modelling, adjusting for clustering of outcome within Health Board, region and employer. A maximum variation sample of Welsh DCWs will be approached for qualitative interview using a strategy to include participants that vary across factors such as sex, age, ethnicity and employer. The interviews will inform the quantitative analysis modelling. We will generalise the quantitative findings to other UK nations. Discussion Using anonymised linked occupational and EHR data and qualitative interviews, the OSCAR study will quantify the risk of COVID-19 on DCWs' health and explore sources of variation. This will provide a secure base for informing public health policy and occupational guidance.",2020,2025-12-16 16:11:48,2025-12-16 16:11:48,,,,4,5,,,,,,,,,,,,,,,,,Type: Article,,,,COVID-19; administrative data; domiciliary care worker; mortality; natural experiment,,,,,,,,,,,,,,,,,,,,,,,,,,,,,,,,,,,,,,,,,,,,,,,
UUXBHNRA,journalArticle,2022,"Lugg-Widger, Fiona; Munnery, Kim; Townson, Julia; Trubey, Rob; Robling, Michael",Identifying researcher learning needs to develop online training for UK researchers working with administrative data: CENTRIC training,INTERNATIONAL JOURNAL OF POPULATION DATA SCIENCE (IJPDS),,,10.23889/ijpds.v7i1.1712,,"Background The use of administrative data in health and social science research continues to expand, with increased availability of data and interest from funders. Researchers, however, continue to experience delays in access, storage and sharing of administrative data. Training opportunities are limited and typically specific to individual data providers or focussed on the analytical aspects of working with administrative data. The CENTRIC study was funded by the Information Commissioners Office, with the aim of developing a broader training curriculum for researchers working with administrative data in the UK. Methods A mixed-methods design informed curriculum content, including surveys with researchers, focus group discussions with data providers and workshops with members of the public. Researchers were identified from relevant administrative data networks and invited to participate in an online survey identifying training needs. Data providers were approached with a request to input to a face-to-face or online meeting with two members of the research team about their experiences of working with researchers. Data were analysed within the broad framework of the interview schedule, free text responses in the survey were analysed thematically. Results 107 researchers responded to the online survey and four data providers participated in the focus groups. We identified five main themes, relating to research training needs for UK researchers working with administrative data: communication; timelines; changes & amendments; future-proofing applications; and, the availability of training and support. Data providers either provided additional evidence on these learning needs or ways to address identified challenges. Six modules were developed addressing these training needs. Quotes from the survey and focus groups are used anonymously in the online training modules. Conclusion The CENTRIC online training curriculum was launched in September 2020 and is available, free of charge for UK researchers. CENTRIC specifically addresses commonly identified training needs of researchers working with administrative data.",2022,2025-12-16 16:11:48,2025-12-16 16:11:48,,,,1,7,,,,,,,,,,,,,,,,,Type: Article,,,,administrative data; data access; routine data; training,,,,,,,,,,,,,,,,,,,,,,,,,,,,,,,,,,,,,,,,,,,,,,,
96GUZK7K,journalArticle,2023,"Luigini, Alessandro; Brusaporci, Stefano; Kofler, Waltraud; Basso, Alessandro; Maiezza, Pamela; Tata, Alessandra; Rossi, Maria Laura","The Vaults of the Church of St. Michael the Archangel in Brixen Between Geometry, History and Missed Space",NEXUS NETWORK JOURNAL,,,10.1007/s00004-023-00713-4,,"Through the analysis of the vaulted system, the study aims to research the spatialities enclosed in the church of St. Michael the Archangel in Brixen (Bz): the current one surveyed, the gothic one and the painted baroque one, grafted onto the late-Gothic structure.",2023-06,2025-12-16 16:11:48,2025-12-16 16:11:48,,165-174,,"SUPPL 1, 1",25,,,,,,,,,,,,,,,,,Type: Article,,,,Baroque frescoes; Brixen; Late-Gothic; South Tyrol; Vault system,,,,,,,,,,,,,,,,,,,,,,,,,,,,,,,,,,,,,,,,,,,,,,,
RKHWJAQ4,journalArticle,2020,"MacDonald, Sarah; Sampson, Catherine; Turley, Ruth; Biddle, Lucy; Ring, Nicola; Begley, Roisin; Evans, Rhiannon",Patients' Experiences of Emergency Hospital Care Following Self-Harm: Systematic Review and Thematic Synthesis of Qualitative Research,QUALITATIVE HEALTH RESEARCH,,,10.1177/1049732319886566,,"Rates of hospital presentation for self-harm have increased in recent years, and although clinical practice guidelines on clinical provision prioritize positive patient experiences, the quality of provision remains variable. This systematic review provides an updated and extended synthesis of qualitative research on the following: (a) patients' experiences of treatment following presentation to hospital; and (b) patients' perceptions of the impact of treatment on recurrent self-harm and/or suicidal ideation, and future help-seeking. Twenty-six studies were identified for inclusion in the final synthesis. Three meta-themes emerged: (a) individuals undertake extensive identity work when presenting with self-harm, navigating the process of becoming a patient, and negotiating the type of patient they want to be; (b) care ranges from gentle to hostile, with care at admission and discharge being particularly disorientating; and (c) negative experiences of clinical treatment may increase future self-harm. Emerging research gaps include the need for further theoretically informed qualitative research in this area.",2020-02,2025-12-16 16:11:49,2025-12-16 16:11:49,,471-485,,3,30,,,,,,,,,,,,,,,,,Type: Review,,,,hospitals; systematic review; self-harm; suicide; lived experience; qualitative,,,,,,,,,,,,,,,,,,,,,,,,,,,,,,,,,,,,,,,,,,,,,,,
WRCJZVFP,journalArticle,2022,"Mangione-Smith, Rita; Robinson, Jeffrey D.; Zhou, Chuan; Stout, James W.; Fiks, Alexander G.; Shalowitz, Madeleine; Gerber, Jeffrey S.; Burges, Dennis; Hedrick, Benjamin; Warren, Louise; Grundmeier, Robert W.; Kronman, Matthew P.; Shone, Laura P.; Steffes, Jennifer; Wright, Margaret; Heritage, John",Fidelity evaluation of the dialogue around respiratory illness treatment (DART) program communication training,PATIENT EDUCATION AND COUNSELING,,,10.1016/j.pec.2022.03.011,,"Objective: To evaluate receipt fidelity of communication training content included in a multifaceted intervention known to reduce antibiotic over-prescribing for pediatric acute respiratory tract infections (ARTIs), by examining the degree to which clinicians implemented the intended communication behavior changes. Methods: Parents were surveyed regarding clinician communication behaviors immediately after attending 1026 visits by children 6 months to < 11 years old diagnosed with ARTIs by 53 clinicians in 18 pediatric practices. Communication outcomes analyzed were whether clinicians: (A) provided both a combined (negative + positive) treatment recommendation and a contingency plan (full implementation); (B) provided either a combined treatment recommendation or a contingency plan (partial implementation); or (C) provided neither (no implementation). We used mixed effects multinomial logistic regression to determine whether these 3 communication outcomes changed between baseline and the time periods following each of 3 training modules. Results: After completing the communication training, the adjusted probability of clinicians fully implementing the intended communication behavior changes increased by an absolute 8.1% compared to baseline (95%Confidence Interval [CI]: 2.4%, 13.8%, p = .005). Conclusions: Our findings support the receipt fidelity of the intervention's communication training content. Practical implications: Clinicians can be trained to implement communication behaviors that may aid in reducing antibiotic over-prescribing for ARTIs.",2022-07,2025-12-16 16:11:49,2025-12-16 16:11:49,,2611-2616,,7,105,,,,,,,,,,,,,,,,,Type: Article,,,,Antibiotic prescribing; Pediatrics; Acute respiratory illness; Clinician-parent communication,,,,,,,,,,,,,,,,,,,,,,,,,,,,,,,,,,,,,,,,,,,,,,,
BQVRI9R2,conferencePaper,2012,"Marotta, Anna","Imagination applied to European norms in “humanized” hospitals. More research, less cost",LESS MORE ARCHITECTURE DESIGN LANDSCAPE,,,,,"The architect M. Tedeschi worked to an update project for the Department of Medical Oncology at the San Carlo Hospital in Milan (1994). It was part of a larger Humanization Project for that hospital. He compared the concept of humanization to that of Heimlichkeit, that means the comfort feeling, quiet, peace sensations and home warmth that everyone yearns for. In 2001, U. Veronesi - with R. Piano - presented a preliminary Preparatory Metaproject for guidelines definition in hospitals design in the Italian Regions, in which patients and their needs play a major role in the humanization project. This is a theme of topical interests, characterized by a lot of researches and applications. This paper aims to verify the colour role in the hospitals humanization process and will show, with general scientific criteria, an interesting colour restyling experiment conducted (as voluntary work) by the author for the San Lazzaro Hospital in Turin, in collaboration with ANDOS, Sikkens and Politecnico of Turin. Thus, by combining hospital voluntary work, technical and scientific research (public and private) and creativity, an important objective for the care and comfort of patients and hospital has been achieved. It has been conducted a “pilot project”, with procedures based on norms, (without costs for the public institution) replicable in other similar situations.",2012,2025-12-16 16:11:49,2025-12-16 16:11:49,,906-914,,,,,,,Fabbrica della Conoscenza,,,,,,,,,,,,,Issue: 16 Type: Proceedings Paper,,,,research; design; colour; comfort; humanization,,,,,,,,,,,,,,,,,,,,,,,,,,,,,,,,,,,,,,,,,,,,,,,
WDHYTLWS,conferencePaper,2014,"Marotta, Anna",Anima valens in corpore aegro: Paths of the Spirit in the Places of Health-Care,BEST PRACTICES IN HERITAGE CONSERVATION AND MANAGEMENT: FROM THE WORLD TO POMPEII,,,,,"This paper aims to present recent experiences, conducted between research and application, concerning the so called “paths of the spirit”, to deepen, update and articulate places of worships in hospitals. The goal was not only to offer a private place for praying, but also to create a `radiate spirituality' in the entire complex. This means that the thought and the soul dimension constitute powerful experiences, which are constant and shared, not being relegated to a few moments of the day or week. A dimension that helps us to accept the personal troubles of living people, not only to add material quality to our lives, but also to find common values in the mutual comparison, respecting the complex system of religious differences. The project has been embodied in the book `Anima valens in corpore aegro', presented twice: on December 3rd, 2013 in Turin at the Molinette hospital; and on January 14th, in Vatican City, by invitation of Monsignor Zygmunt Zimowski, president of the Pontifical Council for the Pastoral Care of Health Care Workers. Through the examination of case studies, critically and disciplinary selected and analyzed, the project aims to demonstrate that, in addition to therapeutic screened positive results, a “sustainability of the spirit” could exist, together with the well-known idea of “eco-technologic” sustainability.",2014,2025-12-16 16:11:49,2025-12-16 16:11:49,,1201-1210,,,,,,,Fabbrica della Conoscenza,,,,,,,,,,,,,Issue: 46 Type: Proceedings Paper,,,,Dialogue among Faiths; Human-friendly Hospitals; Multiculturalism,,"Piscitelli, M",,,,,,,,,,,,,,,,,,,,,,,,,,,,,,,,,,,,,,,,,,,,,
TV6PKC85,journalArticle,2015,"Milella, M.; Zollikofer, C. P. E.; de Leon, M. S. Ponce",A Neolithic Case of Mesomelic Dysplasia from Northern Switzerland,INTERNATIONAL JOURNAL OF OSTEOARCHAEOLOGY,,,10.1002/oa.2390,,"Paleopathological cases of skeletal dysplasias (SD) are particularly interesting from a biological as well as biocultural perspective. Evidence of SD is relevant when discussing the antiquity of specific mutations, as well as the social perception of disease in the past. Here we propose a differential diagnosis for a Neolithic case of SD and discuss the possible social correlates of the observed condition. The subject of this study, a child with an age at death of about 12 years from the Late Neolithic site of Schweizersbild (Northern Switzerland), presents a bilateral shortening of the forearm and lower leg, with no further modifications affecting the cranial and postcranial skeleton. Morphological, metric, as well as radiographic analyses point to a diagnosis of Leri Weill dyschondrosteosis (LWD), making the present case the earliest known paleopathological example of this condition. From a biocultural perspective, the skeletal changes affecting the child, together with her/his relatively advanced age, suggest active support from the community, providing new data to inform the debate on the cultural dimensions of disease in prehistory. Copyright (C) 2013 John Wiley & Sons, Ltd.",2015-12,2025-12-16 16:11:49,2025-12-16 16:11:49,,981-987,,6,25,,,,,,,,,,,,,,,,,Type: Article,,,,care provision; functional impairment; Neolithic; Schweizersbild,,,,,,,,,,,,,,,,,,,,,,,,,,,,,,,,,,,,,,,,,,,,,,,
VI3FEZNH,journalArticle,2019,"Minner, Jennifer",Assembly and Care of Memory: Placing Objects and Hybrid Media to Revisit International Expositions,CURATOR-THE MUSEUM JOURNAL,,,10.1111/cura.12291,,"The bowerbird assembles and fastidiously cares for displays of found objects. The bowerbird actions are a metaphor that illustrate the deep connections between humans and objects in communicating about places and the past. This article presents three vignettes of artists and history advocates interpreting former international expo, or world's fair, sites. The first vignette discusses Jonathan Jones' barrangal dyara (skin and bones) a large-scale public art installation in Sydney, Australia. A second focuses on narrations in the landscape and on a YouTube channel of objects and sites associated with memories and remnants of Expo `88, in Brisbane, Australia. A third example is Lost Utopias, by Jade Doskow, a series of large-format photographs of 19th and 20th century expo sites. Each reveals human connections to objects and to landscapes, the power of reinterpretations generated out of assemblies of objects, and the hybrid places constructed out of multiple media.",2019-04,2025-12-16 16:11:49,2025-12-16 16:11:49,,151-176,,2,62,,,,,,,,,,,,,,,,,Type: Article,,,,,,,,,,,,,,,,,,,,,,,,,,,,,,,,,,,,,,,,,,,,,,,,,,,
SYRZI3S9,conferencePaper,2016,"Mohamed, Wafeek Mohamed Ibrahim",Criticism and Theoretical in Innovation & Creativity of Architectural Among Emergence and Education,"WORLD HERITAGE AND DEGRADATION: SMART DESIGN, PLANNING AND TECHNOLOGIES",,,,,"Changeability is one of the fungal axioms on which Allah has created the mankind to achieve the targets that he aims by acquiring newly creative of behaviour for the sake of better life. In the contemporary ear, Innovation became a crucial for the progress & backwardness of communities. This makes it incumbent for all the institutions to put forward their strategies to generate and produce the individuals who have the capability of creativity and challenge the problems. So this is the importance of this critical vision. The purpose of the fundamental research is to try to formulate realistic (a critical) vision for the essence of creativity, innovative thought, architectural creative operation, educates and produce innovator & creator architectures, based on creativity in the organized educational process. Through studying the relation of architectural education, produce innovator, creator & how to produce architecture innovative thinking. The research also focused on studying the architectural designing as an effective method to formulate the young innovative architecture, reaching the ruling creative thought in our traditional architecture and how to enforce and teach them in our contemporary reality, starting from studying the innovative & creative concepts of the simple innovative shapes, showing the effective extent on the characteristics of architectural innovative formation and its effect on the creative sense and practice until reaches the new architectural product & the extent to accept the innovative idea by the public opinion. The study shows a modern vision to identify creativity & innovation in the architecture, creativity operation and relation between architectural education with produce the creator and architectural ideas of innovation. This will be done through a two main branches: firstly, The theoretical proposal represented in the history of innovative & creative thought, development of creativity theories, innovative & creative concepts, targets of creative concepts, standard innovative values, manner of creative operation and its innovative stages through different designing stages,... Etc. The second branch is preparing a practical critical vision about the manner of studying the architectural creativity in the designing operation, studying revolutions as influential factors on formulating the creative thought, produce innovators, know how to measure creativity & innovative techniques to discover the architectural innovator, and methods of developing its skills & train him on innovation, manner of creativity in architectural education and professor's role in the architecture departments to form and produce creative and innovative architectures. The research concludes the importance of the critical studies for architectural innovations, the role of universities to produce the creator & innovator architectures, the need for innovative and creative teaching programs, encourage of useful constructive difference, accept criticism, new ideas & develop interactive characteristics that grow innovation. The importance of making innovation as independent teaching topics & materials, and teach them in all subjects, modify the routine traditional programs and its containment on divergent creative thinking approach. The importance of making, brainstorming sessions with the students at the beginning of designing projects & teach them criticism and analogy in the architectural creativity. The study recommends the necessity of developing architectural programs to activate the ability of the divergent creative thinking, and develop the innovative side of architect. There must be a constitutional immunity for the creator and innovator in order to produce nontraditional ideas and prepare programs to discover the innovators and take care of the architectural innovators.",2016,2025-12-16 16:11:49,2025-12-16 16:11:49,,1037-1057,,,,,,,Fabbrica della Conoscenza,,,,,,,,,,,,,Type: Proceedings Paper,,,,architecture; creation; criticism & design; globalization; Innovation,,"Corniello, L",,,,,,,,,,,,,,,,,,,,,,,,,,,,,,,,,,,,,,,,,,,,,
5JX6AW4C,journalArticle,2004,"Moore, MB",Horse care as depicted on Greek vases before 400 B.C.,METROPOLITAN MUSEUM JOURNAL,,,10.1484/J.MMJ.2.301742,,,2004,2025-12-16 16:11:49,2025-12-16 16:11:49,,35+,,,39,,,,,,,,,,,,,,,,,Type: Article,,,,,,,,,,,,,,,,,,,,,,,,,,,,,,,,,,,,,,,,,,,,,,,,,,,
YCMEBLXQ,journalArticle,2020,"Murphy, Erin L.; Daffner, Lee Ann",Introduction to our Special Issue on Salted Paper Prints,JOURNAL OF THE AMERICAN INSTITUTE FOR CONSERVATION,,,10.1080/01971360.2020.1843709,,,2020-10-01,2025-12-16 16:11:49,2025-12-16 16:11:49,,139-140,,"3-4, SI",59,,,,,,,,,,,,,,,,,Type: Editorial Material,,,,,,,,,,,,,,,,,,,,,,,,,,,,,,,,,,,,,,,,,,,,,,,,,,,
CXCXPDW9,journalArticle,2020,"Nelson, Hilde",“I Wish I Could Have Been With You”: Imagining Digital Tenderness in 2 Lizards,VISUAL RESOURCES,,,10.1080/01973762.2021.1969209,,"The COVID-19 pandemic has profoundly reframed our ability to connect in bodily, physical ways, prompting a retreat to the digital. Artist Meriem Bennani and filmmaker Orian Barki offer a vessel for this escape in their series 2 Lizards, released in eight episodes in the early stages of the pandemic. Set in a New York populated by animal surrogates, the animated series showcases the eponymous lizards - voiced by Bennani and Barki - navigating the anxiety, boredom, and catharsis of the ensuing quarantine in New York, replete with Zoom birthdays, rooftop concerts, and protests against racial inequity. The series strives to provide a sense of digital tenderness through its inherent hybridity. The lizards, cyborg avatars melding the human, the animal, and the machine, elude binaries and strictures, presenting a new way of forging connection and probing the emotional contours of life in the pandemic. Native to Instagram and created with a wide circle of collaborators, friends, and family, 2 Lizards relishes the elision between online and offline and the liberatory potential of the in-between. Bennani and Barki propose that through the Internet, there are new possibilities for communion, touch, presence, and care when bodies remain contingent and vulnerable. To be animals, they suggest, is to radically reimagine what constitutes the stuff of human experience.",2020-07-02,2025-12-16 16:11:49,2025-12-16 16:11:49,,323-337,,"3, SI",36,,,,,,,,,,,,,,,,,Type: Article,,,,Cyborg; Hybridity; Meriem Bennani; Orian Barki; Tenderness,,,,,,,,,,,,,,,,,,,,,,,,,,,,,,,,,,,,,,,,,,,,,,,
I9YU4FSL,journalArticle,2022,"Nicholas, Claire; Casto, Mary Alice; Smith, Alyssa; Francisco, Katie",No place like home? Producing and consuming eldercare design,JOURNAL OF CONSUMER CULTURE,,,10.1177/14695405211033662,,"As the American eldercare industry prepares to attract and receive consumers from the “baby boomer” generation, facility designers and administrators are increasingly concerned with catering to the lifestyles and taste preferences of aging adults perceived to be more “active,” affluent, and accustomed to “choice” than previous generations. This article considers these trends in terms of their material, aesthetic, and discursive impacts on the socio-material construction of space in residential eldercare facilities. The study draws on discourse and visual analysis of winning entries in published design competitions sponsored by the architecture, interior design, and eldercare industries. Through this analysis, eldercare spaces emerge as sites of consumption where designers privilege both “household/home-like” and “commercial/hospitality” aesthetics and atmospheres. In recent years, placemaking strategies to create home-like environments increasingly overlap with social spaces inspired by the hospitality industry. Our discussion demonstrates how these strategies materialize in structures and interiors increasingly open to the non-resident public and integrated into their surrounding communities. As such, we argue that the negotiation of degrees and kinds of “publicness” and “privateness” in spaces of care reflect shifting views of the roles and characteristics of acts of consumption and consumers in these facilities and in the broader healthcare industry.",2022-11,2025-12-16 16:11:49,2025-12-16 16:11:49,,969-991,,4,22,,,,,,,,,,,,,,,,,Type: Article,,,,public; healthcare; architecture; aging; interior design; private,,,,,,,,,,,,,,,,,,,,,,,,,,,,,,,,,,,,,,,,,,,,,,,
2ANYHZHZ,journalArticle,2022,"Norman, Heidi; Payne, Anne Maree",Nowhere Else but Home: A National Resting Place for Indigenous Australian Ancestral Remains,CURATOR-THE MUSEUM JOURNAL,,,10.1111/cura.12526,,"This article addresses the establishment of the National Resting Place, a new Australian cultural institution designed to perform a vital role in the care of Ancestral Remains. Exploring the history of why there are, and have been, many thousands of Ancestral Remains in Australia that need to be repatriated, reburied or cared for as a community determines, this article demonstrates the physical and cultural harm caused to Indigenous people through the cultural and professional practices of scientists, anatomists, and collectors throughout the main era of collecting, highlighting how the methods and norms of collecting in this era led to a lack of provenance and other identifying information for many Ancestral Remains. The article identifies the challenges of repatriation in the Australian context and discusses the emergence of a new model, the National Resting Place, to provide an Indigenous-centred response to the care of Ancestral Remains in Australia.",2022-10,2025-12-16 16:11:49,2025-12-16 16:11:49,,817-834,,4,65,,,,,,,,,,,,,,,,,Type: Article,,,,,,,,,,,,,,,,,,,,,,,,,,,,,,,,,,,,,,,,,,,,,,,,,,,
CG8LTJGQ,journalArticle,2006,"Norwood, J",Caring for American Indian objects: A practical and cultural guide.,MUSEUM NEWS,,,,,,2006-04,2025-12-16 16:11:49,2025-12-16 16:11:49,,25-26,,2,85,,,,,,,,,,,,,,,,,Type: Book Review,,,,,,,,,,,,,,,,,,,,,,,,,,,,,,,,,,,,,,,,,,,,,,,,,,,
74R5GTT3,journalArticle,2020,"Palmer, Jane; Burton, Lorelle J.; Walsh, Angelia",Emerging spheres of engagement: the role of trust and care in community-university research,QUALITATIVE RESEARCH,,,10.1177/1468794120904891,,"Community-engaged research takes place at a complex social site that has both a history and a future as well as encompassing the project activities of the researchers and community members. We argue that a crucial methodological aspect of undertaking such research is the development of trust relationships between researchers and community. We propose that for each research project, this relationship can best be understood as a `sphere of engagement', after Ingold's `sphere of nurture', and that trust and care are emergent and binding qualities of this sphere. Tracing the development of trust relationships in a case study, using the idea of security-based trust and harmony-based trust, we conclude that trust, and the related concept of care, bind together people, events, histories and futures beyond the dichotomous and time-delimited relationship of a research contract, and carry the sphere of engagement of researchers and community beyond the life of any one project.",2020-12,2025-12-16 16:11:49,2025-12-16 16:11:49,,749-766,,6,20,,,,,,,,,,,,,,,,,Type: Article,,,,care; Indigenous research; sphere of engagement; Trust; university-community engagement,,,,,,,,,,,,,,,,,,,,,,,,,,,,,,,,,,,,,,,,,,,,,,,
P3GP3JJI,journalArticle,2010,"Pantazatos, Andreas",A diaspora can test the limits of the management of archaological goods? Good management and ethics of care,MUSEUM INTERNATIONAL,,,10.1111/j.1755-5825.2010.01093.x,,"Resume Dans le present article, j'avance l'idee que la gestion des biens archeologiques, bien qu'on lui ait reproche de n'avoir pas su fournir des conseils moralement pertinents aux archeologues, peut tout de meme fournir une ligne de conduite ethique. Il faut pour cela que nous nous penchions sur les valeurs ethiques qui forment son cadre normatif, comme par exemple la sollicitude.",2010-05,2025-12-16 16:11:50,2025-12-16 16:11:50,,100-104,,1-2,62,,,,,,,,,,,,,,,,,Type: Article,,,,,,,,,,,,,,,,,,,,,,,,,,,,,,,,,,,,,,,,,,,,,,,,,,,
EEUCJ35X,journalArticle,2004,"Payne, S",Handle with care: thoughts on the return of human bone collections,ANTIQUITY,,,10.1017/S0003598X00113067,,,2004-06,2025-12-16 16:11:50,2025-12-16 16:11:50,,419-420,,300,78,,,,,,,,,,,,,,,,,Type: Editorial Material,,,,,,,,,,,,,,,,,,,,,,,,,,,,,,,,,,,,,,,,,,,,,,,,,,,
PCFPVDHQ,journalArticle,2015,"Pellis, Sergio M.; Burghardt, Gordon M.; Palagi, Elisabetta; Mangel, Marc",Modeling play: distinguishing between origins and current functions,ADAPTIVE BEHAVIOR,,,10.1177/1059712315596053,,"Why animals play has been a perennial question, but most of the thinking about this has been framed in terms of its fitness benefits. A review of our present knowledge about the comparative distribution of play suggests that such an approach that leads to claims that the “adaptive value of play is” are misplaced. Play is relatively rare in the Animal Kingdom, indicating that it arose multiple times and that different lineages that have evolved play have transformed it in both divergent and convergent ways. Moreover, some forms of play, especially in its earliest appearance, may have no functional value, with novel functions emerging later as play has been co-opted and transformed for utilitarian purposes. Thus, when it comes to modeling play, care must be taken to differentiate between attempts to explain the origins of play from its current functions, and when current functions are considered, then their variety and likely diverse distribution need be taken into account. Attention to these nuances in the empirical literature, and so developing more targeted models, will provide more focused theoretical developments that can, in turn, stimulate more precise empirical tests. Examples of such models are presented in this issue of the journal.",2015-12,2025-12-16 16:11:50,2025-12-16 16:11:50,,331-339,,"6, SI",23,,,,,,,,,,,,,,,,,Type: Article,,,,development; evolution; functions; mathematical models; origins; Play behavior,,,,,,,,,,,,,,,,,,,,,,,,,,,,,,,,,,,,,,,,,,,,,,,
G43P3KP4,journalArticle,2022,"Pilbeam, Caitlin; Snow, Stephanie",`Thank you for helping me remember a nightmare I wanted to forget': qualitative interviews exploring experiences of death and dying during COVID-19 in the UK for nurses redeployed to ICU,MORTALITY,,,10.1080/13576275.2022.2144356,,"Intensive Care Units (ICUs) became key end-of-life spaces during the Covid-19 pandemic in the UK. Many nurses were redeployed to ICU from other specialities, navigating changing roles, priorities, and risks. Limited resources including time, equipment, and staffing widened nurses' responsibilities; the virus' infectious nature restricted family visits, even at end of life. Emerging literature explores ICU deaths during Covid-19, but little focuses on nurses' experiences, especially those redeployed. Here, we explore how redeployed nurses negotiated these competing demands on their emotional and physical resources, and undertook meaning-making, by integrating a framework of `sensemaking' with theories of coping. Drawing on interviews with six nurses from two UK-based longitudinal qualitative studies we detail profound shifts that uniquely challenged nurses' sense of identity, duty, and purpose. This included adopting untested caring protocols, de-prioritising `non-essential' care, and establishing communication rituals with patients/families. Understanding how nurses negotiated and performed their roles when paradigms of care were dramatically destabilised is vital to supporting workforce recovery from burnout, moral injury, and moral distress. This research also provides important learning for the management of future emergency responses and extends knowledge of how lived experience maps onto theoretical knowledge.",2022-10-02,2025-12-16 16:11:50,2025-12-16 16:11:50,,459-475,,"4, SI",27,,,,,,,,,,,,,,,,,Type: Article,,,,COVID-19; emergency; coping; intensive care nursing; redeployment; sensemaking,,,,,,,,,,,,,,,,,,,,,,,,,,,,,,,,,,,,,,,,,,,,,,,
5UXDUQ3A,journalArticle,2018,"Plug, Ina",Reply to Horsburgh et al. 2016: “Revisiting the Kalahari debate in the highlands.',AZANIA-ARCHAEOLOGICAL RESEARCH IN AFRICA,,,10.1080/0067270X.2017.1377957,,"The controversy between the DNA and morphological and osteometric identifications of animal remains from Sehonghong in Lesotho is discussed in this paper as a response to Horsburgh et al. (2016a)'s article Bringing the Kalahari debate to the mountains'. Faunal identification procedures are described and base measurements provided. Morphological and osteometric data show that the aDNA result of eland on a morphologically identified sheep must be at fault. Furthermore, the cattle bones identified by aDNA as eland do not fit the morphology and are also too small for eland. New research on dairy lipids present in the potsherds of traditional hunter-gatherer ware strengthens the case for herding practices amongst past hunter-gatherer communities in the Lesotho highlands.",2018,2025-12-16 16:11:50,2025-12-16 16:11:50,,98-113,,1,53,,,,,,,,,,,,,,,,,Type: Article,,,,aDNA; dairy lipids; domestic stock; hunter-gatherers; Lesotho Highlands; osteometry; osteomorphology,,,,,,,,,,,,,,,,,,,,,,,,,,,,,,,,,,,,,,,,,,,,,,,
NXNFB8NK,journalArticle,2020,"Pon, Lisa",Caraglio and Rosso Fiorentino between Pen and Press: a New Proof State of the Battle of the Romans and the Sabines,BULLETON OF THE JOHN RYLANDS LIBRARY,,,10.7227/BJRL.96.1.3,,"The John Rylands Library's recently rediscovered Spencer Album 8050 contains a proof state of the Battle of the Romans and the Sabines, an engraving pivotal in the short-lived but ambitious collaboration between Jacopo Caraglio (1500-65) and Rosso Fiorentino (1495-1540) in Rome. This proof impression was first printed in black ink, and then densely covered with hand-drawn ink. A comparison between the new proof state and previously identified states of the engraving using a novel technical approach involving long-wave infrared light to isolate the printed lines optically indicates that the Spencer proof state precedes any other known state of the engraving. The use of penwork and printing on this early proof and subsequent proof states demonstrates how Caraglio and Rosso saw drawing and printing as intimately connected, iterative steps in the print's production.",2020,2025-12-16 16:11:50,2025-12-16 16:11:50,,44-59,,1,96,,,,,,,,,,,,,,,,,Type: Article,,,,technical analysis; Caraglio; engraving; proof state; Rosso Fiorentino; Spencer Album,,,,,,,,,,,,,,,,,,,,,,,,,,,,,,,,,,,,,,,,,,,,,,,
9AH8M8RN,journalArticle,2000,"Pouli, Paraskevi; Emmony, D. C.",The effect of Nd:YAG laser radiation on medieval pigments,JOURNAL OF CULTURAL HERITAGE,,,10.1016/S1296-2074(00)00143-6,,"Very often traces of paint and pigment have been found on medieval sculpture. Presently, little is known about the effects of laser radiation on polychromy. It is important to protect and preserve these traces during any cleaning or restoration process. The absorption properties of polychrome materials are likely to be different from those of the underlying stone or substrate and as a result special care must be taken to avoid any damaging or discolouring phenomena associated with laser cleaning. Spectroscopic methods (XPS, AES, reflectance spectroscopy) together with optical microscopy, digital photography and X-ray diffraction analysis have been used in a series of experiments on simulated samples of common medieval pigments (vermilion, red and white lead and ochres in linseed oil) on limestone plates, in order to study the reaction of these materials to infrared laser radiation. (C) 2000 Editions scientifiques et medicales Elsevier SAS",2000-08,2025-12-16 16:11:50,2025-12-16 16:11:50,,S181-S188,,1,1,,,,,,,,,,,,,,,,,Type: Article,,,,laser cleaning; lead pigments; limestone; polychromy; vermilion,,,,,,,,,,,,,,,,,,,,,,,,,,,,,,,,,,,,,,,,,,,,,,,
RCVW66PW,journalArticle,2015,"Quintanilha, Maira; Mayan, Maria J.; Thompson, Jessica; Bell, Rhonda C.; Team, ENRICH Study",Different Approaches to Cross-Lingual Focus Groups: Lessons From a Cross-Cultural Community-Based Participatory Research Project in the ENRICH Study,INTERNATIONAL JOURNAL OF QUALITATIVE METHODS,,,10.1177/1609406915621419,,"Focus groups are a useful data-generation strategy in qualitative health research when it is important to understand how social contexts shape participants' health. However, when cross-lingual focus groups are conducted across cultural groups, and in languages in which the researcher is not fluent, questions regarding the usefulness and rigor of the findings can be raised. In this article, we will discuss three different approaches to cross-lingual focus groups used in a community-based participatory research project with pregnant and postpartum, African immigrant women in Alberta, Canada. In two approaches, we moderated focus groups in women's mother tongue with the support of real-time interpreters, but in the first approach, audio recording was used and in the second approach, audio recording was not used. In the third approach, a bilingual moderator facilitated focus groups in women's mother tongue, with transcription and translation of audio-recorded data upon completion of data generation. We will describe each approach in detail, including their advantages and challenges, and recontextualize what we have learned within the known literature. We expect the lessons learned in this project may assist others in planning and implementing cross-lingual focus groups, especially in the context of community-based participatory research.",2015-12,2025-12-16 16:11:50,2025-12-16 16:11:50,,,,,14,,,,,,,,,,,,,,,,,Type: Article,,,,interpretation; community-based; cross-cultural; cross-lingual; focus groups; focused ethnography; translation,,,,,,,,,,,,,,,,,,,,,,,,,,,,,,,,,,,,,,,,,,,,,,,
89WSNW59,journalArticle,2017,"Ramsey, Monica N.; Rosen, Arlene M.; Nadel, Dani","CENTERED ON THE WETLANDS: INTEGRATING NEW PHYTOLITH EVIDENCE OF PLANT-USE FROM THE 23,000-YEAR-OLD SITE OF OHALO II, ISRAEL",AMERICAN ANTIQUITY,,,10.1017/aaq.2017.37,,"Epipaleolithic hunter-gatherers are often interpreted as playing an important role in the development of early cereal cultivation and subsequent farming economies in the Levant. This focus has come at the expense of understanding these people as resilient foragers who exploited a range of changing micro habitats through the Last Glacial Maximum. New phytolith data from Ohalo II seek to redress this. Ohalo II has the most comprehensive and important macrobotanical assemblage in Southwest Asia for the entire Epipaleolithic period. Here we present a phytolith investigation of 28 sediment samples to make three key contributions. First, by comparing the phytolith assemblage to a sample of the macrobotanical assemblage, we provide a baseline to help inform the interpretation of phytolith assemblages at other sites in Southwest Asia. Second, we highlight patterns of plant use at the site. We identify the importance of wetland plant resources to hut construction and provide evidence that supports previous work suggesting that grass and cereal processing may have been a largely indoor activity. Finally, drawing on ethnographic data from the American Great Basin, we reevaluate the significance of wetland plant resources for Epipaleolithic hunter-gatherers and argue that the wetland-centered lifeway at Ohalo II represents a wider Levantine adaptive strategy. Generalmente se considera que los cazadores-recolectores del Epipaleolitico tuvieron un rol importante en el desarrollo temprano del cultivo de cereales y de las posteriores economias agrarias en el Levante. Este enfoque se ha dado a expensas de entender a estos grupos como forrajeros resilientes quienes explotaron una gama de micro-habitats cambiantes durante el ultimo periodo glacial. Nuevos datos de fitolitos provenientes del sitio de Ohalo II buscan rectificar este punto de vista. Ohalo II ha producido la coleccion macrobotanica mas extensa e importante en el suroeste de Asia, abarcando todo el periodo Epipaleolitico. En este articulo presentamos una investigacion de fitolitos provenientes de veintiocho muestras de sedimentos con el fin de hacer tres contribuciones claves. En primer lugar, a raiz de una comparacion entre el conjunto de fitolitos y una muestra del conjunto macrobotanico, proveemos un punto de referencia que ayudara a informar futuras interpretaciones de conjuntos de fitolitos en otros sitios del suroeste de Asia. En segundo lugar, resaltamos los patrones de uso de plantas del sitio. Identificamos la importancia de los recursos de plantas de humedales para la construccion de cabanas, ademas de proveer evidencia que respalda trabajos previos en los cuales se sugiere que el procesamiento de gramineas y cereales era mayormente una actividad que se daba en el interior de dichas estructuras. Por ultimo, basandonos en datos etnograficos de la Gran Cuenca americana, reevaluamos la importancia que tuvieron los recursos botanicos de las zonas de humedales para los grupos de cazadores-recolectores del periodo Epipaleolitico, sosteniendo que el estilo de vida centrado en humedales observado en Ohalo II representa una estrategia de adaptacion mas amplia del Levante.",2017-10,2025-12-16 16:11:50,2025-12-16 16:11:50,,702-722,,4,82,,,,,,,,,,,,,,,,,Type: Article,,,,,,,,,,,,,,,,,,,,,,,,,,,,,,,,,,,,,,,,,,,,,,,,,,,
N9HMMTRY,journalArticle,2010,"Rawlings, Tiffany A.; Driver, Jonathan C.","Paleodiet of domestic turkey, Shields Pueblo (5MT3807), Colorado: isotopic analysis and its implications for care of a household domesticate",JOURNAL OF ARCHAEOLOGICAL SCIENCE,,,10.1016/j.jas.2010.05.004,,"Isotopic analysis of domestic turkey (Meleagris gallopavo) bones from Shields Pueblo, southwest Colorado, USA, suggests that these birds consumed a diet high in C4 plants. This contrasts with the diet of local herbivores, where much lower percentages of C4 plants were recorded. In view of the prevalence of maize (Zea mays) in the human diet of Ancestral Puebloan people, we suggest that turkeys were fed food scraps and surplus maize, rather than being allowed to forage for themselves. This suggests that turkeys were carefully tended in the household. Analysis of specimens from other sites in the northern Southwest shows that this pattern of turkey feeding characterizes all of the sampled horticultural communities. (C) 2010 Elsevier Ltd. All rights reserved.",2010-10,2025-12-16 16:11:50,2025-12-16 16:11:50,,2433-2441,,10,37,,,,,,,,,,,,,,,,,Type: Article,,,,Carbon isotopes; Diet reconstruction; Fauna; Nitrogen isotopes; Southwest region; USA,,,,,,,,,,,,,,,,,,,,,,,,,,,,,,,,,,,,,,,,,,,,,,,
A3KD8HBG,journalArticle,2014,"Raymond, Chase Wesley",Conveying information in the interpreter-mediated medical visit: The case of epistemic brokering,PATIENT EDUCATION AND COUNSELING,,,10.1016/j.pec.2014.05.020,,"Objective: This study introduces the concept of epistemic brokering in interpreter-mediated medical visits and illustrates how it an be used to effectively convey information between providers and patients/parents. Methods: Conversation analysis is used to analyze 24 pediatric genetics consultations (=17.75 h) involving 16 Spanish-speaking families, their various English-speaking healthcare providers, and four on-staff bilingual interpreters. Results: Interpreters-as-epistemic-brokers can aid in the transfer of information between clinicians and patients/parents (i) by (re)designing content to be appropriately fitted to a specific recipient's understanding, and (ii) by monitoring the ongoing medical visit for moments in which one or more interactants may be in a relatively unknowledgeable position and taking steps to secure common ground. Conclusion: It is posited that epistemically brokering interaction can serve to promote the development of positive relationships with potentially hard-to-reach patients/parents. Although seemingly minor, these moments in interaction contribute to these individuals' overall experience with and understanding of the institution of medicine. Future research is needed to identify the particular strategies associated with effective epistemic brokering. Practice implications: Interpreters and clinicians should be aware of the role that discursive practices play in conveying information in the medical visit, and reconceptualize interpreters as collaborators in this process. (C) 2014 Elsevier Ireland Ltd. All rights reserved.",2014-10,2025-12-16 16:11:50,2025-12-16 16:11:50,,38-46,,1,97,,,,,,,,,,,,,,,,,Type: Article,,,,Conversation analysis; Genetic counseling; Information delivery; Knowledge; Pediatrics; Translation/interpreting,,,,,,,,,,,,,,,,,,,,,,,,,,,,,,,,,,,,,,,,,,,,,,,
LLYFLMZW,journalArticle,2006,"Robinson, JD; Heritage, J",Physicians' opening questions and patients' satisfaction,PATIENT EDUCATION AND COUNSELING,,,10.1016/j.pec.2005.11.009,,"Objective: To determine the association between the format of physicians' opening questions that solicit patients' presenting concerns and patients' post-visit evaluations of (i.e., satisfaction with) the affective-relational dimension of physicians' communication. Methods: Videotape and questionnaire data were collected from visits between 28 primary-care physicians and 142 adult patients with acute problems. Factor analysis resulted in three dependent variables derived From the 9-item Socioemotional Behavior subscale of the Medical Interview Satisfaction Scale. Results: Question format was significantly, positively associated with patients' evaluations of physicians' listening (p =.028) and positive affective-relational communication (p =.046). Conclusion: Patients desire opportunities to present concerns in their own time and terms regardless of how extensively they act on this opportunity. Practice implications: Visits should be opened with general inquiries (e.g., What can I do for you today?) versus closed-ended requests for confirmation (e.g., Sore throat, huh?). (c) 2005 Elsevier Ireland Ltd. All rights reserved.",2006-03,2025-12-16 16:11:50,2025-12-16 16:11:50,,279-285,,"3, SI",60,,,,,,,,,,,,,,,,,Type: Article; Proceedings Paper,,,,conversation analysis; physician-patient communication; question; relationship; satisfaction,,,,,,,,,,,,,,,,,,,,,,,,,,,,,,,,,,,,,,,,,,,,,,,
YEJAYYMS,journalArticle,2016,"Robinson, Jeffrey D.; Tate, Alexandra; Heritage, John",Agenda-setting revisited: When and how do primary-care physicians solicit patients' additional concerns?,PATIENT EDUCATION AND COUNSELING,,,10.1016/j.pec.2015.12.009,,"Objective: Soliciting patients' complete agendas of concerns (aka. `agenda setting') can improve patients' health outcomes and satisfaction, and physicians' time management. We assess the distribution, content, and effectiveness of physicians' post-chief-complaint, agenda-setting questions. Methods: We coded videotapes/transcripts of 407 primary-, acute-care visits between adults and 85 general-practice physicians operating in 46 community-based clinics in two states representing urban and rural care. Measures are the incidence of physicians' questions, their linguistic format, position within visits, likelihood of being responded to, and the nature of such responses. Results: Physicians' questions designed to solicit concerns additional to chief concerns occurred in only 32% of visits (p<.001). Compared to questions whose communication format explicitly solicited `questions' (e.g., “Do you have any questions?”), those that were formatted so as to allow for `concerns' (e.g., “Any other concerns?”) were significantly more likely to generate some type of agenda item (Chi(2) (1, N=131)=11.96, p=.001), and to do so more frequently when positioned `early' vs. `late' during visits (Chi(2) (1, N=73)=4.99, p=.025). Conclusions: Agenda setting is comparatively infrequent. The communication format and position of physicians' questions affects patients' provision of additional concerns/questions. Practice implications: Physicians should increase use of optimized forms of agenda setting. (C) 2015 Elsevier Ireland Ltd. All rights reserved.",2016-05,2025-12-16 16:11:50,2025-12-16 16:11:50,,718-723,,5,99,,,,,,,,,,,,,,,,,Type: Article,,,,Agenda setting; Communication; Conversation analysis; Patient; Physician; Question asking,,,,,,,,,,,,,,,,,,,,,,,,,,,,,,,,,,,,,,,,,,,,,,,
YQUP9YSX,journalArticle,2022,"Rosenberg, Danny; Ktalav, Inbar; Groman-Yaroslvski, Iris; Klimscha, Florian","Unique Theodoxus jordani shell beads from the Middle Chalcolithic site of Tel Tsaf (ca. 5200-4700 cal BC), Jordan Valley, Israel",ARCHAEOLOGICAL RESEARCH IN ASIA,,,10.1016/j.ara.2021.100349,,"Shells were among the first natural resources humans modified and used for ornaments. The use of shells as decorative paraphernalia is common in many regions and periods, and while some of these reflect long-distance trade, in some cases we see a selection of local species over more exotic ones. The current paper presents an assemblage of Theodoxus jordani shell beads found at the late sixth to the early fifth millennium BC Tel Tsaf, Jordan Valley, Israel. The paper discusses their provenience and morphological characteristics and the technology used to create the holes through which string could attach them to clothes or allow a person to wear them as adorning jewellery.",2022-03,2025-12-16 16:11:50,2025-12-16 16:11:50,,,,,29,,,,,,,,,,,,,,,,,Type: Article,,,,Shell beads; Jordan Valley; Middle Chalcolithic; Tel Tsaf; Theodoxus jordani,,,,,,,,,,,,,,,,,,,,,,,,,,,,,,,,,,,,,,,,,,,,,,,
HZ9CBKDK,journalArticle,2021,"Rotem, Stephanie Shosh",“A NEVER ENDING SOURCE OF WONDER”: THE WOMEN OF HADASSAH CREATE A MODERN MEDICAL CENTER IN JERUSALEM,NASHIM-A JOURNAL OF JEWISH WOMENS STUDIES & GENDER ISSUES,,,10.2979/nashim.38.1.07,,"The inauguration of the Hadassah University Medical Center in 1939 was a milestone in the activities of the Hadassah Women's Zionist Organization of America in Eretz Israel. Until that point, the organization had focused on developing and providing curative and preventative health and social care in Palestine. The establishment of a modern medical center, incorporating nursing and medical schools, changed the organization's objectives to include medical and scientific research. The building was designed by renowned architect Erich Mendelsohn and became not only one of his most celebrated successes but also an outstanding example of pre-state Israeli architecture. This article examines the influence of Hadassah's mission and vision on the outcome of the building. What cultural and ideological values were manifested in the architecture of this hospital, built in pre-state Israel by a group of American Jewish Zionist women?",2021,2025-12-16 16:11:50,2025-12-16 16:11:50,,124-148,,38,,,,,,,,,,,,,,,,,,Type: Article,,,,,,,,,,,,,,,,,,,,,,,,,,,,,,,,,,,,,,,,,,,,,,,,,,,
IK5JPUDE,conferencePaper,2017,"Russell, Henry; Leverton, Philip",Maintaining treasures on Earth Supporting volunteers to care for places of worship,"HERITAGE, CONSERVATION AND COMMUNITIES: ENGAGEMENT, PARTICIPATION AND CAPACITY BUILDING",,,,,,2017,2025-12-16 16:11:50,2025-12-16 16:11:50,,267-274,,,,,,,Heritage Culture and Identity,,,,,,,,,,,,,Type: Proceedings Paper,,,,,,"Chitty, G",,,,,,,,,,,,,,,,,,,,,,,,,,,,,,,,,,,,,,,,,,,,,
5IXEYKLF,journalArticle,2012,"Russell, Joanna E.; Singer, Brian W.; Perry, Justin J.; Bacon, Anne",The materials and techniques used in the paintings of Francis Bacon (1909-1992),STUDIES IN CONSERVATION,,,10.1179/2047058412Y.0000000009,,"Materials from 38 paintings by Francis Bacon (1909-1992), including 21 complete works and 17 partially destroyed canvases are investigated. Observations are made of the artist's technique and details are compiled of the supports used. Samples of paint and priming were taken for analysis using polarized light microscopy, Fourier transform infrared spectroscopy (FTIR), gas chromatography-mass spectrometry (GC-MS), pyrolysis-GC-MS (Py-GC-MS), and scanning electron microscopy coupled with energy dispersive X-ray analysis (SEM-EDX). Analysis of priming layers appears to show that the priming composition correlates well with particular ranges of dates. A fairly limited range of materials are found, with many of the same pigments found in works spanning Bacon's career, though other pigments were introduced at different stages in his career. Oil paints were used consistently for the painting of figures, but household paints were increasingly used in backgrounds from the 1960s onwards. A variety of different synthetic media are found in later works, including household acrylic paints and spray paints. Increased knowledge of Bacon's materials is expected to be of great value to conservators caring for the work of this highly significant artist, and is already helping in the authentication of works attributed to him.",2012,2025-12-16 16:11:50,2025-12-16 16:11:50,,207-217,,4,57,,,,,,,,,,,,,,,,,Type: Article,,,,FTIR; SEM-EDX; Pigments; Artists' materials and techniques; Francis Bacon; Paintings analysis; PLM; Py-GC-MS,,,,,,,,,,,,,,,,,,,,,,,,,,,,,,,,,,,,,,,,,,,,,,,
E3GZVPZA,journalArticle,2013,"Savelli, Mat",The Peculiar Prosperity of Psychoanalysis in Socialist Yugoslavia,SLAVONIC AND EAST EUROPEAN REVIEW,,,10.5699/slaveasteurorev2.91.2.0262,,"The Peculiar Prosperity of Psychoanalysis in Socialist Yugoslavia by Mat Savelli This article traces the history of psychoanalytically-oriented mental health care in the Socialist Federal Republic of Yugoslavia. Like many other places in Central and Eastern Europe, psychoanalysis in post-war Yugoslavia faced a host of barriers to its long term survival. Rather than retreating or dying out, psychoanalytic ideas came to greatly influence Yugoslav psychiatry, both by informing treatment modalities and by providing a theoretical framework for understanding mental illness. The article outlines exactly how this transformation came to pass by documenting the threats posed to psychoanalysis and then analysing how these challenges were overcome.",2013-04,2025-12-16 16:11:51,2025-12-16 16:11:51,,262+,,2,91,,,,,,,,,,,,,,,,,Type: Article,,,,,,,,,,,,,,,,,,,,,,,,,,,,,,,,,,,,,,,,,,,,,,,,,,,
4MPIMC4N,journalArticle,2022,"Schoemaker, Laurens",The flying start of Herman Saftleven's painting career: His early Utrecht years (1633-1643),OUD HOLLAND,,,,,"The early career of Herman Saftleven (1609-1685) is characterised by a rapid succession of styles and genres. In his native city of Rotterdam he painted landscapes in the vein of Jan van Goyen. After moving to Utrecht in 1632 (or early 1633), Saftleven devoted himself to Italianate landscape painting, drawing inspiration from works by colleagues who had returned from Italy, such as Cornelis van Poelenburch. Together with his brother Cornelis Saftleven, Franchoys Ryckhals and David Teniers II, he stood at the cradle of an entirely different genre: the peasant interior with crockery and vegetables, often supplemented with people and animals. & nbsp; & nbsp;In Utrecht, Herman Saftleven quickly got to know the right people, who helped him to move up the social ladder. He married Anna van Vliet, daughter of Levina van Westhuysen and master painter Dirck van Vliet, in 1633. From Anna & rsquo;s guardian & ndash; the influential Utrecht magistrate Godard van Reede & ndash; the Saftleven brothers received a crucial commission to produce a portrait of the magistrate & rsquo;s family. On a large canvas, dated 1634, Cornelis painted the portraits and Herman took care of the Italianate vista. Herman & rsquo;s second important commission was to create the painting Silvio and Dorinda, which he realised together with Hendrick Bloemaert in 1635. The Stadholder couple Frederik Hendrik and Amalia van Solms had ordered it as part of a decoration programme for a room in Honselersdijk Castle, south of The Hague. Herman was again responsible for the landscape, while Bloemaert executed the figures. These two commissions gave Herman the flying start he needed to make a living from painting. In 1639 Godard van Reede sold a house to Herman and Anna in Achter Sint Pieter in Utrecht. The couple had likely rented it from him in the previous years. They would go on to live there for the rest of their lives. As members of the Remonstrant Church they belonged to a small, but influential religious minority. In the early 1640s, Saftleven produced several paintings with biblical scenes, including Christ predicts the destruction of Jerusalem, in which he incorporated a part of Utrecht & rsquo;s Dom Church. By freely & lsquo;quoting & rsquo; architectural elements from his surroundings, Saftleven deliberately placed himself in a tradition established and carried on by several Utrecht artists.",2022-08,2025-12-16 16:11:51,2025-12-16 16:11:51,,85-103,,2-3,135,,,,,,,,,,,,,,,,,Type: Article,,,,,,,,,,,,,,,,,,,,,,,,,,,,,,,,,,,,,,,,,,,,,,,,,,,
R6UGPTTY,journalArticle,2017,"Shelbourn, Carolyn",Curating human remains: caring for the dead in the United Kingdom,INTERNATIONAL JOURNAL OF HERITAGE STUDIES,,,10.1080/13527258.2016.1218915,,,2017-01,2025-12-16 16:11:51,2025-12-16 16:11:51,,77-78,,1,23,,,,,,,,,,,,,,,,,Type: Book Review,,,,,,,,,,,,,,,,,,,,,,,,,,,,,,,,,,,,,,,,,,,,,,,,,,,
CXQFQTKV,journalArticle,2022,"Sheppard, Paula; Brough, Mikaela",Father-Toddler Bonding during the COVID-19 Lockdown: Qualitative Insights from 17 Families in Britain,SOCIAL SCIENCES-BASEL,,,10.3390/socsci11120542,,"The UK lockdowns brought about many domestic changes. One was that many families with young children found themselves in the largely unique situation where fathers who normally worked away and saw little of their children during the day were now at home full-time. This was coupled with the fact that grandparents were now unavailable as lockdown rules prohibited visits and travel and many elderly were especially vulnerable. This study aimed to explore how this novel family situation was regarded by parents of young children and how they thought it would affect their children's social development. Thematic analysis of interviews with 24 mothers and fathers of toddlers revealed that most parents did not think that the lockdown negatively impacted their child's development, although they worried about it nonetheless. Having fathers at home was overwhelmingly seen as a positive for both the dad's attachment to the toddler and the toddler's attachment to their dad. The narrative around grandparents was more divided; there was an almost even split between parents thinking grandparental absence had a negative impact on the grandparent-child relationship and those who thought it made no difference. This study provides qualitative insight into an unusual domestic situation suggesting that parents felt father-child bonds were strengthened by the lockdown, although it remains to be seen if father-child relationships are improved long-term.",2022-12,2025-12-16 16:11:51,2025-12-16 16:11:51,,,,12,11,,,,,,,,,,,,,,,,,Type: Article,,,,attachment; child social development; father presence; grandparents; lockdown,,,,,,,,,,,,,,,,,,,,,,,,,,,,,,,,,,,,,,,,,,,,,,,
Z2IGULDA,conferencePaper,2018,"Sicignano, Enrico; Petti, Luigi; Di Ruocco, Giacomo; Scarpitta, Natale",A Model Flexible Design for Pediatric Hospital,"PUTTING TRADITION INTO PRACTICE: HERITAGE, PLACE AND DESIGN",,,10.1007/978-3-319-57937-5_152,,"The main objective of this research is the identification of a pediatric hospital contemporary design model, developing, at the same time, a prefabricated construction technology able to meet today's health from building flexibility characteristics. Therefore, starting from the analysis of the evolution of architecture and health care facilities, in history, and the main aggregation methodologies used, the basic parameters have been identified on which is based the design of the pediatric ward: flexibility, modularity, environmental quality and humanization. Based on these parameters was developed a contemporary children's hospital model that, in addition to responding to the initial requirements, could lend itself to multiple aggregation solutions. The finalization of the architectural model has determined, in addition, the need to develop a suitable construction technology, able to adapt to the requirements of flexibility on which is based the entire study: from such reflections was, therefore, experienced a basic module which is based on the design principles of precast lightweight.",2018,2025-12-16 16:11:51,2025-12-16 16:11:51,,1464-1472,,,3,,,,Lecture Notes in Civil Engineering,,,,,,,,,,,,,Type: Proceedings Paper,,,,Flexibility; Humanization; Modularity; Pediatric hospital,,"Amoruso, G",,,,,,,,,,,,,,,,,,,,,,,,,,,,,,,,,,,,,,,,,,,,,
RH9WCYPM,journalArticle,2020,"Stobiecka, Monika",`Violent care'? A response to Lynn Meskell and Trinidad Rico,ARCHAEOLOGICAL DIALOGUES,,,10.1017/S1380203820000264,,,2020-12,2025-12-16 16:11:51,2025-12-16 16:11:51,,128-134,,2,27,,,,,,,,,,,,,,,,,Type: Article,,,,,,,,,,,,,,,,,,,,,,,,,,,,,,,,,,,,,,,,,,,,,,,,,,,
79ARFDDN,journalArticle,2016,"Summers, Rachael H.; Moore, Michael; Ekberg, Stuart; Chew-Graham, Carolyn A.; Little, Paul; Stevenson, Fiona; Brindle, Lucy; Leydon, Geraldine M.",Soliciting additional concerns in the primary care consultation and the utility of a brief communication intervention to aid solicitation: A qualitative study,PATIENT EDUCATION AND COUNSELING,,,10.1016/j.pec.2015.12.005,,"Objective: To investigate the perspectives of general practitioners (GPs) on the practice of soliciting additional concerns (ACs) and the acceptability and utility of two brief interventions (prompts) designed to aid the solicitation. Methods: Eighteen GPs participating in a feasibility randomised controlled trial were interviewed. Interviews were semi-structured and audio-recorded. Data were analysed using a Framework Approach. Results: Participants perceived eliciting ACs as important for: reducing the need for multiple visits, identifying serious illness early, and increasing patient and GP satisfaction. GPs found the prompts easy to use and some continued their use after the study had ended to aid time management. Others noted similarities between the intervention and their usual practice. Nevertheless, soliciting ACs in every consultation was not unanimously supported. Conclusion: The prompts were acceptable to GPs within a trial context, but there was disagreement as to whether ACs should be solicited routinely. Some GPs considered the intervention to aid their prioritisation efficiency within consultations. Practice implications: Some GPs will find prompts which encourage ACs to be solicited early in the consultation enable them to better organise priorities and manage time-limited consultations more effectively. (C) 2016 Elsevier Ireland Ltd. All rights reserved.",2016-05,2025-12-16 16:11:51,2025-12-16 16:11:51,,724-732,,5,99,,,,,,,,,,,,,,,,,Type: Article,,,,UK; Communication; Primary care; Framework approach; Patient concerns; Qualitative,,,,,,,,,,,,,,,,,,,,,,,,,,,,,,,,,,,,,,,,,,,,,,,
HZ6A79UL,conferencePaper,2018,"Suominen, Jarmo",Cities as Sustainable Service Platforms A Framework for Institutional Service Delivery in the Urban Context,"CROSS-CULTURAL DESIGN: APPLICATIONS IN CULTURAL HERITAGE, CREATIVITY AND SOCIAL DEVELOPMENT, CCD 2018",,,10.1007/978-3-319-92252-2_30,,"Cities are complex systems of infrastructures and entities, which are usually developed independently, focusing on their efficiency. Cities deliver various services, such as health care, education and transportation. These services are delivered through urban entities such as hospitals, schools, universities and care homes, each built and managed independently. As a consequence, even though there might be enough resources in the built environment, there might be a lack of access in terms of actual service delivery. This is due to the trend that many times urban innovation happens by building new instead of using existing resources in more sustainable ways. Recently, new digital technologies and platforms have emerged to enable the sharing of various resources. However, since resource sharing has emerged on the customer side, institutions are still largely controlling their own independent resources. This article analyzes opportunities for institutional resource sharing and the role of service operations and platform applications. The research reveals new opportunities for operating environments and proposes a new service-oriented model for organizing institutional service delivery and using cities as sustainable service platforms.",2018,2025-12-16 16:11:51,2025-12-16 16:11:51,,371-390,,,10912,,,,Lecture Notes in Computer Science,,,,,,,,,,,,,Type: Proceedings Paper,,,,Sustainability; City; Service platform,,"Rau, PLP",,,,,,,,,,,,,,,,,,,,,,,,,,,,,,,,,,,,,,,,,,,,,
FDUCUVPW,journalArticle,2014,"Takigami, Mai K.; Shimada, Izumi; Segura, Rafael; Muno, Sarah; Matsuzaki, Hiroyuki; Tokanai, Fuyuki; Kato, Kazuhiro; Mukai, Hitoshi; Takayuki, Omori; Yoneda, Minoru","ASSESSING THE CHRONOLOGY AND REWRAPPING OF FUNERARY BUNDLES AT THE PREHISPANIC RELIGIOUS CENTER OF PACHACAMAC, PERU",LATIN AMERICAN ANTIQUITY,,,10.7183/1045-6635.25.3.322,,"Over 30 funerary bundles were excavated in 2005 from a large chamber tomb at the prehispanic religious center of Pachacamac on the central coast of Peru. The largest and most elaborate bundle was found in the innermost part of the tomb, tightly surrounded by other bundles. We hypothesized that this bundle contained the deceased leader of a social group whose members collectively cared for their ancestor's bundle (for example, by rewrapping it) and continued to use the tomb to inter deceased individuals from subsequent generations. We tested this hypothesis by dating samples from different layers of the wrapping materials and soft tissue from the bodies and conducting a Bayesian analysis of the resultant dates. We determined carbon and nitrogen isotope ratios in the diet of the interred individuals to correct for marine reservoir effects. Our findings suggest that (1) rewrapping did not occur; (2) the tomb was used for over 500 years starting at cal A.D. 1000; and (3) existing bundles were reshuffled each time new bundles were introduced. Overall, diverse lines of evidence indicate that the tomb had a complex use history and contained individuals with diverse geographical and social origins. This challenges conventional thinking about the social and chronological significance of coexisting bundles in large tombs.",2014-09,2025-12-16 16:11:51,2025-12-16 16:11:51,,322-343,,3,25,,,,,,,,,,,,,,,,,Type: Article,,,,,,,,,,,,,,,,,,,,,,,,,,,,,,,,,,,,,,,,,,,,,,,,,,,
QE8I83UT,journalArticle,2023,"Tarrant, Alison",Devolution and the difficulty of divergence: The development of adult social care policy in Wales,CRITICAL SOCIAL POLICY,,,10.1177/02610183221145404,,"This article examines adult social care policy in Wales. It argues that successive Welsh Governments have sought to develop policy which rejects the principles of marketisation and individualisation that have characterised the public sector policy of UK governments for decades, and upholds instead a distinctive set of socialist-inclined values. It assesses whether Welsh social care policy and legislation effectively diverge from the Westminster paradigm, and how Welsh Governments have dealt with the narrative of `personalisation' which dominates social care discussion elsewhere in the UK. It finds that Welsh Governments have to date struggled to craft social care policies that incorporate their stated principles, explores the difficulties inherent in superimposing new principles on inherited policy narratives and mechanisms, and considers the implications for devolved policymaking.",2023-11,2025-12-16 16:11:51,2025-12-16 16:11:51,,676-696,,4,43,,,,,,,,,,,,,,,,,Type: Article,,,,Wales; adult social care; devolution; direct payments; personalisation,,,,,,,,,,,,,,,,,,,,,,,,,,,,,,,,,,,,,,,,,,,,,,,
DME4UBIE,journalArticle,2017,"Thorup, Tine; Ballie, Jen; Angoshtari, Marjan",Well Connected. What does design offer in the complexity of blood donation management,DESIGN JOURNAL,,,10.1080/14606925.2017.1352768,,"Person centred design has generated significant attention in the business press and has been heralded as a novel problem-solving methodology well suited to the often-cited challenges and complex problems which organisations face, but offers up questions of the role that the designer should take on in co-designing with users. Through a person-centred approach to innovation we argue that designers can play a significant role in complex problem solving. This paper proposes that it is in the co-development between user-input and ideas, and the designers' sensibility, idea-generation, visualisation and future-casting that innovative solutions are arrived at. This paper draws upon the `Experience Labs' method, an approach derived from the Institute of Design Innovation at the Glasgow School of Art. The authors present preliminary findings from a design-led approach to creative problem solving within the context of health and social care, referencing a project delivered in partnership with a blood donation service.",2017,2025-12-16 16:11:51,2025-12-16 16:11:51,,S2569-S2579,,1,20,,,,,,,,,,,,,,,,,Type: Article; Proceedings Paper,,,,co-design; creative problem solving; design innovation; preferable futures; user-centred design,,,,,,,,,,,,,,,,,,,,,,,,,,,,,,,,,,,,,,,,,,,,,,,
77GEMIUZ,journalArticle,2019,"Tolles, Thayer","BACCHANTE AND INFANT FAUN Tradition, Controversy, and Legacy",METROPOLITAN MUSEUM OF ART BULLETIN,,,,,,2019,2025-12-16 16:11:51,2025-12-16 16:11:51,,5-48,,1,77,,,,,,,,,,,,,,,,,Type: Article,,,,,,,,,,,,,,,,,,,,,,,,,,,,,,,,,,,,,,,,,,,,,,,,,,,
BPW3MISW,conferencePaper,2015,"Tuxhari, Marsida; Veizaj, Denada",SUSTAINABLE DEVELOPMENT OF HOSPITAL STRUCTURES,Heritage and Technology: Mind Knowledge Experience,,,,,"Hospital structures are considered as a single body that should not stop working. Since hospitals are profoundly different from other types of buildings, they have special needs for “human energy” and “environmental sources energy”. They have a physical and psychological impact on both patients, and health providers. At the same time they affect the environment, with which the structure interacts. Since hospital structures take care of the human health, they have to take care of the environment, too. So, an improved design of hospital structures is important for a better environment and for a better future. In this article, the issues mentioned above are analyzed in the Regional Hospital of Korca city, Albania. The energetic consumption is shown up after spatial and environmental analysis. Finding ways to reduce costs on human and environmental sources, in order to improve health care quality, is our architectural aim. Proposing a functional and managerial reorganization, finding alternative energetic sources, selecting proper materials etc., may be the right solutions to the issues mentioned in this article. Going towards a sustainable architecture, furthermore, is given the way in which the quality of life is improved with less negative environmental impacts possible.",2015,2025-12-16 16:11:51,2025-12-16 16:11:51,,953-959,,,56,,,,Fabbrica della Conoscenza,,,,,,,,,,,,,Type: Proceedings Paper,,,,Sustainability; Healthcare Architecture; Reorganization; Technology,,,,,,,,,,,,,,,,,,,,,,,,,,,,,,,,,,,,,,,,,,,,,,,
TULF6DLV,journalArticle,2012,"van Asperen, Eline Naomi",Late Middle Pleistocene horse fossils from northwestern Europe as biostratigraphic indicators,JOURNAL OF ARCHAEOLOGICAL SCIENCE,,,10.1016/j.jas.2012.02.025,,"Biostratigraphy provides a crucial tool for establishing temporal correlations between late Middle Pleistocene sites. The caballoid horse lineage is one of the few large mammal groups that underwent changes in size and morphology over this period. Here, univariate, bivariate and multivariate statistics are used to identify temporal affinities of late Middle Pleistocene horse remains from northwest Europe. Size and shape variation is limited in dental elements, but clear differences between sites can be observed in the limb bones. PCA and DFA on the same samples produce highly similar results, indicating the robusticity of the classifications found in the DFA. Thus, DFA on measurements of the limb bones of caballoid horses provides a reliable method to distinguish between sites dating from different marine oxygen isotope stages (MIS) and can give important clues to the temporal affinities of newly analysed faunal assemblages. The analyses have important consequences for the relative dates of the sites Bilzingsleben II and Schoningen II, which can be shown to date from different interglacials. The age of the sample from the Lower Travertine at Weimar-Ehringsdorf is confirmed as MIS 7. The Steinheim sample is highly distinct, implying variation at the oxygen isotope substage level that must be resolved in greater detail when more samples become available. (C) 2012 Elsevier Ltd. All rights reserved.",2012-07,2025-12-16 16:11:51,2025-12-16 16:11:51,,1974-1983,,7,39,,,,,,,,,,,,,,,,,Type: Article,,,,Biostratigraphy; Equidae; Middle Pleistocene; Multivariate analysis,,,,,,,,,,,,,,,,,,,,,,,,,,,,,,,,,,,,,,,,,,,,,,,
H6P527Z9,journalArticle,2020,"Van Santvoort, Linda; Sterckx, Marjan",Inside sculptors' studios in belle epoque Brussels: an interior architectural view,SCULPTURE JOURNAL,,,10.3828/sj.2020.29.2.5,,,2020,2025-12-16 16:11:51,2025-12-16 16:11:51,,193-215,,2,29,,,,,,,,,,,,,,,,,Type: Article,,,,,,,,,,,,,,,,,,,,,,,,,,,,,,,,,,,,,,,,,,,,,,,,,,,
LYVZLKCD,journalArticle,2013,"Yaroshevich, Alla; Nadel, Dani; Tsatskin, Alexander","Composite projectiles and hafting technologies at Ohalo II (23 ka, Israel): analyses of impact fractures, morphometric characteristics and adhesive remains on microlithic tools",JOURNAL OF ARCHAEOLOGICAL SCIENCE,,,10.1016/j.jas.2013.05.017,,"This study focuses on the correlation between the production of backed microliths in the Levant during the late Upper Palaeolithic and their use as side elements of composite projectile weapons. The investigation is based on assemblage sample of microliths from Ohalo II, a 23,000 years old submerged campsite, and involves analyses of diagnostic impact fractures, location of adhesive remains and morpho-metric characteristics of the tools. Two distinct adhesive materials have been also analyzed, and the preliminary results indicate the use of both calcareous and organic substances. The use of backed microliths as side elements of composite projectiles has been followed for scalene triangles - a microlithic type unknown from the earlier Upper Palaeolithic in the Levant. The reconstruction of their use has been established based upon all the three evidence lines, i.e., patterns of impact fractures, as well as the location of adhesive remains and the morpho-metric characteristics of the microliths. The results of the study show an Upper Palaeolithic - Epipalaeolithic continuity in the approach to the design of hunting weapons and hafting technologies. It is also suggested that the origins of composite projectiles in the Levant may be found in the earlier phases of the Upper Palaeolithic. (C) 2013 Elsevier Ltd. All rights reserved.",2013-11,2025-12-16 16:11:52,2025-12-16 16:11:52,,4009-4023,,11,40,,,,,,,,,,,,,,,,,Type: Article,,,,Adhesive composition; Composite projectiles; Impact fractures; Lateral hafting; Levant,,,,,,,,,,,,,,,,,,,,,,,,,,,,,,,,,,,,,,,,,,,,,,,
ATP9FHHC,journalArticle,2016,"Zubieta, Leslie F.",Learning through practise: Chewa women's roles and the use of rock art in passing on cultural knowledge,JOURNAL OF ANTHROPOLOGICAL ARCHAEOLOGY,,,10.1016/j.jaa.2016.05.002,,"Stereotypes that confine women's roles to duties within the domestic sphere, such as food preparation and child care, have been challenged in the last 40 years by the introduction of gender as an analytical tool. To advance knowledge of the range of female activities and capabilities, I explore the role of Indigenous women in the creation and use of rock art for girls' initiation ceremonies in south-central Africa. Rock paintings are no longer employed during these ceremonies. Instead, objects created for this occasion are used to pass on specific knowledge. I find that the analysis of the actions behind the production of ritual objects in present-day girls' rites of passage provides a common ground to understand the past uses of rock paintings. Rock art served as visual prompts to convey intergenerational cultural knowledge exclusive to women participation and use. Some aspects of the ceremony are restricted to initiates and only permitted material is discussed. (C) 2016 Elsevier Inc. All rights reserved.",2016-09,2025-12-16 16:11:52,2025-12-16 16:11:52,,13-28,,,43,,,,,,,,,,,,,,,,,Type: Article,,,,Rock art; Material culture; Gendered knowledge; Indigenous women; Knowledge transmission; Women's initiation,,,,,,,,,,,,,,,,,,,,,,,,,,,,,,,,,,,,,,,,,,,,,,,
