,"﻿""Key""",Item Type,Publication Year,Author,Title,Publication Title,ISBN,ISSN,DOI,Url,Abstract,Date,Date Added,Date Modified,Access Date,Pages,Num Pages,Issue,Volume,Number Of Volumes,Journal Abbreviation,Short Title,Series,Series Number,Series Text,Series Title,Publisher,Place,Language,Rights,Type,Archive,Archive Location,Library Catalog,Call Number,Extra,Notes,File Attachments,Link Attachments,Manual Tags,Automatic Tags,Editor,Series Editor,Translator,Contributor,Attorney Agent,Book Author,Cast Member,Commenter,Composer,Cosponsor,Counsel,Interviewer,Producer,Recipient,Reviewed Author,Scriptwriter,Words By,Guest,Number,Edition,Running Time,Scale,Medium,Artwork Size,Filing Date,Application Number,Assignee,Issuing Authority,Country,Meeting Name,Conference Name,Court,References,Reporter,Legal Status,Priority Numbers,Programming Language,Version,System,Code,Code Number,Section,Session,Committee,History,Legislative Body,asreview_group_id,asreview_label,asreview_time,asreview_note
2364,4NAWNNGB,journalArticle,2011.0,"Woodthorpe, Kate",Sustaining the contemporary cemetery: Implementing policy alongside conflicting perspectives and purpose,Mortality,,,10.1080/13576275.2011.586125,https://www.scopus.com/inward/record.uri?eid=2-s2.0-84859097929&doi=10.1080%2F13576275.2011.586125&partnerID=40&md5=57070dcc46310648870eebe701ff9d5f,"Cemeteries garner considerable academic attention as anthropologists, landscapers, archaeologists, sociologists, geographers and historians examine their layout, purpose and use. Emerging from these studies is a body of literature that considers cemetery and burial ground design, memorialisation, mourning behaviour and 'dark tourism'. Beyond interdisciplinary journals such as Mortality and edited multi-disciplinary books however, the insight generated in this literature can be fragmented through publication in discipline specific periodicals. As a result cemeteries are often analysed and presented as places that contain, for example, design or tourism and heritage or emotion and mourning. Framed by concerns over the sustainability of cemeteries nationwide, this paper considers the contemporary English cemetery as a simultaneous space of emotion, commerce and community. Using data from an ethnographic case study of a cemetery in East London, it illustrates the contestation that can result from these concurrent contrasting interpretations. The paper concludes that care needs to be taken when implementing initiatives and policy to balance the varying demands and expectations of a cemetery's purpose and use. © 2011 Copyright Taylor and Francis Group, LLC.",2011,2025-12-16 16:11:12,2025-12-16 16:11:12,,259 - 276,,3,16,,,,,,,,,,,,,,,,,Type: Article,,,,,,,,,,,,,,,,,,,,,,,,,,,,,,,,,,,,,,,,,,,,,,,,,,,,2364,1,2026-07-06 13:28:12,
1337,TA59PURK,journalArticle,2022.0,"Manu, Emmanuel Boadi; Kquofi, Steve; Issah, Mustapha","The impact of numinosity on the preservation of selected artefacts in the Manhyia Palace Museum, Ghana",Journal of the Institute of Conservation,,,10.1080/19455224.2022.2118142,https://www.scopus.com/inward/record.uri?eid=2-s2.0-85138702110&doi=10.1080%2F19455224.2022.2118142&partnerID=40&md5=60735b286a1094fb9cfab597bcffdec3,"The Manhyia Palace Museum in Kumasi, Ghana is popular for its outstanding exhibition of authentic cultural artefacts. However, these artefacts have always been associated with the beliefs, spirituality and philosophy of the Ashanti people and they are numinous or sacred objects venerated by both the museum's staff and its visitors. This article explores the phenomenon of numinosity surrounding selected objects in the collections and the impact this has on their preservation. It uses qualitative tools to explore case studies, including their detailed study, and interviews with people knowledgeable about their use and sacred status. A major finding the authors report is that numinous artefacts in the museum were not created as aesthetic objects but primarily for religious and utilitarian purposes that correlate with the devotion of the people involved. Their numinosity was also found to contribute to their preservation by protecting them from handling and use by visitors and museum personnel. The article is offered as a contribution to the literature both to stimulate similar research and widen the interests of those involved in the care of cultural heritage by situating such artefacts in cultural traditions that are arguably left largely outside the field of museology and yet are still to be fully explored in most parts of Africa. © 2022 Icon, The Institute of Conservation.",2022,2025-12-16 16:11:00,2025-12-16 16:11:00,,223 - 235,,3,45,,,,,,,,,,,,,,,,,Type: Article,,,,Museums; Authenticity; Museology; Exhibitions; Preservation; Tools; Cultural artifacts; Case-studies; Cultural heritages; Historic preservation; Personnel; Impact; Materials Handling; Ghana; Artifact; Cultural traditions; Numinosity; Phenomenological; Religious,,,,,,,,,,,,,,,,,,,,,,,,,,,,,,,,,,,,,,,,,,,,,,,,1337,1,2026-07-06 13:28:59,
2797,UTMQ3XDL,journalArticle,2022.0,"Manu, Emmanuel; Kquofi, Steve; Issah, Mustapha","The impact of numinosity on the preservation of selected artefacts in the Manhyia Palace Museum, Ghana",JOURNAL OF THE INSTITUTE OF CONSERVATION,,,10.1080/19455224.2022.2118142,,"The Manhyia Palace Museum in Kumasi, Ghana is popular for its outstanding exhibition of authentic cultural artefacts. However, these artefacts have always been associated with the beliefs, spirituality and philosophy of the Ashanti people and they are numinous or sacred objects venerated by both the museum's staff and its visitors. This article explores the phenomenon of numinosity surrounding selected objects in the collections and the impact this has on their preservation. It uses qualitative tools to explore case studies, including their detailed study, and interviews with people knowledgeable about their use and sacred status. A major finding the authors report is that numinous artefacts in the museum were not created as aesthetic objects but primarily for religious and utilitarian purposes that correlate with the devotion of the people involved. Their numinosity was also found to contribute to their preservation by protecting them from handling and use by visitors and museum personnel. The article is offered as a contribution to the literature both to stimulate similar research and widen the interests of those involved in the care of cultural heritage by situating such artefacts in cultural traditions that are arguably left largely outside the field of museology and yet are still to be fully explored in most parts of Africa.",2022-09-02,2025-12-16 16:11:49,2025-12-16 16:11:49,,223-235,,3,45,,,,,,,,,,,,,,,,,Type: Article,,,,museum; artefacts; authenticity; numinosity; phenomenological; religious,,,,,,,,,,,,,,,,,,,,,,,,,,,,,,,,,,,,,,,,,,,,,,,,1337,1,2026-07-06 13:28:59,
741,PNDGSCMG,journalArticle,2021.0,"Gardiner, Joy; Irving, Joan",Caring for Your Cherished Objects: THE WINTERTHUR GUIDE,,,,,https://www.scopus.com/inward/record.uri?eid=2-s2.0-105018542061&partnerID=40&md5=0c257cd45c2253e377d37327ce588ada,"Cherished objects and family heirlooms hold a special place in our lives. Whether they are personal letters, grandmother’s silverware, or the favorite stuffed animal from your childhood, these items all have significance and are part of your cultural heritage. Caring for Your Cherished Objects: The Winterthur Guide provides practical information about what you should and shouldn’t do to prolong the life of your objects, including advice about proper storage and display. The book will help you to assess your possessions, understand which objects are most vulnerable, and avoid the situations that will put them at more risk. Illustrations demonstrate the kinds of problems you may see on your own items or warning signs that indicate that some sort of action—whether preventive, conservative, or restorative—is warranted. Learn the difference between those terms. Sidebars in each chapter address the science behind the whys and hows to caring for the wide range of specific kinds of objects covered—from ephemera, documents, books, works of art on paper, photographs, and organic objects to textiles, ceramics, glass, metal objects, furniture, and frames. Included are the procedures that can be safely done by an owner as well as those that require the services of conservation professionals. So that you aren’t left to wander the Internet, a Resources section provides a list of reliable professional organizations as well as suggested readings, websites, and lists of suppliers to aid you in caring for your cherished objects. The authors of Caring for Your Cherished Objects are highly trained, experienced experts who have cared for thousands of precious objects and have a passion for the topic. In addition to caring for the collection at Winterthur Museum, Garden & Library, they teach, consult, and lecture on the care of cultural heritage to students, professionals, and the public. © 2021 The Henry Francis du Pont Winterthur Museum, Inc. All rights reserved.",2021,2025-12-16 16:10:52,2025-12-16 16:10:52,,1 - 156,,,,,,,,,,,,,,,,,,,,Type: Book,,,,Museums; Cultural heritages; Historic preservation; Learn+; Ceramic glass; Glass-metal; Information retrieval systems; Organic objects; Professional organization; Warning signs; Weaving; Work of art,,,,,,,,,,,,,,,,,,,,,,,,,,,,,,,,,,,,,,,,,,,,,,,,741,1,2026-07-06 13:29:03,
1031,RSWX93GW,journalArticle,2022.0,"Jones, Siân; Yarrow, Thomas",THE OBJECT OF CONSERVATION: An Ethnography of Heritage Practice,,,,10.4324/9781315622385,https://www.scopus.com/inward/record.uri?eid=2-s2.0-85140169767&doi=10.4324%2F9781315622385&partnerID=40&md5=78e70005f5bb04622ba0ac6289a6602b,"The Object of Conservation examines how historic buildings, monuments and artefacts are cared for as valued embodiments of the past. It tells the fascinating story of the working lives of those involved in conservation through an ethnographic account of a national heritage agency. How are conservation objects made? What is the moral purpose of that making and what practical consequences flow from this? Revealing the hidden labour of keeping things as they are, the book highlights the ethical commitments and dilemmas involved in trying to care well. In doing so, it reveals how conservation objects are made literally to matter. Taking debates in the interdisciplinary field of heritage studies forward in important new directions, the book engages with themes of broader interest within the arts, humanities and social sciences, shedding new light on time, authenticity, modernity, materiality, expert knowledge and the politics of care. The Object of Conservation is a thought-provoking and engaging account that offers original insights for students, scholars, heritage professionals and others interested in the work of caring for the past. © 2022 Siân Jones and Thomas Yarrow.",2022,2025-12-16 16:10:57,2025-12-16 16:10:57,,1 - 248,,,,,,,,,,,,,,,,,,,,Type: Book,,,,,,,,,,,,,,,,,,,,,,,,,,,,,,,,,,,,,,,,,,,,,,,,,,,,1031,1,2026-07-06 13:31:11,
1458,JBD737EH,journalArticle,2019.0,"Molina, Sarah",Sustaining the lives of art objects,AMA Journal of Ethics,,,10.1001/amajethics.2019.450,https://www.scopus.com/inward/record.uri?eid=2-s2.0-85066923161&doi=10.1001%2Famajethics.2019.450&partnerID=40&md5=fb1b53640929ea18c75e071065b102d0,This article explores the complex process of sustaining the lives of art objects and considers ways in which conservation efforts in art museums parallel cultural humility cultivation among health care professionals. Conservators and scientists at the Art Institute of Chicago grapple with a number of ethical questions that emerge when preserving and caring for objects with complicated histories and entangled networks of stakeholders. What follows is an examination of these issues in relation to objects in the Art Institute’s collection and the larger histories of art museums and medicine. © 2019 American Medical Association. All rights reserved.,2019,2025-12-16 16:11:02,2025-12-16 16:11:02,,450 - 454,,5,21,,,,,,,,,,,,,,,,,Type: Article,,,,Art; Museums; Humans; ethics; art; article; human; information center; literature; Culturally Competent Care; transcultural care; Metaphor; artifact; long term care; Artifacts; Illinois; Life Support Care; Life Support Systems; microclimate; scientist,,,,,,,,,,,,,,,,,,,,,,,,,,,,,,,,,,,,,,,,,,,,,,,,1458,1,2026-07-06 13:32:07,
78,IPESFD76,journalArticle,2006.0,"Angus, Aline; Kite, Marion; Sturge, Theodore","General principles of care, storage and display",,,,10.4324/9780080454665-19,https://www.scopus.com/inward/record.uri?eid=2-s2.0-85017994242&doi=10.4324%2F9780080454665-19&partnerID=40&md5=ca82cbfad6ab57c28e33098bc8eca3e4,"The book, Caring for the Past, Issues in Conservation for Archaeology and Museums (Pye, 2001), focuses on the practical concerns and ethical dilemmas of conservators having to treat objects in a variety of circumstances. Some of these are governed by the necessity to make the object fit for continued use rather than static museum display. Conservation processes which change the object or its environment and lead to the long-term survival of the object are discussed in relation to the original purpose or function of the object and also its current situation in a museum or collection. This book is essential reading for all conservators, and also for those considering the issues and treatments discussed in this chapter. © 2006 Elsevier Ltd. All rights reserved.",2006,2025-12-16 16:10:38,2025-12-16 16:10:38,,113 - 120,,,,,,,,,,,,,,,,,,,,Type: Book chapter,,,,,,,,,,,,,,,,,,,,,,,,,,,,,,,,,,,,,,,,,,,,,,,,,,,,78,1,2026-07-06 13:32:11,
1604,6CG9J8QT,journalArticle,2023.0,"Owczarek, Nina",PRIORITIZING PEOPLE IN ETHICAL DECISION-MAKING AND CARING FOR CULTURAL HERITAGE COLLECTIONS,,,,10.4324/b23092,https://www.scopus.com/inward/record.uri?eid=2-s2.0-85163547611&doi=10.4324%2Fb23092&partnerID=40&md5=6ed4c2257a9ae77945cd8ba0694f7d28,"While historically focusing on the object, the study of ethics in conservation has expanded to consider the human aspect of conservation work. This book offers a flexible framework to guide decision-making in line with this development, offering an inclusive, compassionate approach to collections care. This edited volume contributes theories and international examples for advancing conservation practice and providing best practice for the field that centers people in conservation of cultural heritage and collections care. The first part examines the ethical theory that underpins conservation decision-making by challenging outdated norms, introducing updated methods, and demonstrating new ways to approach compassionate collections care. The second part considers the challenges of human-centered ethics in conservation practice, while the final part provides real-world examples and case studies of these best practices in action, including successful challenges to colonial authority. By presenting both theoretical and practical aspects of prioritizing people, this volume establishes the need for rethinking conservation approaches while demonstrating how to do so effectively. Combining theory and practice, Prioritizing People in Ethical Decision-Making and Caring for Cultural Heritage Collections is valuable reading for conservation professionals, including collections managers, conservators, curators, and registrars. It will also benefit students working in Cultural Heritage Conservation, Museum studies, and Heritage Studies, as well as those taking courses in Art History and Anthropology. © 2023 selection and editorial matter, Nina Owczarek; individual chapters, the contributors.",2023,2025-12-16 16:11:04,2025-12-16 16:11:04,,1 - 204,,,,,,,,,,,,,,,,,,,,Type: Book,,,,,,,,,,,,,,,,,,,,,,,,,,,,,,,,,,,,,,,,,,,,,,,,,,,,1604,1,2026-07-06 13:32:17,
2467,3MEUB8CU,journalArticle,2003.0,"Ashley-Smith, J",Caring for the past: Issues in conservation for archaeology and museums,STUDIES IN CONSERVATION,,,,,,2003,2025-12-16 16:11:44,2025-12-16 16:11:44,,284-285,,4,48,,,,,,,,,,,,,,,,,Type: Book Review,,,,,,,,,,,,,,,,,,,,,,,,,,,,,,,,,,,,,,,,,,,,,,,,,,,,2467,1,2026-07-06 13:32:21,
2631,2XAQZ8PK,journalArticle,2004.0,"Greene, V",Caring for the past: Issues in conservation for archaeology and museums.,JOURNAL OF THE AMERICAN INSTITUTE FOR CONSERVATION,,,10.2307/4129658,,,2004,2025-12-16 16:11:46,2025-12-16 16:11:46,,196-198,,2,43,,,,,,,,,,,,,,,,,Type: Book Review,,,,,,,,,,,,,,,,,,,,,,,,,,,,,,,,,,,,,,,,,,,,,,,,,,,,2467,1,2026-07-06 13:32:21,
898,DL57BQE8,journalArticle,2016.0,"Henderson, Jane; Nakamoto, Tanya",Dialogue in conservation decision-making,Studies in Conservation,,,10.1080/00393630.2016.1183106,https://www.scopus.com/inward/record.uri?eid=2-s2.0-84988369566&doi=10.1080%2F00393630.2016.1183106&partnerID=40&md5=81b647a3e8b4c3aed7434a7256e0134c,"An analysis of the impact of stakeholder consultation during the conservation decision-making processes is presented. Defining and finding opportunities for stakeholder communication within conservation work is an ethical necessity when working with cultural heritage, but the limits and practice of this necessity are less clear. Case studies are used to explore which aspects of the conservation process stakeholders are most likely to be consulted about, and reviews the impact of their views. It asks whether conservators have a preference in which decisions they are prepared to share with stakeholders across three aspects of conservation: the initial appraisal, treatment and the display or storage. Where consultation relates to treatment, conservators are more likely to fall back on their own technical authority except when those consulted are regarded as fellow professionals. Other categories of stakeholder such as artists, originating communities, and religious groups were found to be more constructively consulted on the understanding of the object and on care related to display and storage. Conservators should be offered more explicit guidance on the ethics of consultation, the aspects of consultation that they should engage with and on the ethical ways to deal with conflict arising from consultation. © 2016 IIC and the Author(s). Published by Informa UK Limited, trading as Taylor & Francis Group.",2016,2025-12-16 16:10:54,2025-12-16 16:10:54,,67 - 78,,,61,,,,,,,,,,,,,,,,,Type: Article,,,,Decision making; Ethics; Communication; Consultation; Stakeholders; Cultural heritages; Historic preservation; Philosophical aspects; Decision making process; Religious groups; Stakeholder communications; Stakeholder consultation,,,,,,,,,,,,,,,,,,,,,,,,,,,,,,,,,,,,,,,,,,,,,,,,898,1,2026-07-06 13:32:24,
2654,ID5BU5WP,journalArticle,2016.0,"Henderson, Jane; Nakamoto, Tanya",Dialogue in conservation decision-making,STUDIES IN CONSERVATION,,,10.1080/00393630.2016.1183106,,"An analysis of the impact of stakeholder consultation during the conservation decision-making processes is presented. Defining and finding opportunities for stakeholder communication within conservation work is an ethical necessity when working with cultural heritage, but the limits and practice of this necessity are less clear. Case studies are used to explore which aspects of the conservation process stakeholders are most likely to be consulted about, and reviews the impact of their views. It asks whether conservators have a preference in which decisions they are prepared to share with stakeholders across three aspects of conservation: the initial appraisal, treatment and the display or storage. Where consultation relates to treatment, conservators are more likely to fall back on their own technical authority except when those consulted are regarded as fellow professionals. Other categories of stakeholder such as artists, originating communities, and religious groups were found to be more constructively consulted on the understanding of the object and on care related to display and storage. Conservators should be offered more explicit guidance on the ethics of consultation, the aspects of consultation that they should engage with and on the ethical ways to deal with conflict arising from consultation.",2016,2025-12-16 16:11:46,2025-12-16 16:11:46,,67-78,,"2, SI",61,,,,,,,,,,,,,,,,,Type: Article,,,,Ethics; Communication; Consultation; Decision-making; Stakeholders,,,,,,,,,,,,,,,,,,,,,,,,,,,,,,,,,,,,,,,,,,,,,,,,898,1,2026-07-06 13:32:24,
2871,CG8LTJGQ,journalArticle,2006.0,"Norwood, J",Caring for American Indian objects: A practical and cultural guide.,MUSEUM NEWS,,,,,,2006-04,2025-12-16 16:11:49,2025-12-16 16:11:49,,25-26,,2,85,,,,,,,,,,,,,,,,,Type: Book Review,,,,,,,,,,,,,,,,,,,,,,,,,,,,,,,,,,,,,,,,,,,,,,,,,,,,2871,1,2026-07-06 13:32:26,
1314,EN3GWR6E,journalArticle,2023.0,"Magnin, Emilie",Caring for the living: the conservation of performance art,Museums and Social Issues,,,10.1080/15596893.2024.2386348,https://www.scopus.com/inward/record.uri?eid=2-s2.0-85204106561&doi=10.1080%2F15596893.2024.2386348&partnerID=40&md5=7cb74c860cb56c306cb16dc17a554f4f,"As many disciplines are beginning to reckon with their contributions to historical injustices, so conservation must acknowledge and reflect on the number of its practices that continue to reinforce colonial and imperial legacies. Though such work is currently taking place in ethnographic museums, rethinking conservation and repairing its harms should be the aim of the entire museum community. Using case studies drawn from performance art, this paper demonstrates how performance challenges traditional paradigms of institutional collecting and conservation, and calls for a rethinking of certain museum procedures. It proposes the emerging scholarship on performance art conservation as a potential force for an expanded definition of conservation that puts people at its center. To this end, it presents performance as not only a conservation object to be cared for, but also a tool to care with, reframing the aim of conservation as preserving the vitality of relationships between objects and communities. © 2024 The Author(s). Published by Informa UK Limited, trading as Taylor & Francis Group.",2023,2025-12-16 16:11:00,2025-12-16 16:11:00,,133 - 146,,1-2,17,,,,,,,,,,,,,,,,,Type: Article,,,,,,,,,,,,,,,,,,,,,,,,,,,,,,,,,,,,,,,,,,,,,,,,,,,,1314,1,2026-07-06 13:32:31,
2701,35G5Q3ZV,journalArticle,2005.0,"Kaminitz, MA",Caring fora American Indian objects: A practical and cultural guide.,JOURNAL OF THE AMERICAN INSTITUTE FOR CONSERVATION,,,,,,2005,2025-12-16 16:11:48,2025-12-16 16:11:48,,147-149,,2,44,,,,,,,,,,,,,,,,,Type: Book Review,,,,,,,,,,,,,,,,,,,,,,,,,,,,,,,,,,,,,,,,,,,,,,,,,,,,2701,1,2026-07-06 13:32:34,
3100,G5J5CF44,journalArticle,2021.0,"Wain, Alison; Sherring, Asti","Changeability, Variability, and Malleability: Sharing Perspectives on the Role of Change in Time-based Art and Utilitarian Machinery Conservation",STUDIES IN CONSERVATION,,,10.1080/00393630.2020.1860672,,"This paper explores concepts of changeability, variability, and malleability in the different heritage genres of time-based artworks and utilitarian machinery. Case studies bring to the surface differences in understandings, norms, and boundaries, but also demonstrate similarities between the two areas of practice, showing that they can be viewed as poles of practice within a shared field of theory and practice rather than as separate and unrelated endeavours. The key issues for all communities caring for changeable objects are how to preserve the intangible sensory, cultural, and immersive experiences created by change, and how the practical actions required to maintain this intangible heritage interact with concepts of authenticity, performativity, and intention. This paper explores how these relationships evolve as time and contexts change, and how best practice in the conservation of changeable objects must acknowledge and manage the tension between the activation that preserves intangible, embodied experience, and the static maintenance that preserves the tangible components of an object with minimal physical change. Viewing objects through the lens of change opens the door to the development of a new field of conservation expertise, one focused on the challenges and opportunities presented by an object's changeable qualities rather than by its original field of use. A lens of change has the capacity to draw together not only those working with time-based artworks and utilitarian machinery but also other communities of people caring for and activating changeable objects, such as horologists, roboticists, musicians, car enthusiasts, people activating historic costumes, and people managing still-active historic utilities such as water and transport infrastructure.",2021-11-17,2025-12-16 16:11:52,2025-12-16 16:11:52,,449-462,,8,66,,,,,,,,,,,,,,,,,Type: Article,,,,industrial heritage; conservation; authenticity; change; malleability; technology heritage; time-based art; Utilitarian machinery; variability,,,,,,,,,,,,,,,,,,,,,,,,,,,,,,,,,,,,,,,,,,,,,,,,3100,1,2026-07-06 13:36:52,
1605,E9E2WULG,journalArticle,2025.0,"Owczarek, Nina; Hornbeck, Stephanie E.",Collaborative cultural recovery as relational care; الاسترداد الثقافي التعاوني بوصفه عنايةً علائقية; “作为关系性照护的合作文化修复”; “Recuperação cultural colaborativa como cuidado relacional”; “Recuperación cultural colaborativa como cuidado relacional”,Journal of the Institute of Conservation,,,10.1080/19455224.2025.2549992,https://www.scopus.com/inward/record.uri?eid=2-s2.0-105023171510&doi=10.1080%2F19455224.2025.2549992&partnerID=40&md5=1afdb9385e6fe581335f522b9927af01,"As conservators increasingly acknowledge the relational nature of collections care and the impact of our professional work on people, the value of an object increasingly rests on the significance that people attribute to it. Conservators are providing transitive care for people through the act of caring for objects valued by the community, and efforts are strengthened by including community members in the care process. This approach foregrounds building trusting relationships in sometimes fraught circumstances through collaborative partnerships and long-term commitment. Our case studies illustrate diverse applications of an inclusive caregiving conservation approach. They include an archaeological textile conservation project, pre-disaster Alliance for Response initiatives, and Smithsonian Cultural Rescue Initiative heritage community support efforts in disaster contexts. Cultural recovery is an act of caring for people by caring for objects; including people who are not conservation specialists in this process exemplifies the relational nature of providing care. © 2025 Icon, The Institute of Conservation.",2025,2025-12-16 16:11:04,2025-12-16 16:11:04,,293 - 311,,3,48,,,,,,,,,,,,,,,,,Type: Article,,,,Conservation; Care; Case-studies; Behavioral research; Historic preservation; Personnel training; Recovery; Work; Processes; Care process; Collaborative conservation; Collaborative partnerships; Community; Crisis; Cultural recovery; Disasters; Diverse applications; Impact; Partnerships; Personnel Training; Textile conservation,,,,,,,,,,,,,,,,,,,,,,,,,,,,,,,,,,,,,,,,,,,,,,,,1605,1,2026-07-06 13:36:59,
451,67G974JR,journalArticle,2025.0,"Coughlin, Mary",Caring for Plastics in Collections,,,,10.4324/9781003489658,https://www.scopus.com/inward/record.uri?eid=2-s2.0-105004086976&doi=10.4324%2F9781003489658&partnerID=40&md5=9338b1d836f922197c73f51ae771c0de,"Caring for Plastics in Collections presents basic knowledge of plastics in an accessible way and empowers readers to determine the best approach for care, taking into account the resources at their institution and the needs of their specific collection. Drawing on the author’s 20 years of experience working as an Objects Conservator, the book defines what a plastic is; which plastics are most worrisome in collections and why; and how you can identify plastics, monitor them, and mitigate issues. Clarifying that there are guidelines that all plastics will benefit from, Coughlin outlines a gradual, consistent approach to care that is supplemented by 25 case studies from 10 institutions. Knowing that collection teams are too frequently understaffed and funds are often limited, the book approaches the care of plastics from both preventive conservation and collection management with a focus on low- cost, accessible options for monitoring potential degradation products; the use of readily available materials and resources; tips for designing condition surveys; and using existing database content to flag plastics that may pose a collection risk. In this way, collection stewards, such as collection managers, registrars, curators, archivists, and anyone tasked with caring for collections containing plastics, will be poised to make more informed decisions about storage, display, and loans. Caring for Plastics in Collections is an essential resource for professionals working in a range of institutions around the globe, including galleries, libraries, archives, historic houses, and museums. © 2025 Mary Coughlin.",2025,2025-12-16 16:10:46,2025-12-16 16:10:46,,1 - 188,,,,,,,,,,,,,,,,,,,,Type: Book,,,,Preventive conservation; Historic house; Case-studies; Conservation management; Collections management; Condition surveys; Database contents; Degradation products; Informed decision; Low-costs,,,,,,,,,,,,,,,,,,,,,,,,,,,,,,,,,,,,,,,,,,,,,,,,451,1,2026-07-06 13:37:14,
3086,U5RHDS4G,journalArticle,2016.0,"Veliz, Zahira; Aterido, Angel","The Art of Conservation V: Caring for the King's pictures: artists and restorers in the Spanish royal collection, 1576-1814",BURLINGTON MAGAZINE,,,,,,2016-06,2025-12-16 16:11:51,2025-12-16 16:11:51,,447-459,,1359,158,,,,,,,,,,,,,,,,,Type: Article,,,,,,,,,,,,,,,,,,,,,,,,,,,,,,,,,,,,,,,,,,,,,,,,,,,,3086,1,2026-07-06 13:37:18,
2037,YIWVR4UW,journalArticle,2023.0,"Southwick, Caitlin",COLLECTIONS MANAGEMENT AND CONSERVATION,,,,10.4324/9781003347606-9,https://www.scopus.com/inward/record.uri?eid=2-s2.0-85179290409&doi=10.4324%2F9781003347606-9&partnerID=40&md5=0ae824f2d90ce03c17d721fe3cbc188a,"This chapter examines the systemic issues regarding sustainable practice in conservation and collections care. From economic unsustainability to “best” practice, the conservation field has multiple hurdles to overcome in making active change in the face of the climate crisis. However, conservators are uniquely equipped to deal with this issue. By unpacking the fundamental values of conservation and examining practices in holistic terms, conservation can be at the heart of preserving our heritage in a truly sustainable way. © 2024 selection and editorial matter, Nick Merriman; individual chapters, the contributors.",2023,2025-12-16 16:11:08,2025-12-16 16:11:08,,118 - 141,,,,,,,,,,,,,,,,,,,,Type: Book chapter,,,,,,,,,,,,,,,,,,,,,,,,,,,,,,,,,,,,,,,,,,,,,,,,,,,,2037,1,2026-07-06 13:37:48,
2549,HD9HG7GW,journalArticle,2023.0,"Dahyoung, Chung",CARING FOR EXHIBITIONS AND ART MUSEUM: `YOUNG KOREAN ARTISTS 2023: ANNOTATING THE MUSEUM',SPACE,,,,,,2023-07,2025-12-16 16:11:45,2025-12-16 16:11:45,,88-95,,668,,,,,,,,,,,,,,,,,,Type: Editorial Material,,,,,,,,,,,,,,,,,,,,,,,,,,,,,,,,,,,,,,,,,,,,,,,,,,,,2549,1,2026-07-06 13:38:11,
807,QGK5EAHM,journalArticle,2023.0,"Gordon, Rebecca",Indigenous Storywork as an Ethical Guide for Caring With Social Practice Artists,,,,10.4324/b23092-4,https://www.scopus.com/inward/record.uri?eid=2-s2.0-85163495094&doi=10.4324%2Fb23092-4&partnerID=40&md5=050a2bdcda56c8aa856edec697884992,"Inspired by Jo-ann Archibald’s story research and her development of an Indigenous theoretical, methodological, and pedagogical framework (2008), the four principles of respect, responsibility, reverence, and reciprocity are proposed in this chapter as an ethical guide for conservators working with social practice art. These four principles are addressed in turn and explored in relation to the collaborative art project In/Visible Fields (2018), led by Labern and Lloyd of the drawing shed, hosted across the housing estates of Attlee Terrace and The Drive, Walthamstow, East London. Social practice art, which inherently operates outside the museum framework, will enable the hierarchical structures of knowledge creation and production to be challenged, simultaneously prompting questions about the role and enactment of conservation practice. Often falling outside of the dominant institutional story, how can the processes, networks, creativity, and artworks of social practice art be cared for by making the conservation researcher “story-ready” (Archibald et al., 2019)? This chapter takes a decolonizing approach (Smith, 2012), asserting relational knowledge (Hollingsworth, 1994) and the importance of building relationships through a spirit of deep listening. Focusing on encounters with artists and their co-producers, conservation ethics and radical infrastructure of care are imagined. © 2023 selection and editorial matter, Nina Owczarek; individual chapters, the contributors.",2023,2025-12-16 16:10:54,2025-12-16 16:10:54,,24 - 41,,,,,,,,,,,,,,,,,,,,Type: Book chapter,,,,,,,,,,,,,,,,,,,,,,,,,,,,,,,,,,,,,,,,,,,,,,,,,,,,807,1,2026-07-06 13:38:52,
2822,EBXUHD86,journalArticle,2021.0,"Mestre, Francisco Javier Jover",Archaeological Museum of Alcoy (1945-2020). 75 years caring for our heritage,TRABAJOS DE PREHISTORIA,,,,,,2021-12,2025-12-16 16:11:49,2025-12-16 16:11:49,,383-384,,2,78,,,,,,,,,,,,,,,,,Type: Book Review,,,,,,,,,,,,,,,,,,,,,,,,,,,,,,,,,,,,,,,,,,,,,,,,,,,,2822,1,2026-07-06 13:38:54,
677,6T8Z6TQ5,journalArticle,2025.0,"Ferriols, Ana; Santiago, Paula",Caring exhibitions: integrating care theory in museum practices and curatorship in Southern Europe,Museum Management and Curatorship,,,10.1080/09647775.2025.2583519,https://www.scopus.com/inward/record.uri?eid=2-s2.0-105022008798&doi=10.1080%2F09647775.2025.2583519&partnerID=40&md5=e76062c40a19c0f85af9e3f4c15cbb89,"This article explores the role of care in art museums: What defines a caring cultural institution? How can caring measures be effectively implemented? To address these questions, it draws on research conducted with art museum employees and independent curators in Spain, Italy, France and Portugal, focusing on their professional practices in relation to care. The article highlights the diverse ways in which care is integrated into cultural practices, both at practical and methodological levels, while also identifying the challenges these initiatives face. Findings reveal that education and mediation departments, along with independent curators, play a pivotal role in implementing care-related practices. By doing so, they promote greater inclusivity in cultural access and foster meaningful connections with local communities. However, the article also points to structural limitations within institutions that hinder the broader adoption of care-based methodologies, suggesting the need for changes to align institutional practices with the values of care. © 2025 Informa UK Limited, trading as Taylor & Francis Group.",2025,2025-12-16 16:10:51,2025-12-16 16:10:51,,,,,,,,,,,,,,,,,,,,,,Type: Article,,,,,,,,,,,,,,,,,,,,,,,,,,,,,,,,,,,,,,,,,,,,,,,,,,,,677,1,2026-07-06 13:39:16,
132,MSN7P8LL,journalArticle,2019.0,"Balkenhol, Markus; Modest, Wayne",Caring for some and not others: Museums and the politics of care in post-colonial Europe,,,,10.4324/9780429454813-9,https://www.scopus.com/inward/record.uri?eid=2-s2.0-85162952573&doi=10.4324%2F9780429454813-9&partnerID=40&md5=43b6cfbb8e92b2a2fb8d4ba20107e507,,2019,2025-12-16 16:10:40,2025-12-16 16:10:40,,173 - 190,,,,,,,,,,,,,,,,,,,,Type: Book chapter,,,,,,,,,,,,,,,,,,,,,,,,,,,,,,,,,,,,,,,,,,,,,,,,,,,,132,1,2026-07-06 13:39:22,
740,TITZ2ZG4,journalArticle,2023.0,"Garcia Gomez, Isabel",The bientraitance of colonial collections: a mobilizing utopia?,Museums and Social Issues,,,10.1080/15596893.2024.2420939,https://www.scopus.com/inward/record.uri?eid=2-s2.0-85209595076&doi=10.1080%2F15596893.2024.2420939&partnerID=40&md5=876e2f2f589781a3627ea210b221dea3,"In recent years, the Geneva Museum of Ethnography (MEG) has begun to decolonize its collections and practices. As part of this process, the Conservation Department has undertaken to reassess its own practices of caring for objects. This has led to questions about the relevance of terms such as conservation, preservation, and restoration. Is there a vocabulary capable of articulating a new form of care while accounting for the relations of power and dependency intrinsic to collections of colonial provenance? In the 1990s, a term was coined in the French health and social care field, bientraitance, as part of a similar process of reassessing care practices. Bientraitance encourages the consideration of issues of dependency, conditions of vulnerability, and the risk of mistreatment, as well as the potential links between them. This could be a useful approach to examining institutional practices in relation to collections. © 2024 Informa UK Limited, trading as Taylor & Francis Group.",2023,2025-12-16 16:10:52,2025-12-16 16:10:52,,65 - 79,,1-2,17,,,,,,,,,,,,,,,,,Type: Article,,,,,,,,,,,,,,,,,,,,,,,,,,,,,,,,,,,,,,,,,,,,,,,,,,,,740,1,2026-07-06 13:39:43,
2627,BPW26DGM,journalArticle,2023.0,"Gomez, Isabel Garcia",The bientraitance of colonial collections: a mobilizing utopia?,MUSEUMS & SOCIAL ISSUES-A JOURNAL OF REFLECTIVE DISCOURSE,,,10.1080/15596893.2024.2420939,,"In recent years, the Geneva Museum of Ethnography (MEG) has begun to decolonize its collections and practices. As part of this process, the Conservation Department has undertaken to reassess its own practices of caring for objects. This has led to questions about the relevance of terms such as conservation, preservation, and restoration. Is there a vocabulary capable of articulating a new form of care while accounting for the relations of power and dependency intrinsic to collections of colonial provenance? In the 1990s, a term was coined in the French health and social care field, bientraitance, as part of a similar process of reassessing care practices. Bientraitance encourages the consideration of issues of dependency, conditions of vulnerability, and the risk of mistreatment, as well as the potential links between them. This could be a useful approach to examining institutional practices in relation to collections.",2023-07-03,2025-12-16 16:11:46,2025-12-16 16:11:46,,65-79,,"1-2, SI",17,,,,,,,,,,,,,,,,,Type: Article,,,,care; <italic>bientraitance</italic>; asymmetrical relationship; collaboration; colonial collections; vulnerability,,,,,,,,,,,,,,,,,,,,,,,,,,,,,,,,,,,,,,,,,,,,,,,,740,1,2026-07-06 13:39:43,
3003,R6UGPTTY,journalArticle,2017.0,"Shelbourn, Carolyn",Curating human remains: caring for the dead in the United Kingdom,INTERNATIONAL JOURNAL OF HERITAGE STUDIES,,,10.1080/13527258.2016.1218915,,,2017-01,2025-12-16 16:11:51,2025-12-16 16:11:51,,77-78,,1,23,,,,,,,,,,,,,,,,,Type: Book Review,,,,,,,,,,,,,,,,,,,,,,,,,,,,,,,,,,,,,,,,,,,,,,,,,,,,3003,1,2026-07-06 13:39:46,
1096,E3RE4MK6,journalArticle,2023.0,"Kissel, Éléonore; Pearlstein, Ellen J.",Conservation of Native American Indigenous collections: views from both sides of the Atlantic,Museums and Social Issues,,,10.1080/15596893.2024.2386345,https://www.scopus.com/inward/record.uri?eid=2-s2.0-85203493208&doi=10.1080%2F15596893.2024.2386345&partnerID=40&md5=4c1488ab11377d9578b33dc23ccd8006,"Originating communities have long contested the ownership, conservation, and care of cultural heritage in museums. From cultural sensitivity to repatriation, human remains to sacred belongings and everyday items to regalia, caring for these collections involves varying levels of controversy. This article focuses on the conservation frameworks in the United States and France, whose legal and administrative aspects differ tremendously. This has a major influence on the application of preservation procedures. The existing literature and some notable projects aimed at resolving such tensions between museums and so-called source communities will be briefly reviewed, directing the reader to previously published sources. The final section presents past and present conservation projects that deal with Native American collections in US and French museums, and assesses commonalities and variations in approaching these issues on either side of the Atlantic. © 2024 Informa UK Limited, trading as Taylor & Francis Group.",2023,2025-12-16 16:10:57,2025-12-16 16:10:57,,45 - 64,,1-2,17,,,,,,,,,,,,,,,,,Type: Article,,,,,,,,,,,,,,,,,,,,,,,,,,,,,,,,,,,,,,,,,,,,,,,,,,,,1096,1,2026-07-06 13:40:05,
2009,Z4V69C7H,journalArticle,2020.0,"Smith, Meagen; Takayanagi, Mari",Suffrage and Smoke: The UK Parliamentary Archives’ Challenges in Caring for Collections Housed in the Palace of Westminster,Studies in Conservation,,,10.1080/00393630.2020.1780373,https://www.scopus.com/inward/record.uri?eid=2-s2.0-85087112441&doi=10.1080%2F00393630.2020.1780373&partnerID=40&md5=2918d0bba9b5938af89a182b96eb5939,"The activities of the UK Parliamentary Archives bridge the space between built heritage and in situ collection management. They are housed in the Palace of Westminster, London, designed and built after the fire of 1834. Whilst primarily looking at the work of conservators, archivists and curators related to two specific projects, we acknowledge and describe our collaborations and compromises in a building that is a high-profile and high-risk workplace, a ceremonial location, and an archive and museum in all but designation. The first project is a temporary Voice and Vote exhibition built in the summer of 2018 within the UNESCO-designated Westminster Hall. The exhibition necessitated additional build requirements and tailored emergency planning. The second project is the legislatively-mandated building upgrades to the Parliamentary Archives’ storage space in Victoria Tower. Together, these projects demonstrate collaborative working between several Parliamentary heritage teams, service teams such as Strategic Estates, Fire Services and external contractors. These two projects in the context of a heritage site illustrate the challenges of caring for collections which are housed in historic buildings, the impact of building environment on its associated collections, and the challenges of maintaining archives and their storage spaces. © The International Institute for Conservation of Historic and Artistic Works 2020.",2020,2025-12-16 16:11:08,2025-12-16 16:11:08,,301 - 306,,S1,65,,,,,,,,,,,,,,,,,Type: Article,,,,Exhibitions; Collection management; Historic buildings; Heritage sites; Built heritage; Building environment; Buildings; Collaborative working; Emergency planning; Smoke; Storage spaces,,,,,,,,,,,,,,,,,,,,,,,,,,,,,,,,,,,,,,,,,,,,,,,,2009,1,2026-07-06 13:40:32,
3015,XA2E33VP,journalArticle,2020.0,"Smith, Meagen; Takayanagi, Mari",Suffrage and Smoke: The UK Parliamentary Archives' Challenges in Caring for Collections Housed in the Palace of Westminster,STUDIES IN CONSERVATION,,,10.1080/00393630.2020.1780373,,"The activities of the UK Parliamentary Archives bridge the space between built heritage andin situcollection management. They are housed in the Palace of Westminster, London, designed and built after the fire of 1834. Whilst primarily looking at the work of conservators, archivists and curators related to two specific projects, we acknowledge and describe our collaborations and compromises in a building that is a high-profile and high-risk workplace, a ceremonial location, and an archive and museum in all but designation. The first project is a temporaryVoice and Voteexhibition built in the summer of 2018 within the UNESCO-designated Westminster Hall. The exhibition necessitated additional build requirements and tailored emergency planning. The second project is the legislatively-mandated building upgrades to the Parliamentary Archives' storage space in Victoria Tower. Together, these projects demonstrate collaborative working between several Parliamentary heritage teams, service teams such as Strategic Estates, Fire Services and external contractors. These two projects in the context of a heritage site illustrate the challenges of caring for collections which are housed in historic buildings, the impact of building environment on its associated collections, and the challenges of maintaining archives and their storage spaces.",2020-08-31,2025-12-16 16:11:51,2025-12-16 16:11:51,,301-306,,"1, SI",65,,,,,,,,,,,,,,,,,Type: Article,,,,collection care; Archive storage; collections in situ; emergency planning; grab sheet; induction; Palace of Westminster; temporary exhibition,,,,,,,,,,,,,,,,,,,,,,,,,,,,,,,,,,,,,,,,,,,,,,,,2009,1,2026-07-06 13:40:32,
1488,Y9PFFLJT,journalArticle,2024.0,"Mulholland, Richard; Durkin, Rachael",Pleasing the Wrathful Deities: Ethical Approaches to the Care of Tibetan Skull Drums; Complacer a las Deidades Iracundas: Enfoques Ếticos para el Cuidado de los Tambores de Calaveras Tibetanos,Studies in Conservation,,,10.1080/00393630.2024.2336793,https://www.scopus.com/inward/record.uri?eid=2-s2.0-85194762389&doi=10.1080%2F00393630.2024.2336793&partnerID=40&md5=d5dc98376f1e42c93a317a05e2951ae1,"In 2023, a number of sacred Tibetan ritual musical instruments fashioned from human tissue were donated to Northumbria University, England. After lengthy consultation with stakeholders, the university took the decision to accept the donation in order to store and care for these objects in a culturally respectful manner. This process involved working closely with the Tibetan diaspora in exile to manage, research and provide access in a culturally sensitive way until such time as they might be returned to their communities of origin. Framing the university’s decision were current and ongoing debates within the heritage sector regarding the ethics of storing, researching and displaying human remains, especially where they belong to cultures from beyond the Global West. However, the cultural and ritual status of these objects, not to mention their geographical origin, is such that they do not fall easily into the same defined status as other historical human remains in western heritage collections. We present here ongoing work to build transparent and sensitive collections and research policies specifically around two Tibetan ritual thöd-rnga skull drums, traditionally used in the Chöd (gCod) ritual practised in Tibetan Tantric (Vajrayana) Buddhism. We situate our work within the complex discourse on caring for contested objects in the UK in the midst of the restitution and decolonisation agendas, before considering the objects themselves as material artefacts, and the ethics of caring for and researching these objects within the context of a university collection. © 2024 The Author(s). Published by Informa UK Limited, trading as Taylor & Francis Group.",2024,2025-12-16 16:11:02,2025-12-16 16:11:02,,256 - 262,,sup1,69,,,,,,,,,,,,,,,,,Type: Article,,,,England; Conservation ethic; Human remains; Musical instruments; 'current; Music; Philosophical aspects; Damaru; Decolonization; Geographical origins; Human tissues; Tibetan heritage; Tibetans,,,,,,,,,,,,,,,,,,,,,,,,,,,,,,,,,,,,,,,,,,,,,,,,1488,1,2026-07-06 13:40:38,
1838,55QWW6LC,journalArticle,2024.0,"Ronzon, Laura; Morisetti, Ida","Caring for collections, caring for people: the practices and position of the National Museum of Science and Technology Leonardo da Vinci in Milan; S’occuper des collections, s’occuper des gens: les pratiques et le point de vue du Musée national des sciences et technologies Léonard de Vinci à Milan; Cuidar de las colecciones, cuidar de las personas: prácticas y perspectivas del Museo Nacional de Ciencia y Tecnología Leonardo da Vinci en Milán",Culture et Musees,,,10.4000/12svs,https://www.scopus.com/inward/record.uri?eid=2-s2.0-85214295097&doi=10.4000%2F12svs&partnerID=40&md5=5c849431f023e036e42edba3020bd281,"Museums of science and technology are today critically considering their role in society and their commitment to restorative practices. This article suggests that collections and their objects can be assets in challenging inherited values and building relationships with people. The article presents the steps undertaken as part of a journey of reflection by museums of science and technology, and reports on current museological trends. Its authors focus on the case of the National Museum of Science and Technology Leonardo da Vinci in Milan, and present several examples to illustrate the way in which the practices of caring for objects can become a means of caring for people. They call for more inclusive acquisition policies in order to enable diverse voices to contribute to the construction of a shared cultural heritage. In conclusion, the article suggests that the collaboration of professionals in various domains is crucial to achieving this ambitious objective. © 2024 Avignon University. All rights reserved.",2024,2025-12-16 16:11:06,2025-12-16 16:11:06,,148 - 173,,44,,,,,,,,,,,,,,,,,,Type: Article,,,,,,,,,,,,,,,,,,,,,,,,,,,,,,,,,,,,,,,,,,,,,,,,,,,,1838,1,2026-07-06 13:41:53,
1248,PZGG8JZS,journalArticle,2022.0,"Lithgow, Katy; Lloyd, Helen","A Long View of Change in Caring for Historic House Interiors: from Housekeeping to Preventive Conservation, Collections Care and Beyond",Studies in Conservation,,,10.1080/00393630.2022.2059643,https://www.scopus.com/inward/record.uri?eid=2-s2.0-85128777263&doi=10.1080%2F00393630.2022.2059643&partnerID=40&md5=11d4ed59ab519a1f601be694d9c4b280,"The care of historic interiors in the U.K. and abroad has evolved over many centuries, from historic housekeeping documented in early manuscripts, to preventive conservation, collections care and management widely practised in museums today. This paper takes a long view of this evolution, considering the causes and instigators of change in approaches taken by public institutions and private owners of historic collections. The influence of increasing professionalisation of the heritage sector and of statutory concern for the care of items of national interest is reviewed, and practice compared in the private and public spheres, to consider the future for conservation housekeeping. © The International Institute for Conservation of Historic and Artistic Works 2022.",2022,2025-12-16 16:10:59,2025-12-16 16:10:59,,140 - 149,,S1,67,,,,,,,,,,,,,,,,,Type: Article,,,,Creativity; Collection care; Preventive conservation; Covid-19; Housekeeping; Historic house; Historic preservation; Energy conservation; Principle; Private owner; Public Access; Public-private,,,,,,,,,,,,,,,,,,,,,,,,,,,,,,,,,,,,,,,,,,,,,,,,1248,1,2026-07-06 13:41:56,
2774,5J7KYRKS,journalArticle,2022.0,"Lithgow, Katy; Lloyd, Helen","A Long View of Change in Caring for Historic House Interiors: from Housekeeping to Preventive Conservation, Collections Care and Beyond",STUDIES IN CONSERVATION,,,10.1080/00393630.2022.2059643,,"The care of historic interiors in the U.K. and abroad has evolved over many centuries, from historic housekeeping documented in early manuscripts, to preventive conservation, collections care and management widely practised in museums today. This paper takes a long view of this evolution, considering the causes and instigators of change in approaches taken by public institutions and private owners of historic collections. The influence of increasing professionalisation of the heritage sector and of statutory concern for the care of items of national interest is reviewed, and practice compared in the private and public spheres, to consider the future for conservation housekeeping.",2022-08-10,2025-12-16 16:11:48,2025-12-16 16:11:48,,140-149,,"1, SI",67,,,,,,,,,,,,,,,,,Type: Article,,,,collections care; preventive conservation; Covid-19; creativity; historic houses; Housekeeping; principles; private owners; public access,,,,,,,,,,,,,,,,,,,,,,,,,,,,,,,,,,,,,,,,,,,,,,,,1248,1,2026-07-06 13:41:56,
1260,66EH3ZAT,journalArticle,2022.0,"Logan, Alvin; Saunders, Margaret",The Ethics of Care: The Importance of Having an Education Collections Manager in the Era of Museum Decolonization,Journal of Museum Education,,,10.1080/10598650.2022.2135356,https://www.scopus.com/inward/record.uri?eid=2-s2.0-85145828974&doi=10.1080%2F10598650.2022.2135356&partnerID=40&md5=2538d13f2f520db3d5afc30db311849f,"Caring for many objects is one of the more challenging aspects of the museum profession. In museums that collect cultural belongings, utilizing best care practices ensures that objects of cultural heritage can be studied and appreciated by the peoples whose cultures they represent. Thus, providing collections care is necessary to support learning and to further the efforts of decolonization. However, in many museum education departments, a specialized collections management role does not exist to care for teaching collections. This case study examines why it is essential for education departments to have a dedicated collections manager, particularly in the era of museum decolonization. The case study details how the Burke Museum of Natural History and Culture in Seattle, Washington, applied decolonial efforts to collection management as our team preserves a cultural belonging from the Lummi Nation in our teaching collection. © 2022 Museum Education Roundtable.",2022,2025-12-16 16:10:59,2025-12-16 16:10:59,,476 - 485,,4,47,,,,,,,,,,,,,,,,,Type: Article,,,,,,,,,,,,,,,,,,,,,,,,,,,,,,,,,,,,,,,,,,,,,,,,,,,,1260,1,2026-07-06 13:42:02,
2154,YINVE6S7,journalArticle,2017.0,"Torres, Jennifer; Gallagher, Katherine J.; Balachandran, Sanchita; Anderson, Lisa",Rehousing a ‘Working Collection’: Perspectives from the Johns Hopkins University Archaeological Museum,Journal of the American Institute for Conservation,,,10.1080/01971360.2017.1285164,https://www.scopus.com/inward/record.uri?eid=2-s2.0-85016239223&doi=10.1080%2F01971360.2017.1285164&partnerID=40&md5=c629eb839b617eb42e1281bd1461a2cd,"Using the Johns Hopkins Archaeological Museum (JHAM) as a case study, this article explores the unique approaches used to rehouse a collection with a core teaching mission. Unlike the collections of more traditional museums, the JHAM's holdings are meant to be used by students, faculty, and researchers as a means of pursuing knowledge. Supporting this pedagogical mission requires innovative rehousing approaches that protect the collection while ensuring its use. This paper discusses recently implemented rehousing strategies that emphasize high visibility, ease of accessibility, and guided handling of objects, and considers the unique challenges and advantages of providing access to such a collection. Rehousing is also posited as only one aspect of collections care; rather, the authors propose that a more holistic approach to the long-term preservation of objects in the museum's care encompasses not only their physical stability through rehousing and conservation, but also the stability and stewardship of their provenance histories and collection data. The ultimate goal of these various modes of care should be ensuring that the collection “works” such that the use of objects maintains and extends their meanings and utility. © 2017, © American Institute for Conservation of Historic and Artistic Works 2017.",2017,2025-12-16 16:11:10,2025-12-16 16:11:10,,96 - 112,,2,56,,,,,,,,,,,,,,,,,Type: Article,,,,,,,,,,,,,,,,,,,,,,,,,,,,,,,,,,,,,,,,,,,,,,,,,,,,2154,1,2026-07-06 13:44:27,
3064,TBB539XE,journalArticle,2017.0,"Torres, Jennifer; Gallagher, Katherine J.; Balachandran, Sanchita; Anderson, Lisa",Rehousing a “Working Collection': Perspectives from the Johns Hopkins University Archaeological Museum,JOURNAL OF THE AMERICAN INSTITUTE FOR CONSERVATION,,,10.1080/01971360.2017.1285164,,"Using the Johns Hopkins Archaeological Museum (JHAM) as a case study, this article explores the unique approaches used to rehouse a collection with a core teaching mission. Unlike the collections of more traditional museums, the JHAM's holdings are meant to be used by students, faculty, and researchers as a means of pursuing knowledge. Supporting this pedagogical mission requires innovative rehousing approaches that protect the collection while ensuring its use. This paper discusses recently implemented rehousing strategies that emphasize high visibility, ease of accessibility, and guided handling of objects, and considers the unique challenges and advantages of providing access to such a collection. Rehousing is also posited as only one aspect of collections care; rather, the authors propose that a more holistic approach to the long-term preservation of objects in the museum's care encompasses not only their physical stability through rehousing and conservation, but also the stability and stewardship of their provenance histories and collection data. The ultimate goal of these various modes of care should be ensuring that the collection works such that the use of objects maintains and extends their meanings and utility.",2017,2025-12-16 16:11:51,2025-12-16 16:11:51,,96-112,,"2, SI",56,,,,,,,,,,,,,,,,,Type: Article,,,,archaeological objects; Rehousing; teaching collection; university museum,,,,,,,,,,,,,,,,,,,,,,,,,,,,,,,,,,,,,,,,,,,,,,,,2154,1,2026-07-06 13:44:27,
2050,D3RKQ8WQ,journalArticle,2014.0,"Staniforth, Sarah",Environmental conditions for the safeguarding of collections: Future trends,Studies in Conservation,,,10.1179/2047058414Y.0000000142,https://www.scopus.com/inward/record.uri?eid=2-s2.0-84904817663&doi=10.1179%2F2047058414Y.0000000142&partnerID=40&md5=b17cadbb7aad661ad58f13b032282101,"This paper sets out the role of the International Institute for Conservation of Historic and Artistic Works (IIC) in facilitating the current international debate on the selection of appropriate environmental conditions for collections to optimise their future condition while minimising energy consumption. It looks back 35 years to when Garry Thomson first published The Museum Environment and forward 35 years to demonstrate how IIC can care for the future as well as care for the past. It asks whether we are posing the right questions in this debate, draws attention to leadership in the cultural sector, and suggests that more conservation professionals should aspire to leadership positions directing museums and heritage organisations. © The International Institute for Conservation of Historic and Artistic Works 2014.",2014,2025-12-16 16:11:08,2025-12-16 16:11:08,,213 - 217,,4,59,,,,,,,,,,,,,,,,,Type: Conference paper,,,,Conservation; Preventive conservation; Environment; Energy utilization; Artistic works; Energy conservation; Atmospheric humidity; Environmental conditions; Future trends; International debate; Thomson,,,,,,,,,,,,,,,,,,,,,,,,,,,,,,,,,,,,,,,,,,,,,,,,2050,1,2026-07-06 13:47:07,
3022,DWUXHXM9,journalArticle,2014.0,"Staniforth, Sarah",Environmental conditions for the safeguarding of collections: Future trends,STUDIES IN CONSERVATION,,,10.1179/2047058414Y.0000000142,,"This paper sets out the role of the International Institute for Conservation of Historic and Artistic Works (IIC) in facilitating the current international debate on the selection of appropriate environmental conditions for collections to optimise their future condition while minimising energy consumption. It looks back 35 years to when Garry Thomson first published The Museum Environment and forward 35 years to demonstrate how IIC can care for the future as well as care for the past. It asks whether we are posing the right questions in this debate, draws attention to leadership in the cultural sector, and suggests that more conservation professionals should aspire to leadership positions directing museums and heritage organisations.",2014-07,2025-12-16 16:11:51,2025-12-16 16:11:51,,213-217,,4,59,,,,,,,,,,,,,,,,,Type: Article; Proceedings Paper,,,,Preventive conservation; Relative humidity; Environment; Museum leadership,,,,,,,,,,,,,,,,,,,,,,,,,,,,,,,,,,,,,,,,,,,,,,,,2050,1,2026-07-06 13:47:07,
1081,PBZTDTEL,journalArticle,2025.0,"Kersel, Morag M.",The Moral Maze: A Duty of Care in the Twenty-First Century,Advances in Archaeological Practice,,,10.1017/aap.2024.40,https://www.scopus.com/inward/record.uri?eid=2-s2.0-105013359096&doi=10.1017%2Faap.2024.40&partnerID=40&md5=b74c37a8f53afdf019bda98f1c3e4bf3,"What does it mean to care for culture? How does an individual, a community, a government, a nongovernmental organization, or an international agency care for objects entangled in the legal and illegal antiquities trade, held in contentious museum collections, or at risk due to cultural or natural disasters? How do the various stewards of the past work across the unpredictable boundaries of private, public, and community ownership? Caring for culture involves a range of activities and commitments aimed at safeguarding tangible and intangible cultural representations and ensuring that they remain accessible to present and future generations while honoring the traditions, beliefs, and identities of the contemporary communities. This editorial introduction to this thematic issue of Advances in Archaeological Practice begins with an analysis of the duty of care for the Neo-Assyrian reliefs at the Virginia Theological Seminary, asking whether the decision to sell one of their fragments was caring for culture or a commodification of the past. The remaining contributions to this issue share the theme of caring for culture, acknowledging and building on the enduring scholarship of Neil J. Brodie and Patty Gerstenblith. © The Author(s), 2025. Published by Cambridge University Press on behalf of Society for American Archaeology.",2025,2025-12-16 16:10:57,2025-12-16 16:10:57,,1 - 16,,1,13,,,,,,,,,,,,,,,,,Type: Article,,,,,,,,,,,,,,,,,,,,,,,,,,,,,,,,,,,,,,,,,,,,,,,,,,,,1081,1,2026-07-06 13:55:39,
2432,PIS2ZVZG,journalArticle,2015.0,,Around and about: Caring for dolls,Icon News,,,,https://www.scopus.com/inward/record.uri?eid=2-s2.0-84951013210&partnerID=40&md5=9be3067adf935106460accfc459d6584,"Taking care of stored collections was one of the most important tasks for conservation staff in a regional museum like The Bowes Museum, County Durham. The Museum?s doll collection was identified as a priority for re-storage. This created the perfect opportunity to collaborate with conservation students from Durham University and organize a short term volunteer project, which had been invaluable experience for the professional development during the current Icon/HLF Textile Conservation internships.",2015,2025-12-16 16:11:13,2025-12-16 16:11:13,,18 - 20,,60,,,,,,,,,,,,,,,,,,Type: Article,,,,Textile conservation; Durham University; Networks (circuits); Professional development; Short term,,,,,,,,,,,,,,,,,,,,,,,,,,,,,,,,,,,,,,,,,,,,,,,,2432,1,2026-07-06 13:55:48,
2238,K3LV8WUU,journalArticle,2025.0,"Veggi, Manuele; von Gal, Alessandro; Piccardi, L.; Pescarin, Sofia; Nori, Raffaella",How Much Do We Care About Cultural Heritage? A Rasch Scale Validation Study Among Young Adults,Heritage,,,10.3390/heritage8080317,https://www.scopus.com/inward/record.uri?eid=2-s2.0-105014423320&doi=10.3390%2Fheritage8080317&partnerID=40&md5=bd23150f574a04cad9c2b493929480d7,"Research in museum studies, heritage science, and cultural tourism highlights the “care theory” as a key framework for understanding the relationship between citizens and cultural heritage. Assessing the “sense of care” toward cultural objects and sites can provide valuable insights for museums, education, and public policy. However, visitor studies lack suitable assessment tools. This study fills the gap by introducing the Scale for the Assessment of Caring for Cultural Heritage (CHARE), developed using the Rasch model. A preliminary 16-item questionnaire on visitors’ “caring behaviours” was designed through a literature review and expert focus groups, then tested on young adults: statistical analysis confirms the model’s reliability. While the study serves as a starting point for future research and further validation is needed, CHARE already offers a practical tool for museum practitioners to assess young visitors’ engagement and caring attitudes toward cultural heritage. © 2025 by the authors.",2025,2025-12-16 16:11:11,2025-12-16 16:11:11,,,,8,8,,,,,,,,,,,,,,,,,Type: Article,,,,,,,,,,,,,,,,,,,,,,,,,,,,,,,,,,,,,,,,,,,,,,,,,,,,2238,1,2026-07-06 13:55:58,
179,8HGSHKUM,journalArticle,2019.0,"Benden, Danielle M.; Taft, Mara C.","A Long View of Archaeological Collections Care, Preservation, and Management",Advances in Archaeological Practice,,,10.1017/aap.2019.22,https://www.scopus.com/inward/record.uri?eid=2-s2.0-85071261591&doi=10.1017%2Faap.2019.22&partnerID=40&md5=2ad92a1ab47e2cccd73122420cd87e33,"Collections care practices have become professionalized in the last 30 years, in large part because of the work of organizations such as the American Alliance of Museums, the Canadian Conservation Institute, the Society for the Preservation of Natural History Collections, the American Institute for Conservation, and others in the museum sphere. Advances in preservation and management have benefited the discipline of archaeology in the field and laboratory. This thematic issue provides an updated perspective on the current happenings in the repository, highlighting innovative techniques and practices that collections specialists employ when managing the archaeological record. This article considers a macroview of the issues surrounding archaeological curation today and ponders what the future of collections preservation can and should look like. © 2019 Society for American Archaeology.",2019,2025-12-16 16:10:40,2025-12-16 16:12:16,,217 - 223,,3,7,,,,,,,,,,,,,,,,,Type: Article,,,,museums; collaboration with descendant communities; collections access and use; collections management; curation; curation crisis; curatorial; digital data; process of archaeology; repository,,,,,,,,,,,,,,,,,,,,,,,,,,,,,,,,,,,,,,,,,,,,,,,,179,1,2026-07-06 14:13:42,
737,B922VVXJ,journalArticle,2023.0,"García, Antonio Rivera","The «Museification» of the Political Community in Boris Groys: Iconoclasm, Aesthetic Technology of Care and Critique of Neoliberalism; La «museificación» de la comunidad política en Boris Groys: Iconoclastia, tecnología estética del cuidado y crítica del neoliberalismo",Aisthesis,,,10.7764/Aisth.74.11,https://www.scopus.com/inward/record.uri?eid=2-s2.0-85181260100&doi=10.7764%2FAisth.74.11&partnerID=40&md5=aebc5372d9c7c2800c3af1384f5b709d,"Groys' aesthetic thought encourages the approach of the critique of neoliberalism from a point of view that is alien to the modern question of the subject. Groys shows that the iconoclasm followed by avant-garde art and museums offers an alternative: the conception of the individual as a defunctionalized «work of art». This alternative is completed with the retrieval of the main proposal of cosmist thought: the transformation of museum technology into biopolitics, so that the individual of our time becomes an object of permanent care. Finally, the power and limits of «museification» are analyzed to think of an effective democratic alternative to neoliberalism. © 2023 Pontificia Universidad Catolica de Chile 1. All rights reserved.",2023,2025-12-16 16:10:52,2025-12-16 16:10:52,,218 - 242,,74,,,,,,,,,,,,,,,,,,Type: Article,,,,,,,,,,,,,,,,,,,,,,,,,,,,,,,,,,,,,,,,,,,,,,,,,,,,737,1,2026-07-06 13:58:49,
1055,Z6IGNYD6,journalArticle,2005.0,"Kaplan, Emily; Williamson, Leslie; Arenstein, Rachael Perkins; McGrew, Angela Yvarra; Feitl, Mark",Integrating preventive conservation into a collections move and Rehousing Project at The National Museum Of The American Indian,Journal of the American Institute for Conservation,,,10.1179/019713605806082293,https://www.scopus.com/inward/record.uri?eid=2-s2.0-60950411318&doi=10.1179%2F019713605806082293&partnerID=40&md5=1e5646e5c30b3979cb4a203dae118c71,"In June 2004, the Smithsonian Institution National Museum of the American Indian finished transporting its collection, comprised of approximately 800,000 archaeological and ethnographic artifacts from native cultures throughout the Western Hemisphere, from the museum's Research Branch in the Bronx, New York to the new Cultural Resources Center in Suitland, Maryland. The project took five years to complete and finished on budget and ahead of schedule. Conservators at the New York and Washington, D.C. venues worked to institute high standards of collections care that were integrated into the move and rehousing process. Collaboration with Collections Management, Registration, and Photography staff resulted in the establishment of preventive care procedures for object handling, pest management, packing, transport, and rehousing. This . reduced direct object handling. Interventive conservation treatments were minimal and temporary stabilization measures were used often. This paper describes the preventive conservation procedures developed over the course of the project and assesses the immediate and long-term benefits .of these processes.",2005,2025-12-16 16:10:57,2025-12-16 16:10:57,,217 - 232,,3,44,,,,,,,,,,,,,,,,,Type: Review,,,,,,,,,,,,,,,,,,,,,,,,,,,,,,,,,,,,,,,,,,,,,,,,,,,,1055,1,2026-07-06 14:13:46,
2704,WVHUHQXP,journalArticle,2005.0,"Kaplan, Emily; Williamson, Leslie; Arenstein, Rachael Perkins; McGrew, Angela Yvarra; Feitl, Mark",Integrating preventive conservation into a collections move and rehousing project at the National Museum of the American Indian,JOURNAL OF THE AMERICAN INSTITUTE FOR CONSERVATION,,,10.1179/019713605806082293,,"In June 2004, the Smithsonian Institution National Museum of the American Indian finished transporting its collection, comprised of approximately 800,000 archaeological and ethnographic artifacts from native cultures throughout the Western Hemisphere, from the museum's Research Branch in the Bronx, New York to the new Cultural Resources Center in Suitland, Maryland. The project took five years to complete and finished on budget and ahead of schedule. Conservators at the New York and Washington, D.C. venues worked to institute high standards of collections care that were integrated into the move and rehousing process. Collaboration with Collections Management, Registration, and photography staff resulted in the establishment of preventive care procedures for object handling, pest management, packing, transport, and rehousing. This reduced direct object handling. Interventive conservation treatments were minimal and temporary stabilization measures were used often. This paper describes the preventive conservation procedures developed over the course of the project and assesses the immediate and long-term benefits of these processes.",2005,2025-12-16 16:11:48,2025-12-16 16:11:48,,217-232,,3,44,,,,,,,,,,,,,,,,,Type: Article,,,,,,,,,,,,,,,,,,,,,,,,,,,,,,,,,,,,,,,,,,,,,,,,,,,,1055,1,2026-07-06 14:13:46,
1213,YHWE79WG,journalArticle,2023.0,"Lee, Michel D.; O'Brien, Aoife",Curators as mediators between the community and museum,,,,10.14361/9783839468487-014,https://www.scopus.com/inward/record.uri?eid=2-s2.0-85173347514&doi=10.14361%2F9783839468487-014&partnerID=40&md5=6681f38e8057de7350f69a51913600af,"The curators from the National Museums of World Culture, Sweden, Michel Lee and Aoife O'Brien, hoped to collaborate with a source community related to a part of the museum's collections, and therefore invited members of the Seediq community of Taiwan to work with them. 'Source community' here was defined as present-day groups that can trace their lineage to the groups of people who are mentioned in the archival material related to the objects explored in the project. While the curators acknowledge the complexity and unresolved questions that the term source community may raise, they believed in what this term and the associated practices can provide as part of acts of caring. They create possibilities of caring for specific cultural traditions, knowledge, and practices; they also facilitate community access to ancestral memories and to heritage. In this sense, source community work in museums was part of caring for a kin and community. The invitation to work with the Seediq, an indigenous community from Taiwan, was framed within the Designing Sustainable Futures work package of TAKING CARE. The curators were interested in combining the broad concepts of care and sustainability, to explore different ways in which they could work with communities through discussion, engagement, and co-curation. This would lead to an experimental exhibition, which the curators envisaged as the starting point for long-term engagement with the community. Caring and sustainable methodologies influence decision-making processes, but also the use of resources, and how objects are displayed. Having been a colonized people for over one hundred years, the Seediq have undergone a process of cultural revitalization relatively recently. It was hoped that the TAKING CARE Project, with its emphasis on care, could contribute to this process in some ways: cultural revitalization as care. © KHM-Museumsverband.",2023,2025-12-16 16:10:59,2025-12-16 16:10:59,,129 - 133,,,,,,,,,,,,,,,,,,,,Type: Book chapter,,,,,,,,,,,,,,,,,,,,,,,,,,,,,,,,,,,,,,,,,,,,,,,,,,,,1213,1,2026-07-06 14:14:07,
98,FWUIG2QJ,journalArticle,2024.0,"Arvanitis, Kostas; Bolton, Larysa; Marsden, Jenny; McKenzie, Eleanor; Wallace, Amanda",The Ethics of Response- ability in Collecting Spontaneous Memorials,,,,10.4324/9781003393733-9,https://www.scopus.com/inward/record.uri?eid=2-s2.0-85212030255&doi=10.4324%2F9781003393733-9&partnerID=40&md5=8817351319b91d269ed6993493045679,"This chapter examines how museum, library and archive professionals perceive their role and frame their actions when caring for spontaneous memorials. It draws on notions and applications of ethics of care, response-ability, and sympathy to discuss the considerations and decision-making in collecting, documenting and managing the spontaneous memorials that appeared in Manchester after the Arena bombing on 22 May 2017. The chapter argues that demonstrating an ethics of response-ability shifts the emphasis of the museum and archival practices around spontaneous memorials from caring for the memorial material to caring for the people most affected by the attack. Also, it helps acknowledge the limitations of cultural professionals’ previous experience and open up the processes of understanding the meanings, significance and value of collections of spontaneous memorials. Reversely, acting on response-ability increases the risk of secondary and vicarious trauma for cultural professionals, audiences and users. © 2025 selection and editorial matter, Jen Kavanagh, Ellie Miles, Rosamund Lily West with Susanna Cordner; individual chapters, the contributors.",2024,2025-12-16 16:10:38,2025-12-16 16:10:38,,62 - 74,,,,,,,,,,,,,,,,,,,,Type: Book chapter,,,,,,,,,,,,,,,,,,,,,,,,,,,,,,,,,,,,,,,,,,,,,,,,,,,,98,1,2026-07-06 14:14:18,
110,YKR3BAJA,journalArticle,2005.0,"Austin, Michele; Firnhaber, Natalie; Goldberg, Lisa A.; Hansen, Greta; Magee, Catherine",The legacy of anthropology collections care at The National Museum of Natural History,Journal of the American Institute for Conservation,,,10.1179/019713605806082301,https://www.scopus.com/inward/record.uri?eid=2-s2.0-60950638949&doi=10.1179%2F019713605806082301&partnerID=40&md5=7cd9e7791d0c84575f11b480742feaa3,"Priorities for anthropology collections care have remained remarkably constant over the past 150 years within the Smithsonian Institution's National Museum of Natural History and are consistent with contemporary approaches to preventive conservation. Concerns for adequate staff, storage, pest management, and treatment for deteriorating artifacts throughout the history of the Institution have created a legacy affecting almost all aspects of collections care, research, and repatriation. The details of this history have had profound effects on the current condition of objects and their potential for present and future use. This paper will provide an Institution-specific overview of collections care history which may inform museum professionals about the care and research potential of ethnographic and archaeological material.",2005,2025-12-16 16:10:40,2025-12-16 16:12:11,,185 - 202,,3,44,,,,,,,,,,,,,,,,,Type: Review,,,,,,,,,,,,,,,,,,,,,,,,,,,,,,,,,,,,,,,,,,,,,,,,,,,,110,1,2026-07-06 14:14:31,
97,EQC6AJLW,journalArticle,2024.0,"Arvanitis, Kostas",ETHICS OF CARE IN COLLECTING SPONTANEOUS MEMORIALS,,,,10.4324/9781003139485-13,https://www.scopus.com/inward/record.uri?eid=2-s2.0-85210688443&doi=10.4324%2F9781003139485-13&partnerID=40&md5=1807010775b8e116f7e7bda041e4f489,"This chapter examines the usefulness of an ethics of care approach in addressing ethical responsibilities in the contingent, adaptive and improvisational practice of collecting spontaneous memorials after traumatic events. It is based on an analysis of two case studies of spontaneous memorial collections, in the aftermath of the Manchester Arena bombing (22 May 2017) and of the Pulse nightclub shooting in Orlando (12 June 2016). The chapter argues that the lack of personal and institutional experience in urgent collecting is often mitigated by a fall back to personal ethics, professional competence and a sense of social responsibility, which in turn produce (and can be explained by) the adoption of an ethics of care approach. This analysis of museum professionals' navigation of the largely uncharted domain of creating and managing spontaneous memorial collections demonstrates the impact of assuming responsibility in activating an ethical and caring cultural practice. In turn, it offers a guide on how museums and related cultural organisations can address the challenges of collecting spontaneous memorials. © 2024 selection and editorial matter, Alexandra Bounia and Andrea Witcomb; individual chapters, the contributors.",2024,2025-12-16 16:10:38,2025-12-16 16:10:38,,179 - 197,,,,,,,,,,,,,,,,,,,,Type: Book chapter,,,,,,,,,,,,,,,,,,,,,,,,,,,,,,,,,,,,,,,,,,,,,,,,,,,,97,1,2026-07-06 14:14:34,
1776,J93UYDAA,journalArticle,2023.0,"Reed, Victoria S.",American Museums and Colonial-Era Provenance: A Proposal,International Journal of Cultural Property,,,10.1017/S0940739123000036,https://www.scopus.com/inward/record.uri?eid=2-s2.0-85181855278&doi=10.1017%2FS0940739123000036&partnerID=40&md5=fbb4927b400aaea9db3e8de466d6d006,"As European nations address their legacy of colonialism, many museums in France, Germany, Great Britain, and elsewhere in Western Europe are examining the provenance of objects in their collections that were removed during periods of colonial occupation and, in some cases, have developed plans for their restitution. As of 2022, few museums in the United States have announced similar objectives. This article offers specific suggestions for American art museums to proceed proactively and transparently with colonial-era provenance research projects. I propose that museums identify objects in their collections that were displaced in one of two ways: either looted during a post-Napoleonic military conflict or stolen or traded by force under a period of colonial occupation. These works of art should be prioritized for provenance research and listed or otherwise made discoverable online. By listing these objects on their websites, museums will acknowledge the contentious histories of works of art in their collections and signal an openness to engaging with source communities, whether about the return of an object, loans, storage, display, educational initiatives, or other matters of care. © The Author(s), 2023. Published by Cambridge University Press on behalf of the International Cultural Property Society.",2023,2025-12-16 16:11:05,2025-12-16 16:11:05,,1 - 21,,1,30,,,,,,,,,,,,,,,,,Type: Article,,,,,,,,,,,,,,,,,,,,,,,,,,,,,,,,,,,,,,,,,,,,,,,,,,,,1776,1,2026-07-06 14:15:00,
2943,T8WK44D6,journalArticle,2023.0,"Reed, Victoria S.",American Museums and Colonial-Era Provenance: A Proposal,INTERNATIONAL JOURNAL OF CULTURAL PROPERTY,,,10.1017/S0940739123000036,,"As European nations address their legacy of colonialism, many museums in France, Germany, Great Britain, and elsewhere in Western Europe are examining the provenance of objects in their collections that were removed during periods of colonial occupation and, in some cases, have developed plans for their restitution. As of 2022, few museums in the United States have announced similar objectives. This article offers specific suggestions for American art museums to proceed proactively and transparently with colonial-era provenance research projects. I propose that museums identify objects in their collections that were displaced in one of two ways: either looted during a post-Napoleonic military conflict or stolen or traded by force under a period of colonial occupation. These works of art should be prioritized for provenance research and listed or otherwise made discoverable online. By listing these objects on their websites, museums will acknowledge the contentious histories of works of art in their collections and signal an openness to engaging with source communities, whether about the return of an object, loans, storage, display, educational initiatives, or other matters of care.",2023-02,2025-12-16 16:11:50,2025-12-16 16:11:50,,1-21,,1,30,,,,,,,,,,,,,,,,,Type: Article,,,,Museums; Colonial-era provenance; Provenance research; Repatriation; Restitution,,,,,,,,,,,,,,,,,,,,,,,,,,,,,,,,,,,,,,,,,,,,,,,,1776,1,2026-07-06 14:15:00,
1412,ACVU7TGP,journalArticle,2019.0,"Meister, Nicolette B.",A Guide to the Preventive Care of Archaeological Collections,Advances in Archaeological Practice,,,10.1017/aap.2019.7,https://www.scopus.com/inward/record.uri?eid=2-s2.0-85071263238&doi=10.1017%2Faap.2019.7&partnerID=40&md5=874f6bdcb77739b7c17785985b7beb89,"Preservation knowledge is important for those preparing archaeological collections for curation or requesting access to collections for research. Literature about the fields of archaeological conservation and curation is plentiful, but there are scant resources that offer a basic introduction to the knowledge needed to facilitate preservation of and access to archaeological collections. Much of the literature focuses on conservation in the field and in the lab. Archaeological curation standards and the importance of sustainable management of archaeological collections also are well documented. In contrast, this article serves as an introductory guide to preventive care, specifically to the agents of deterioration and the storage considerations that affect preservation of and access to archaeological collections. Collections specialists who work in museums, government repositories, or historical societies, as well as field archaeologists, academic archaeologists teaching and conducting research on collections, and descendant communities in tribal historic preservation offices and other repositories will find this guide useful as a reference and teaching resource. © 2019 Society for American Archaeology.",2019,2025-12-16 16:11:02,2025-12-16 16:11:02,,267 - 273,,3,7,,,,,,,,,,,,,,,,,Type: Conference paper,,,,,,,,,,,,,,,,,,,,,,,,,,,,,,,,,,,,,,,,,,,,,,,,,,,,1412,1,2026-07-06 14:15:03,
2818,HT52U9IP,journalArticle,2019.0,"Meister, Nicolette B.",A Guide to the Preventive Care of Archaeological Collections,ADVANCES IN ARCHAEOLOGICAL PRACTICE,,,10.1017/aap.2019.7,,"Preservation knowledge is important for those preparing archaeological collections for curation or requesting access to collections for research. Literature about the fields of archaeological conservation and curation is plentiful, but there are scant resources that offer a basic introduction to the knowledge needed to facilitate preservation of and access to archaeological collections. Much of the literature focuses on conservation in the field and in the lab. Archaeological curation standards and the importance of sustainable management of archaeological collections also are well documented. In contrast, this article serves as an introductory guide to preventive care, specifically to the agents of deterioration and the storage considerations that affect preservation of and access to archaeological collections. Collections specialists who work in museums, government repositories, or historical societies, as well as field archaeologists, academic archaeologists teaching and conducting research on collections, and descendant communities in tribal historic preservation offices and other repositories will find this guide useful as a reference and teaching resource.",2019-08,2025-12-16 16:11:49,2025-12-16 16:11:49,,267-273,,"3, SI",7,,,,,,,,,,,,,,,,,Type: Article; Proceedings Paper,,,,collections management; curation; archaeology collections care; collections storage; preventive care,,,,,,,,,,,,,,,,,,,,,,,,,,,,,,,,,,,,,,,,,,,,,,,,1412,1,2026-07-06 14:15:03,
739,QSMJY6LF,journalArticle,2022.0,"Garcia Gomez, Isabel",The Quest for Improved Collection Care: Opportunities for Participatory Processes Involving Distant Source Communities,Studies in Conservation,,,10.1080/00393630.2022.2059990,https://www.scopus.com/inward/record.uri?eid=2-s2.0-85132995054&doi=10.1080%2F00393630.2022.2059990&partnerID=40&md5=34a5f3ac053d467a9776af6a36f530fd,"The Geneva Museum of Ethnography (MEG) often engages the participation of source-community artists and representatives when studying collections or creating exhibitions. At the same time, the museum's conservation department increasingly seeks to care for objects in a manner based not on the values assigned at the time of their acquisition, but according to their status as defined by the communities that used or created them, and to respond to those communities’ requests when it comes to sacred or secret objects. To achieve this, we believe that only a participatory approach involving these communities’ representatives will allow us to define the specific care objects should receive. Although the MEG is located in a non-colonizing country, Switzerland, its collection is largely the result of colonial enterprises from which the country nevertheless benefited. While the collection includes objects from a considerable number of different communities, the MEG is not engaged in participatory approaches specifically linked to reparation. How then do we ascertain the needs of such highly diverse collections and how do we define the priorities for their care? This raises the question of which stakeholders have the legitimacy to define an object’s or collection’s needs if their visions do not necessarily reflect those of an entire community. How can the museum define who has the legitimacy to answer its questions? Indeed, does the museum itself have the legitimacy to judge the legitimacy of others? One compromise is to accept that there can be no one solution, only a multiplicity of evolving solutions, and that these solutions are acceptable only insofar as they respect multiple voices and the intention to promote the collections’ wellbeing as well as that of the stakeholders who experience the benefit of interacting with those collections. © The International Institute for Conservation of Historic and Artistic Works 2022.",2022,2025-12-16 16:10:52,2025-12-16 16:10:52,,87 - 95,,S1,67,,,,,,,,,,,,,,,,,Type: Article,,,,Conservation; Wellbeing; Care; Switzerland; Power; Distant source; Institutional power; Legitimacy; Participatory approach; Participatory process,,,,,,,,,,,,,,,,,,,,,,,,,,,,,,,,,,,,,,,,,,,,,,,,739,1,2026-07-06 14:15:09,
2626,R38KH7WR,journalArticle,2022.0,"Gomez, Isabel Garcia",The Quest for Improved Collection Care: Opportunities for Participatory Processes Involving Distant Source Communities,STUDIES IN CONSERVATION,,,10.1080/00393630.2022.2059990,,"The Geneva Museum of Ethnography (MEG) often engages the participation of source-community artists and representatives when studying collections or creating exhibitions. At the same time, the museum's conservation department increasingly seeks to care for objects in a manner based not on the values assigned at the time of their acquisition, but according to their status as defined by the communities that used or created them, and to respond to those communities' requests when it comes to sacred or secret objects. To achieve this, we believe that only a participatory approach involving these communities' representatives will allow us to define the specific care objects should receive. Although the MEG is located in a non-colonizing country, Switzerland, its collection is largely the result of colonial enterprises from which the country nevertheless benefited. While the collection includes objects from a considerable number of different communities, the MEG is not engaged in participatory approaches specifically linked to reparation. How then do we ascertain the needs of such highly diverse collections and how do we define the priorities for their care? This raises the question of which stakeholders have the legitimacy to define an object's or collection's needs if their visions do not necessarily reflect those of an entire community. How can the museum define who has the legitimacy to answer its questions? Indeed, does the museum itself have the legitimacy to judge the legitimacy of others? One compromise is to accept that there can be no one solution, only a multiplicity of evolving solutions, and that these solutions are acceptable only insofar as they respect multiple voices and the intention to promote the collections' wellbeing as well as that of the stakeholders who experience the benefit of interacting with those collections.",2022-08-10,2025-12-16 16:11:46,2025-12-16 16:11:46,,87-95,,"1, SI",67,,,,,,,,,,,,,,,,,Type: Article,,,,care; Wellbeing; institutional power; legitimacy; participatory process,,,,,,,,,,,,,,,,,,,,,,,,,,,,,,,,,,,,,,,,,,,,,,,,739,1,2026-07-06 14:15:09,
2362,6RTVZMF6,journalArticle,2023.0,"Woodhead, Charlotte",Caring for Cultural Heritage: An Integrated Approach to Legal and Ethical Initiatives in the United Kingdom,,,,10.1017/9781108696463,https://www.scopus.com/inward/record.uri?eid=2-s2.0-105022991006&doi=10.1017%2F9781108696463&partnerID=40&md5=6c24cfaf41cb67f0616b602264f0a116,"This book explores how cultural heritage and its care are translated in UK law and non-law instruments. It analyses how communities of care look after cultural heritage because they care about it. These communities include the international and national community, national and local governments, courts, professional bodies, institutions such as museums as well as community groups. 'Care' refers to the varied ways in which communities engage with cultural heritage to maintain it, sustain relationships about it and with it, use it and provide access to it, with a view to passing it on to future generations. The book also assesses how far these nested practices of care assist communities of care in providing respectful, empathetic and dialogical care to navigate harm to cultural heritage. It will be of interest to scholars of cultural heritage studies across disciplines, including law, sociology and anthropology, as well as policymakers and practitioners in cultural heritage management. © Charlotte Woodhead 2024.",2023,2025-12-16 16:11:12,2025-12-16 16:11:12,,1 - 368,,,,,,,,,,,,,,,,,,,,Type: Book,,,,Cultural heritages; Ethical technology; Historic preservation; National governments; Policy makers; Future generations; Community group; Cultural heritage studies; Integrated approach; Local government; UK laws; United kingdom,,,,,,,,,,,,,,,,,,,,,,,,,,,,,,,,,,,,,,,,,,,,,,,,2362,1,2026-07-06 14:15:12,
496,LXTX6QAF,journalArticle,2024.0,"Daniels, Kyrah Malika",Spirits of the Jewel Case: Initiating an Ethics of Care for Africana Sacred Arts in the Museum World,,,,10.4324/9781003365280-15,https://www.scopus.com/inward/record.uri?eid=2-s2.0-85202893734&doi=10.4324%2F9781003365280-15&partnerID=40&md5=fa0eafa1f6485c6e8d97f60e4c5cc661,"This chapter proposes an ethics of care for Africana sacred arts in the museum world. The author discusses several influential US exhibitions to contextualize the history of displaying Africana sacred art collections in art museums, ethnographic museums, and university museums. Highlighting four case studies, the author considers the successes and challenges of exhibitions featuring Haitian and Congolese sanctified objects, including ritual rattles which emit the sound of the spirits; mystic vessels and sacred bundles which serve as abode of the spirits; and divine mirrors which produce the reflection of the spirits. Solutions are presented for more respectful and active engagement with ritual art objects housed in museums. Suggestions for decolonization and ethical curating reveal how religious artifacts demand profound respect as reverent material and also as divine beings themselves. This chapter argues that cultivating equitable, long-term partnerships between curators, scholars, artisans, and religious devotees is key to deepening the educational value of museum exhibitions. Ultimately, in implementing these multi-pronged methods, an ethics of care can be established for Africana sacred arts as quiet witnesses of ceremony and guardians of protected ritual knowledge in the museum world. © 2025 selection and editorial matter, Marianna Pegno and Kantara Souffrant; individual chapters, the contributors.",2024,2025-12-16 16:10:46,2025-12-16 16:10:46,,107 - 124,,,,,,,,,,,,,,,,,,,,Type: Book chapter,,,,,,,,,,,,,,,,,,,,,,,,,,,,,,,,,,,,,,,,,,,,,,,,,,,,496,1,2026-07-06 14:15:16,
711,JPNNCHDG,journalArticle,2023.0,"Fuentes, Ayesha","Damage, dirt and change over time: documenting conditions at the University of Cambridge Museum of Archaeology and Anthropology",Journal of the Institute of Conservation,,,10.1080/19455224.2023.2203941,https://www.scopus.com/inward/record.uri?eid=2-s2.0-85159695310&doi=10.1080%2F19455224.2023.2203941&partnerID=40&md5=4e2df1f80c20e910dc84050548bd1a34,"How does one ethically care for a global collection shaped and maintained within a colonial context? How do we address institutional responsibilities in a way that is transparent, rigorous and reparative? This article discusses on-going conservation research at the University of Cambridge Museum of Archaeology and Anthropology as part of a 5-year storage relocation project. Moving beyond key vocabularies and abstract critique, this work examines the potential role of conservation in documenting and interpreting evidence for damage, displacement and erasure related to methods of colonial knowledge production and historic museum practice. The work includes a consideration of the language used to distinguish modifications resulting from museum practice such as the application of pesticides; monitoring change over time; the expectation of object longevity; and the potential consequences of disrupted traditions of maintenance and knowledge exchange. The article concludes by reflecting on the ways in which technical vocabularies, documentation and decision-making processes can shape and even improve the ways in which these collections are studied, valued and utilised by a diversity of stakeholders. © 2023 The Author(s). Published by Informa UK Limited, trading as Taylor & Francis Group.",2023,2025-12-16 16:10:52,2025-12-16 16:10:52,,127 - 140,,2,46,,,,,,,,,,,,,,,,,Type: Article,,,,Conservation; Colonialism; Damage; Decision making; Biocides; Pesticides; Condition; Work; Collection; Documentation; University of Cambridge; Abstracting; Decision Making; Knowledge management; Change-over time; Ethnographic collection; Knowledge exchange; Knowledge production; Monitoring change; Shape,,,,,,,,,,,,,,,,,,,,,,,,,,,,,,,,,,,,,,,,,,,,,,,,711,1,2026-07-06 14:15:27,
2602,HRXWQHFZ,journalArticle,2023.0,"Fuentes, Ayesha","Damage, dirt and change over time: documenting conditions at the University of Cambridge Museum of Archaeology and Anthropology",JOURNAL OF THE INSTITUTE OF CONSERVATION,,,10.1080/19455224.2023.2203941,,"How does one ethically care for a global collection shaped and maintained within a colonial context? How do we address institutional responsibilities in a way that is transparent, rigorous and reparative? This article discusses on-going conservation research at the University of Cambridge Museum of Archaeology and Anthropology as part of a 5-year storage relocation project. Moving beyond key vocabularies and abstract critique, this work examines the potential role of conservation in documenting and interpreting evidence for damage, displacement and erasure related to methods of colonial knowledge production and historic museum practice. The work includes a consideration of the language used to distinguish modifications resulting from museum practice such as the application of pesticides; monitoring change over time; the expectation of object longevity; and the potential consequences of disrupted traditions of maintenance and knowledge exchange. The article concludes by reflecting on the ways in which technical vocabularies, documentation and decision-making processes can shape and even improve the ways in which these collections are studied, valued and utilised by a diversity of stakeholders.",2023-05-04,2025-12-16 16:11:46,2025-12-16 16:11:46,,127-140,,2,46,,,,,,,,,,,,,,,,,Type: Article,,,,pesticides; documentation; ethics; damage; colonialism; ethnographic collections,,,,,,,,,,,,,,,,,,,,,,,,,,,,,,,,,,,,,,,,,,,,,,,,711,1,2026-07-06 14:15:27,
1554,VZNM8E2Q,journalArticle,2025.0,"Norris, Debra Hess; Kennedy, Nora W.; Lavédrine, Bertrand","CONSERVATION OF PHOTOGRAPHS: Significance, Use and Care",,,,10.4324/9781003096108,https://www.scopus.com/inward/record.uri?eid=2-s2.0-105004084961&doi=10.4324%2F9781003096108&partnerID=40&md5=f19f4ddbdb37349dfcf5f0340ac56ae1,"Conservation of Photographs: Significance, Use and Care provides a comprehensive and inclusive overview of theory, research, and practice in the conservation of photograph collections, from the analogue to the digital era. Including insights from nearly 100 leading international professionals, this book is a tribute to the synergistic advancements in photograph conservation in recent decades. Connecting material, imaging, computational and natural sciences, aesthetics, ethics and philosophy, history, art history, art and cultural context studies, these engaging writings contextualize our photographic heritage and its long-term preservation - past, present, and future. This book explores the philosophical underpinnings and evolution of the field, before moving on to detail innovative methodologies for assessing photographic heritage. The inclusion of material on characterization, imaging and authentication studies, conservation practice, innovation and ethical constraints, as well as on current approaches to effective collections management and preventive care, ensures that this volume is an invaluable resource and important practical reference. Conservation of Photographs: Significance, Use and Care will spark a collective drive towards a more complete understanding and preservation of the world’s photographic legacy. As such, the volume is useful for scholars, students, and practitioners working in the fields of photography, conservation, art, art history, history, and cultural heritage. © 2025 selection and editorial matter, Debra Hess Norris, Nora W. Kennedy and Bertrand Lavédrine; individual chapters, the contributors.",2025,2025-12-16 16:11:03,2025-12-16 16:11:03,,1 - 567,,,,,,,,,,,,,,,,,,,,Type: Book,,,,Long-term preservation; Historic preservation; Cultural context; Conservation practices; Collections management; Art history; Contextualize; Digital era; Image recording; Imaging systems; Innovative methodologies; On currents; On-currents; Philosophical aspects; Photography; Tomography,,,,,,,,,,,,,,,,,,,,,,,,,,,,,,,,,,,,,,,,,,,,,,,,1554,1,2026-07-06 14:15:30,
713,24PRB48D,journalArticle,2025.0,"Fuentes, Ayesha",It was like that when we found it: dissociation and standards of care for archaeological and ethnographic collections; لقد كان على هذا الحال حين وجدناه: الانفصال ومعايير العناية في المجموعات الأثرية والإثنوغرافية; “发现即如此：考古与民族志藏品的信息脱节与照护标准”; “Estava assim quando encontramos: dissociação e padrões de cuidado em coleções arqueológicas e etnográficas”; “Así estaba cuando lo encontramos: Disociación y normas de conservación de las colecciones arqueológicas y etnográficas”,Journal of the Institute of Conservation,,,10.1080/19455224.2025.2548426,https://www.scopus.com/inward/record.uri?eid=2-s2.0-105023155646&doi=10.1080%2F19455224.2025.2548426&partnerID=40&md5=5d393bcf5ccf8740104f674124699206,"This article draws from three years of work as an objects conservator and postdoctoral researcher on a stores move project at the University of Cambridge Museum of Archaeology and Anthropology. Through preventive risk management, handling, stabilisation and documentation, the following reflects on the effects of dissociation, standards of care and safe access for over 300,000 objects—including archaeological stone tools, food storage containers, ritual objects, garments, weapons, toys, and musical instruments—collected around the globe and brought to the UK over the past two and a half centuries. Many of these lack reliable documentation about their function, condition and originating contexts. Using case studies from the move project, the article reflects on how and by whom the loss of information about an object’s standards of care can or should be remediated, and how dissociation influences long-term risk management in practice. It also suggests how safe handling and multi-sensory access might be used to cultivate engagement and shared value for even unprovenanced or under-documented collections. © 2025 The Author(s). Published by Informa UK Limited, trading as Taylor & Francis Group.",2025,2025-12-16 16:10:52,2025-12-16 16:10:52,,221 - 233,,3,48,,,,,,,,,,,,,,,,,Type: Article,,,,Care; Tools; Risk assessment; Information management; Conservation ethic; Standards; Potassium alloys; Custodianship; Dissociation; Documentation; Food storage; Food Storage; Food storage containers; Materials Handling; Musical instruments; Postdoctoral researchers; Risk Assessment; Risk management; Risk Management; Risks assessments; Risks management; Standard of cares; System program documentation; University of Cambridge; Uranium alloys,,,,,,,,,,,,,,,,,,,,,,,,,,,,,,,,,,,,,,,,,,,,,,,,713,1,2026-07-06 14:15:33,
1555,36KM49IJ,journalArticle,2025.0,"Norris, Debra Hess; Kennedy, Nora W.; Lavédrine, Bertrand",INTRODUCTION,,,,,https://www.scopus.com/inward/record.uri?eid=2-s2.0-105004087050&partnerID=40&md5=b9dcbb5151d765e84e5cfcbd7b61186d,"Conservation of Photographs: Significance, Use and Care provides an overview of theory, research and practice in the preservation of photographic collections - from the early daguerreotype to the arrival of contemporary digital prints - held in museums, historic sites, libraries, archives and communities globally. It is certainly difficult to share a common definition of a photograph today, given the many technological changes undergone since its introduction, and in particular the development of digital techniques. Each of the editors of this book may have a different idea of what a photograph is, but we all share a concern for its conservation and dissemination. Therefore, the interest arose to bring together a body of knowledge serving as an important practical reference for photograph conservators and an essential resource for emerging practitioners. Conservation of Photographs is a tribute to the value and significance of photography and the impact of this remarkable medium worldwide. Written by nearly 100 leading international professionals, this book is a labor of their love and commitment, and a tribute to the synergistic advancements in photograph conservation in recent decades. Connecting material, imaging, computational and natural sciences, aesthetics, ethics and philosophy, history, art history, art and cultural context studies, these engaging writings contextualize our photographic heritage and its long-term preservation - past, present and future. © 2025 selection and editorial matter, Debra Hess Norris, Nora W. Kennedy and Bertrand Lavédrine; individual chapters, the contributors.",2025,2025-12-16 16:11:03,2025-12-16 16:11:03,,1 - 4,,,,,,,,,,,,,,,,,,,,Type: Editorial,,,,,,,,,,,,,,,,,,,,,,,,,,,,,,,,,,,,,,,,,,,,,,,,,,,,1555,1,2026-07-06 14:15:38,
1315,DN2C5DTQ,journalArticle,2024.0,"Magnin, Emilie","Brandie Macdonald: Conserving “Us”: Caring for living heritage, oral tradition, and Indigenous knowledge",,,,10.4324/9781003467809-12,https://www.scopus.com/inward/record.uri?eid=2-s2.0-85211867832&doi=10.4324%2F9781003467809-12&partnerID=40&md5=89ec5d66d7fe39c014f0037acec653ef,"What does it take to care for living heritage and Indigenous knowledge? What does it mean to conserve oral tradition or spiritual performance? Brandie Macdonald, Executive Director at the Indiana University Museum of Archaeology and Anthropology and former Senior Director of Decolonizing Initiatives at the Museum of Us in San Diego, discusses these and related questions in the light of her work at the Museum of Us. Among the issues raised are how Indigenous performance might be preserved in and beyond institutions, what decolonization might mean in an institution concerned with Indigenous culture, what intellectual property means in these contexts, how museums can become spaces for engaging with living objects, and how to approach these through a decolonized lens. © 2025 selection and editorial matter, Hanna B. Hölling, Jules Pelta Feldman, and Emilie Magnin; individual chapters, the contributors.",2024,2025-12-16 16:11:00,2025-12-16 16:11:00,,186 - 198,,,2,,,,,,,,,,,,,,,,,Type: Book chapter,,,,,,,,,,,,,,,,,,,,,,,,,,,,,,,,,,,,,,,,,,,,,,,,,,,,1315,1,2026-07-06 14:15:41,
134,YU5ZUXCX,journalArticle,2025.0,"Bancroft, Anne; Fifi, Daniela","Not in My Name: Heritage Conservation, Collection Care, and Repatriation within Caribbean Collections",,,,10.4324/9781003393795-7,https://www.scopus.com/inward/record.uri?eid=2-s2.0-105004082034&doi=10.4324%2F9781003393795-7&partnerID=40&md5=16ae2aed4be42d1af11b9360481270d5,"This chapter delves into the critical issues surrounding the care of Caribbean collections and explores repatriation and decolonisation through tangible, moveable objects, but alongside the intangible and immoveable. The Caribbean region has a diverse cultural heritage, encompassing the Indigenous, colonial, and post-colonial, embodied in a myriad of objects, including natural specimens, human remains, archaeological artefacts, artwork, decorative arts, and historical documents. These invaluable cultural assets dispersed in museums, cultural institutions, and private collections have typically originated from previous colonial spaces, leading to complex debates regarding capacities, rightful ownership, physical and intellectual authority, and preservation and conservation methodologies. A key trope against repatriation is the need for improved facilities and conservation expertise within the communities of origin. This chapter references the historical context of the Caribbean’s colonial past, underpinned by the legacy of enslavement, issues of displacement, and the consequential removal of artefacts, resources, and authority from the Caribbean region. It speaks to the colonial edict and the anthropological lens through which the “other” defined and interpreted the Caribbean (meaning the foreign, absentee, and governing minority). It examines how this historical inheritance has shaped contentious issues of provenance, rightful ownership, and governance as various island nations seek repatriation and reparations of their tangible and intangible cultural heritage. In short, it explores how Caribbean people are reclaiming their cultural authority. This chapter enters repatriation framed through an ideological standpoint in curatorial discourse as well as through conventional modes of returning objects to their communities of origin. © 2025 selection and editorial matter, Daniela Fifi; individual chapters, the contributors.",2025,2025-12-16 16:10:40,2025-12-16 16:10:40,,57 - 73,,,,,,,,,,,,,,,,,,,,Type: Book chapter,,,,Heritage conservation; Cultural institutions; Cultural heritages; Historic preservation; Human remains; Archaeological artifacts; Critical issues; Cultural assets; Decorative arts; Historical documents; Rightful ownership,,,,,,,,,,,,,,,,,,,,,,,,,,,,,,,,,,,,,,,,,,,,,,,,134,1,2026-07-06 14:20:19,
926,2T4259ZH,journalArticle,2024.0,"Hölling, Hanna; Feldman, Jules Pelta; Magnin, Emilie","Performance: The Ethics and the Politics of Conservation and Care, Volume II",,,,10.4324/9781003467809,https://www.scopus.com/inward/record.uri?eid=2-s2.0-85211856072&doi=10.4324%2F9781003467809&partnerID=40&md5=0a780d2117ca9aff58c56323ed59f01c,"Representing the output of the research project “Performance: Conservation, Materiality, Knowledge,” this volume brings together diverse voices, methods, and formats in the discussion and practice of performance conservation. Conservators, artists, curators and scholars explore the ontology of performance art through its creation and institutionalization into an astonishing range of methods and approaches for keeping performance alive and well, whether inside museum collections or through folk traditions. Anchored in the disciplines of contemporary art conservation, art history, and performance studies, the contributions range far beyond these to include perspectives from anthropology, musicology, dance, law, heritage studies, and other fields. While its focus is on performance as understood in the context of contemporary art, the book’s notion of performance is much wider, including other media such as music, theater, and dance as well as an open-ended concept of performance as a vital force across culture(s). While providing cutting-edge research on an emerging and important topic, this volume remains accessible to all interested readers, allowing it to serve as a singularly valuable resource for museum professionals, scholars, students, and practitioners. © 2025 selection and editorial matter, Hanna B. Hölling, Jules Pelta Feldman, and Emilie Magnin; individual chapters, the contributors.",2024,2025-12-16 16:10:55,2025-12-16 16:10:55,,1 - 319,,,2,,,,,,,,,,,,,,,,,Type: Book,,,,,,,,,,,,,,,,,,,,,,,,,,,,,,,,,,,,,,,,,,,,,,,,,,,,926,1,2026-07-06 14:20:21,
925,692AXVYN,journalArticle,2024.0,"Hölling, Hanna; Feldman, Jules Pelta; Magnin, Emilie",Introduction: Sustaining care for performance,,,,10.4324/9781003467809-1,https://www.scopus.com/inward/record.uri?eid=2-s2.0-85211885033&doi=10.4324%2F9781003467809-1&partnerID=40&md5=b05e194237aff8d0e81aae7dd7de09ab,"This introduction opens the anthology Performance: The Ethics and the Politics of Conservation and Care, volume II. The book builds upon the groundwork laid by its predecessor, volume I, which explored the intersection of performance, conservation, and care. Resulting from an interdisciplinary research project, “Performance: Conservation, Materiality, Knowledge,” both books take a deep dive into the complexities of preserving performance-based art, challenging conventional conservation norms and expanding the horizons of what can be conserved. Volume II continues this exploration, offering perspectives from various geographical, thematic, and philosophical angles. It explores ritual, music, community traditions, contemporary museum practices, and experimental art forms, presenting an innovative methodology for comprehending the potential of performance conservation within the domains of art, museums, and beyond. At the heart of this volume’s introduction lies the concept of ‘care ethics,' which underscores both the pragmatic and emotional facets of care. Drawing inspiration from feminist care theorists like Virginia Held, Eva Feder Kittay, and Joan C. Tronto, the authors scrutinize care as a fundamental moral framework underpinning human interdependence and relationships with the world, and as a notion that stretches beyond artworks themselves to encompass living bodies, artists, performers, and communities. The introduction spotlights the disparities within the art world, where issues like low wages and the exploitation of museum staff are rampant. It calls for a comprehensive understanding of care that values and supports the labor of all museum stakeholders. The concept of ‘shared guardianship’ is explored as museums collaborate with external groups and individuals to care for their collections, nurturing diverse perspectives and expertise. The text also acknowledges the political dimension of care, as the selection of works for preservation involves choices that can either be inclusive or exclusive. It underscores the challenges faced by works from marginalized groups and those resistant to dominant art-historical narratives, highlighting that loss often occurs due to discrimination within historicization. The authors challenge the dominance of Western-centric perspectives in conservation and museum practices, advocating for a more inclusive and holistic approach to care that transcends binaries and embraces the responsibilities of care in human-decentered cosmologies. © 2025 selection and editorial matter, Hanna B. Hölling, Jules Pelta Feldman, and Emilie Magnin; individual chapters, the contributors.",2024,2025-12-16 16:10:55,2025-12-16 16:10:55,,1 - 24,,,2,,,,,,,,,,,,,,,,,Type: Editorial,,,,,,,,,,,,,,,,,,,,,,,,,,,,,,,,,,,,,,,,,,,,,,,,,,,,925,1,2026-07-06 14:20:31,
1316,DUGYNT5W,journalArticle,2024.0,"Magnin, Emilie",Performance in the museum: Shifting roles in performance art stewardship,,,,10.4324/9781003467809-9,https://www.scopus.com/inward/record.uri?eid=2-s2.0-85211888208&doi=10.4324%2F9781003467809-9&partnerID=40&md5=8b384f3e56a5ce9bcaac3e6b30294a7e,"This chapter explores how live performance escapes the traditional museum’s temporality of storage and exhibition and resists the standard processes of musealization. It argues that performance ultimately calls for alternative models of care and stewardship. Case studies point toward new collective ways of owning and caring, but also underline the difficulties that hinder essential changes. Finally, to suggest how performance could be collectively cared for and could endure differently, this chapter will present the idea of mycelium as a distributed, resilient, and living system that survives and expands in various ways-much like performance itself. © 2025 selection and editorial matter, Hanna B. Hölling, Jules Pelta Feldman, and Emilie Magnin; individual chapters, the contributors.",2024,2025-12-16 16:11:00,2025-12-16 16:11:00,,141 - 161,,,2,,,,,,,,,,,,,,,,,Type: Book chapter,,,,,,,,,,,,,,,,,,,,,,,,,,,,,,,,,,,,,,,,,,,,,,,,,,,,1316,1,2026-07-06 14:20:38,
2240,576X6XMT,journalArticle,2021.0,"Veldpaus, Loes; Szemző, Hanna","HERITAGE AS A MATTER OF CARE, AND CONSERVATION AS CARING FOR THE MATTER",,,,10.4324/9781003031536-194,https://www.scopus.com/inward/record.uri?eid=2-s2.0-85136701070&doi=10.4324%2F9781003031536-194&partnerID=40&md5=2c8b56df2b75ea4cb2de6116c13019e9,"In this chapter we explore how care, as a concept, can help create new perspectives on our relations with the historic environment, and more specifically practices of adaptive reuse of built heritage. We argue that using the concept of ‘care’ instead of ‘protection’ as a frame for how we approach and deal with heritage can change how we conceptualize and undertake conservation as a practice. We illustrate our thinking through two case studies: High Street West, Sunderland (United Kingdom) and Hof Prädikow in Prädikow near Berlin (Germany). By conceptually (re)framing heritage as what María Puig de la Bellacasa calls a ‘matter of care, ' and conservation practices as the ways we care about, for, or through heritage, we explore how an ethics of care perspective can help to rethink the ways we deal with our built heritage. © 2022 selection and editorial matter, Angelika Gabauer, Sabine Knierbein, Nir Cohen, Henrik Lebuhn, Kim Trogal, Tihomir Viderman, and Tigran Haas; individual chapters, the contributors.",2021,2025-12-16 16:11:11,2025-12-16 16:11:11,,194 - 203,,,,,,,,,,,,,,,,,,,,Type: Book chapter,,,,,,,,,,,,,,,,,,,,,,,,,,,,,,,,,,,,,,,,,,,,,,,,,,,,2240,1,2026-07-06 14:20:44,
215,BJYT8XGB,journalArticle,2024.0,"Boersma, Susanne; Tietmeyer, Elisabeth",Ethical practices in participatory memory work: Examples from the Museum Europäischer Kulturen in Berlin,,,,10.4324/9781003459163-5,https://www.scopus.com/inward/record.uri?eid=2-s2.0-85209867586&doi=10.4324%2F9781003459163-5&partnerID=40&md5=ca4a50f91d3c70a3a76be88db6274b01,"Ethics in museums often sit at the heart of discussions about collecting practices and questions of repatriation, yet their role in other museum practices rarely gains attention in the field. International and national codes of ethics have recently begun to be revised to ensure that they reflect the social responsibility of museums, such as through guidelines on the relational aspect of (participatory) museum work. Recent studies point to the relevance of ethics in participatory museum work without clearly describing the practical application of (old or revised) ethical principles. Equally, museum practitioners rarely prioritise ethics in their day-to-day work. However, as museums increasingly apply participatory approaches, their staff should consider the different ethical practices that require their attention, amongst which are accessibility, truthful representation, positionality, and care. This chapter provides a basis for the work that is yet to be done to ensure ethical practices for all those involved and proposes a participatory approach to defining the ethical considerations for a project. In this chapter, we discuss different codes of conduct and assess how these shape the practices that are part of participatory projects today. Rather than further theorising ethics, we build on practical examples from different participatory projects. From participation as a necessary means to truthful representation to consent forms as integral to the practice of care, the examples drawn from the work of the Museum Europäischer Kulturen - Staatliche Museen zu Berlin, Stiftung Preußischer Kulturbesitz highlight different tools and procedures that ensure ethical practices in museums. In doing so, this practice-based chapter points to processes of learning and discusses how ethical codes and practices can be tailored to support the museum’s participatory work in the future. © 2025 selection and editorial matter, Gertraud Koch and Rachel Charlotte Smith; individual chapters, the contributors.",2024,2025-12-16 16:10:42,2025-12-16 16:10:42,,57 - 73,,,,,,,,,,,,,,,,,,,,Type: Book chapter,,,,,,,,,,,,,,,,,,,,,,,,,,,,,,,,,,,,,,,,,,,,,,,,,,,,215,1,2026-07-06 14:20:51,
1553,I4XL72A5,journalArticle,2025.0,"Norris, Debra Hess; Brown, Heather; Cunningham-Kruppa, Ellen; Price, Lee; Lim, Cheralyn; Kehoe, Amber; Pénichon, Sylvie; Brogdon-Grantham, Shannon A.; Vasallos, Ioannis; Celma, Marta García; Norris, Robert; Hage-Felder, Heba","PRACTICING ADVOCACY, ADVANCING STRATEGIC PRESERVATION, AND DEVELOPING OUTREACH INITIATIVES",,,,10.4324/9781003096108-7,https://www.scopus.com/inward/record.uri?eid=2-s2.0-105004084864&doi=10.4324%2F9781003096108-7&partnerID=40&md5=da17ef83eba422ea621c67e0f5b4948a,"While much of this book describes the work of photograph conservators, this chapter addresses the broader audience of photograph collection caretakers: conservators, collection managers, archivists, librarians, and any other professionals or community members responsible for the care and preservation of photographic holdings. Caretakers do not operate in isolation. Rather, they connect with decision makers, allied professionals, and communities simultaneously to promote the care of our photographic heritage. By working together, these collections will be revealed, documented, and preserved. Aiming to advance the worth and meaning of photograph and image collections worldwide, photograph caretakers can help to imagine and initiate a range of educational partnerships and preservation projects. As advocates for photograph preservation, caretakers work with others to build visibility through marketing and social media, establish practical short-and long-term implementation plans, communicate effectively, promote respect, harness passion and creativity, and take risks. Through active listening, strategic leadership, advocacy, collaboration, and community engagement, the practice of photograph preservation and conservation can cross boundaries, build trust, and bridge divides. Strategies introduced in this chapter aim to strengthen and enrich this essential work, and to inspire you to practice advocacy and pursue strategic outreach initiatives of your own. © 2025 selection and editorial matter, Debra Hess Norris, Nora W. Kennedy and Bertrand Lavédrine; individual chapters, the contributors.",2025,2025-12-16 16:11:03,2025-12-16 16:11:03,,451 - 508,,,,,,,,,,,,,,,,,,,,Type: Book chapter,,,,Decision making; Social media; Active listening; Decision makers; Educational partnerships; Image collections; Marketing media; Preservation project; Strategic collaboration; Strategic communities; Strategic leadership,,,,,,,,,,,,,,,,,,,,,,,,,,,,,,,,,,,,,,,,,,,,,,,,1553,1,2026-07-06 14:21:09,
1008,MDE56ZPH,journalArticle,2024.0,"Jenkins, Samantha",Problem Plastics at the People’s History Museum,,,,10.4324/9781003393733-14,https://www.scopus.com/inward/record.uri?eid=2-s2.0-85212022861&doi=10.4324%2F9781003393733-14&partnerID=40&md5=acada4ff68c798252eb31582008b70e5,"Plastic-based objects have become increasingly common over the last 50 years, and inevitably museums must collect plastic objects if they are to represent contemporary society. Many of these plastics, however, are inherently unstable and will deteriorate at an accelerated rate, even with strong conservation care. How, then, can museums balance the need to represent the world around them, with ensuring the safety of the objects in their collection, and the knowledge that plastic materials will eventually degrade too far for use? Using a case study at People’s History Museum, this paper looks at how museums can approach collecting contemporary plastic objects to balance the desire to collect with the reality of resourcing requirements and availability in the museum sector. People’s History Museum has been able to build a strong foundation for these decisions by creating an assessment matrix, a dedicated policy for collecting plastics and an in-depth procedure for both acquisition assessment and continuing care. While the decisions were made based on plastic materials, these also heralded a change in attitude towards collections and deaccessioning overall, necessitating a rethink of what it means to hold objects ‘in perpetuity’, and considering what the base reasons for collecting any object truly is. © 2025 selection and editorial matter, Jen Kavanagh, Ellie Miles, Rosamund Lily West with Susanna Cordner; individual chapters, the contributors.",2024,2025-12-16 16:10:57,2025-12-16 16:10:57,,98 - 104,,,,,,,,,,,,,,,,,,,,Type: Book chapter,,,,,,,,,,,,,,,,,,,,,,,,,,,,,,,,,,,,,,,,,,,,,,,,,,,,1008,1,2026-07-06 14:21:56,
680,Y7VBHDAP,journalArticle,2025.0,"Fifi, Daniela",Forging Community and Cultural Identity during a Pandemic: Collection Digitisation in Haiti and Barbados,,,,10.4324/9781003393795-5,https://www.scopus.com/inward/record.uri?eid=2-s2.0-105004087385&doi=10.4324%2F9781003393795-5&partnerID=40&md5=38c04fa76cf1459760f5ead576790c98,"The spread of the SARS-CoV-2 virus was an unexpected crisis for countries worldwide. Museums faced many challenges, including closures, funding shortages, cutting staff, and care for their collections. Digitisation proposed a viable means of providing access to programming, collection preservation, and community engagement. This chapter examines the various ways Caribbean museums overcame hurdles through the pandemic, which is argued to be an ongoing challenge for many museums today. It will explore the various digitisation efforts that enhanced collection preservation, repatriation efforts, community dialogue, and cultural identity building. Case studies of Musée Ogier-Fombrun in Haiti and the Barbados Mercury Gazette at the Barbados Archives will be examined, and the theoretical framing of Stuart Hall will be reviewed for cultural identity considerations. © 2025 selection and editorial matter, Daniela Fifi; individual chapters, the contributors.",2025,2025-12-16 16:10:51,2025-12-16 16:10:51,,38 - 53,,,,,,,,,,,,,,,,,,,,Type: Book chapter,,,,Digitisation; Cultural identity; Case-studies; Fundings; Community engagement; Community dialogues; Community identities,,,,,,,,,,,,,,,,,,,,,,,,,,,,,,,,,,,,,,,,,,,,,,,,680,1,2026-07-06 14:22:04,
1051,WFIF9U57,journalArticle,2024.0,"Kane, Natalie; Gardner, Corinna; Park, Juhee",Social media enters the museum: Collecting WeChat at the Victoria and Albert Museum,,,,10.4324/9781003424703-8,https://www.scopus.com/inward/record.uri?eid=2-s2.0-85204857004&doi=10.4324%2F9781003424703-8&partnerID=40&md5=f896504a8db38f71c4afbfb4e0cf8e04,"This chapter examines approaches to digital collecting that prioritize an understanding of design and its interconnection to society at the Victoria and Albert Museum (V&A) in London. The V&A curators’ commitment to capturing design experience and its associated network of use and influence, alongside the digital objects themselves, underpins the museum’s expansive understanding of design and its relationship to contemporary society. Taking the V&A’s Collections Development Policy as a starting point, this chapter explains its motivations and makes a case for the scope and boundaries of digital collecting within the context of a museum specializing in design. Case studies focusing on two digital objects, the iPhone and WeChat, acquired as part of the museum collection, illustrate how the V&A’s approach to digital collecting brings with it both new opportunities and challenges. These include capturing the ecology of digital design and constructing forms of display and interpretation that consider the social life of an object, its users, and the contexts of its creation and functions. The chapter also looks at some of the challenges that inevitably affect the collection of complex objects, such as ownership, the role of the technology’s user in understanding the design of an object, the place of platforms and corporate intermediaries, and representing distributed experiences. This chapter shares lessons learnt from hands-on curatorial practice, and point to issues and concerns raised in this emerging field of digital collecting, in particular the stewardship and meaningful interpretation of objects in the museum’s care. It concludes with future research agendas and suggested directions. © 2025 selection and editorial matter, Simone Natale, Petrina Foti, Ross Parry.",2024,2025-12-16 16:10:57,2025-12-16 16:10:57,,49 - 58,,,,,,,,,,,,,,,,,,,,Type: Book chapter,,,,,,,,,,,,,,,,,,,,,,,,,,,,,,,,,,,,,,,,,,,,,,,,,,,,1051,1,2026-07-06 14:22:10,
227,6YT7F29V,journalArticle,2020.0,"Bonney, Heather E.; Bekvalac, Jelena J.; Phillips, Carina",Human Remains in Museum Collections in the United Kingdom,,,,10.1007/978-3-030-32926-6_10,https://www.scopus.com/inward/record.uri?eid=2-s2.0-85105483042&doi=10.1007%2F978-3-030-32926-6_10&partnerID=40&md5=9a6239595714f7644104e304c83442f1,"Human remains collections can be found in museums, university departments, and even private collections across the UK. These collections pose many ethical challenges in their management and care, many unique to human remains, which can differ according to the type of holding institution, nature of the collection, and the way in which it is used or studied. These collections are often associated with legacies of poor ethical standards, particularly in terms of early collecting practices. This chapter will explore these factors and the challenges they pose. In the modern context of fluid socio-political and cultural change, museums and other holding institutions are faced with ever-changing external influences and must be able to respond in a dynamic and transparent way. This chapter will also discuss the ethical care and curation of human remains collections in UK museums and other repositories, with a focus on collections acquired and/or curated in England where reference to legislation concerning the care and management of collections is required. Finally, it will explore the concept of harm to communities, public and to science, that can be caused by a lack of transparency and poor decision and policy making with regard to human remains collections. © Springer Nature Switzerland AG 2019, corrected publication 2020.",2020,2025-12-16 16:10:42,2025-12-16 16:10:42,,211 - 237,,,,,,,,,,,,,,,,,,,,Type: Book chapter,,,,,,,,,,,,,,,,,,,,,,,,,,,,,,,,,,,,,,,,,,,,,,,,,,,,227,1,2026-07-06 14:22:26,
2161,J2P76C22,journalArticle,2024.0,"Tran, Quoc Tan",Situating participation in the backstage: Infrastructural settings impacting museum work,,,,10.4324/9781003459163-4,https://www.scopus.com/inward/record.uri?eid=2-s2.0-85209839531&doi=10.4324%2F9781003459163-4&partnerID=40&md5=1a2b9810d4262b12fa42b66727bbcc6f,"This chapter explores the multifaceted dynamics of museum infrastructure extending beyond institutional and departmental boundaries. It addresses the methodological challenges encountered in delving into the backstage operations and practices of the museum staff who meticulously care for objects - the activities that underpin the public-facing practices of object display, engagement, and outreach. The chapter elucidates how an infrastructure studies approach can aid the critical examination of museum work from the perspective of those directly involved in daily operations. Analysing the case of digital transformation at a museum in Berlin, the chapter unveils a complex interplay of tensions, ambiguities, and local adaptations within museum settings. This interplay reflects ongoing negotiations between traditional heritage practices, the contemporary agenda of digital transformation, and the emergence of novel professional roles. © 2025 selection and editorial matter, Gertraud Koch and Rachel Charlotte Smith; individual chapters, the contributors.",2024,2025-12-16 16:11:10,2025-12-16 16:11:10,,40 - 56,,,,,,,,,,,,,,,,,,,,Type: Book chapter,,,,,,,,,,,,,,,,,,,,,,,,,,,,,,,,,,,,,,,,,,,,,,,,,,,,2161,1,2026-07-06 14:22:45,
886,SJIVCVRE,journalArticle,2021.0,"Haynes, Rachael","Threads of Resistance: Feminist activism, collaborative making and care ethics",,,,10.4324/9781003167556-12,https://www.scopus.com/inward/record.uri?eid=2-s2.0-85128992943&doi=10.4324%2F9781003167556-12&partnerID=40&md5=3cf30d6554f48ebaae7c5e60231bb311,"This chapter addresses the dual concerns of activism and care ethics through an investigation of collaborative, craft-based strategies in contemporary feminist art practice. Through an intergenerational and intersectional feminist approach, Threads of Resistance reconsiders the relationship between activism and care. The chapter examines how the tactics play out in the space of educational engagement in the contemporary art museum and how the ‘maker space’ offers an inclusive framework for conversations about social justice, voices of difference and an ethics of care. The primary connection between caring and action is also at the heart of ‘ethical caring’: it is the call to take action, to move beyond concern, and to demonstrate and enact care that is vital. For Joan Tronto, to shift the emphasis of daily life in its political, social and economic forms to one focused on care would “transform” our current boundaries, such that the “world will look different.”. © 2022 selection and editorial matter, Jacqueline Millner and Gretchen Coombs; individual chapters, the contributors.",2021,2025-12-16 16:10:54,2025-12-16 16:10:54,,119 - 130,,,,,,,,,,,,,,,,,,,,Type: Book chapter,,,,,,,,,,,,,,,,,,,,,,,,,,,,,,,,,,,,,,,,,,,,,,,,,,,,886,1,2026-07-06 14:22:59,
1477,CKT4XESE,journalArticle,2020.0,"Morse, Nuala",The museum as a space of social care,,,,10.4324/9781315461403,https://www.scopus.com/inward/record.uri?eid=2-s2.0-85096278033&doi=10.4324%2F9781315461403&partnerID=40&md5=3b351e99b17d60e3ad9b8484f374de4e,"This book examines the practice of community engagement in museums through the notion of care. It focuses on building an understanding of the logic of care that underpins this practice, with a view to outlining new roles for museums within community health and social care. This book engages with the recent growing focus on community participation in museum activities, notably in the area of health and wellbeing. It explores this theme through an analysis of the practices of community engagement workers at Tyne & Wear Archives & Museums in the UK. It examines how this work is operationalised and valued in the museum, and the institutional barriers to this practice. It presents the practices of care that shape community-led exhibitions, and community engagement projects involving health and social care partners and their clients. Drawing on the ethics of care and geographies of care literatures, this text provides readers with novel perspectives for transforming the museum into a space of social care. This book will appeal to museum studies scholars and professionals, geographers, organisational studies scholars, as well as students interested in the social role of museums. © 2021 Nuala Morse.",2020,2025-12-16 16:11:02,2025-12-16 16:11:02,,1 - 224,,,,,,,,,,,,,,,,,,,,Type: Book,,,,,,,,,,,,,,,,,,,,,,,,,,,,,,,,,,,,,,,,,,,,,,,,,,,,1477,1,2026-07-06 14:23:01,
976,ZW8ZARU5,journalArticle,2023.0,"Irving, Cat",CONSERVING THE HUMANITY OF HUMAN REMAINS,,,,10.4324/9781003195870-4,https://www.scopus.com/inward/record.uri?eid=2-s2.0-85165334871&doi=10.4324%2F9781003195870-4&partnerID=40&md5=3b5255213e1c892c839bc567a8087926,"This chapter looks at the history of preservation methods that can be seen in medical museums in Scotland, and the ways conservation work on human remains is essential to the respect necessary to their intrinsic humanity. Human remains in museums have the unique status of being both an object embodying historic and scientific ideas, and actually being the physical vestiges of a person. Conservation work of human remains has to balance a tightrope of care and respect. Where fluid preservation is involved it is possibly less accurate to think of it as conservation in the truest sense, and more a constant maintenance of the conditions suitable to preservation. Rafaela Ferraz described conservation on the head of Portuguese serial killer Diogo Alvez as “Rather than an act of museological preservation, it felt like an act of kindness towards a fellow human being,” which poetically encapsulates this dichotomy. © 2024 selection and editorial matter, Trish Biers and Katie Stringer Clary; individual chapters, the contributors.",2023,2025-12-16 16:10:55,2025-12-16 16:10:55,,26 - 36,,,,,,,,,,,,,,,,,,,,Type: Book chapter,,,,,,,,,,,,,,,,,,,,,,,,,,,,,,,,,,,,,,,,,,,,,,,,,,,,976,1,2026-07-06 14:23:08,
2439,TJT33X2X,journalArticle,2023.0,,CARE AS FLOURISHING,,,,10.4324/9781003281351-10,https://www.scopus.com/inward/record.uri?eid=2-s2.0-85183224964&doi=10.4324%2F9781003281351-10&partnerID=40&md5=71f8cc56839dcd69714c502ccaadb331,"Care in museums is not a new concept. For many years, museums have talked about “collections care” when it comes to the preservation, conservation, and management of museum objects. Buse et al. expand our notions of “materialities of care” to three interlocking strands, which include spatialities of care, temporalities of care, and practices of care. Contemporary use of empathy involves the capacity to share other people's feelings, to take on others’ perspectives and resonate with how they feel. Museums are uniquely positioned to spark empathy. Self-care is a broad concept that refers to individual responsibility for promoting a healthy lifestyle required for optimal functioning. It involves both the ability to care for oneself and doing the activities necessary to achieve, maintain, or promote optimal health. In a healthy person, self-care is aimed at maintaining physical, psychological, social, and spiritual well-being. © 2024 selection and editorial matter, Kiersten F. Latham and Brenda Cowan; individual chapters, the contributors.",2023,2025-12-16 16:11:13,2025-12-16 16:11:13,,51 - 57,,,,,,,,,,,,,,,,,,,,Type: Book chapter,,,,,,,,,,,,,,,,,,,,,,,,,,,,,,,,,,,,,,,,,,,,,,,,,,,,2439,1,2026-07-06 14:23:31,
2083,4WDMS278,journalArticle,2022.0,"Summers, John",Making Sense of Your Community Museum Collection: Strategies for Stuff Management,,,,10.4324/9781003216384-2,https://www.scopus.com/inward/record.uri?eid=2-s2.0-85142559626&doi=10.4324%2F9781003216384-2&partnerID=40&md5=3a5e16bcc0632bc8a00e9c618488e64f,"The chapter gives a comprehensive review of museum collecting concerns as well as the importance of how these are, or should be, managed. Getting collections is the first step in a museum’s stewardship duty. Everything else museums do flows from what is accomplished by this. The author describes the range of problematic collection realities museums often face, especially those devoted to local or regional history. While the various scenarios may seem apocryphal, in fact they are quite honest. They are based on extensive experience improving a range of collection management challenges. Positive outcomes of collection retention stem from how they are acquired. Indeed, one of the most important considerations museums must understand is how they can, or cannot, properly care for potential acquisitions. © 2022 selection and editorial matter, Steven Miller; individual chapters, the contributors.",2022,2025-12-16 16:11:08,2025-12-16 16:11:08,,12 - 21,,,,,,,,,,,,,,,,,,,,Type: Book chapter,,,,,,,,,,,,,,,,,,,,,,,,,,,,,,,,,,,,,,,,,,,,,,,,,,,,2083,1,2026-07-06 14:23:51,
1187,U4NVQ2QQ,journalArticle,2023.0,"Latham, Kiersten F.; Cowan, Brenda",FLOURISHING IN MUSEUMS: Towards a Positive Museology,,,,10.4324/9781003281351,https://www.scopus.com/inward/record.uri?eid=2-s2.0-85183223752&doi=10.4324%2F9781003281351&partnerID=40&md5=61a8351029168307c5b829465d2538ab,"Flourishing in Museums presents the Flourishing Museum Framework, an interdisciplinary model for reflection and practice. Illustrated via a diversity of international examples, the framework demonstrates how museums can meaningfully address the many challenges facing the profession. Including contributions from a wide range of scholar-practitioners working across the arts, humanities, sciences, education, business, and mental health disciplines, the volume uses abundance-thinking and takes a strengths-based appreciative approach to museum purpose, function, and being. The book demonstrates that, even within the most difficult climates, abundance-oriented methods and perspectives can inspire and elicit flourishing in visitors, staff, and communities, thus positioning museums as places where people find meaningful and purposeful work and where visitors find satisfaction, meaning, inspiration, and motivation. Drawing from the disciplines of positive psychology, positive organizational scholarship, contemplative studies, and museum studies, the book is unified and organized into six thematic areas that comprise the Flourishing Museum Framework: courage, transformation, care, optimism, gratitude, and delight. Flourishing in Museums will be essential reading for academics and students working in the museum and heritage fields, as well as the cognate disciplines of arts management and creative industries. It will also be useful to practitioners working in museums and heritage sites around the world. © 2024 selection and editorial matter, Kiersten F. Latham and Brenda Cowan; individual chapters, the contributors.",2023,2025-12-16 16:10:58,2025-12-16 16:10:58,,1 - 262,,,,,,,,,,,,,,,,,,,,Type: Book,,,,,,,,,,,,,,,,,,,,,,,,,,,,,,,,,,,,,,,,,,,,,,,,,,,,1187,1,2026-07-06 14:23:55,
2442,4VEF5UL9,journalArticle,2024.0,,OVERVIEW,,,,10.4324/9781003358787-20,https://www.scopus.com/inward/record.uri?eid=2-s2.0-85195758740&doi=10.4324%2F9781003358787-20&partnerID=40&md5=c520691c7e76e484abc2ff1db5421181,"During the twenty-first century, conservation has become increasingly attuned to the important relationships between individuals, communities, and cultural heritage collections. Partnerships between conservators, communities, and artists have enriched our ability to care for heritage textiles. Many museums and conservators are seeking strategies for the ethical care of captured collections in colonial institutions. Three case studies by Heald; Te Kanawa, Collinge, Blair, and Peranteau; and Stephens demonstrate how conservators can take an active and positive role in ongoing work to foster better relationships between colonial museums and Indigenous communities. Conservators are also called on to care for textiles that come from religious, civic, and military contexts. Three case studies by Rendell, Emery, Scott, and Devenport; van Enckevort, Rumsey, and Gillions; and McLaughlan, Orbell, and Peranteau detail how textile conservators can support community-centred access and preservation. The case study by Barlow provides insight into how conservators can collaborate with contemporary artists and act as informed stewards for their pieces in institutional collections. © 2024 selection and editorial matter, Frances Lennard, Patricia Ewer and Laura Mina; individual case studies, the contributors.",2024,2025-12-16 16:11:13,2025-12-16 16:11:13,,159 - 164,,,,,,,,,,,,,,,,,,,,Type: Book chapter,,,,,,,,,,,,,,,,,,,,,,,,,,,,,,,,,,,,,,,,,,,,,,,,,,,,2442,1,2026-07-06 14:24:00,
2441,GKTZS79R,journalArticle,2023.0,,INTRODUCTION: The Flourishing Museum Framework,,,,10.4324/9781003281351-2,https://www.scopus.com/inward/record.uri?eid=2-s2.0-85183235365&doi=10.4324%2F9781003281351-2&partnerID=40&md5=547639932474a6ce81c4f500c5be80fc,"The concept of flourishing in museums and the global diversity of illustrative examples provided within this volume use abundance-thinking and a strengths-based appreciative approach to museum purpose, function, and being. Even within the most difficult contexts, abundance-oriented methods and perspectives can inspire and elicit flourishing in visitors, staff, and communities, positioning museums as places where people find meaningful and purposeful work and where visitors find meaning. Museums can enable visitors to flourish across the whole range of topics, when confronted with highly sensitive subjects and challenging perspectives, as well as with lighter fare. Likewise, the synthesis of the tremendous amount of research could help museum workers guide their own practice at work and cultivate a culture of care in museum work. Recognizing museums as complex, dynamic systems allows us insight into the connections and causes for why things exist as they do and gives us the power to make choices that lead to change. © 2024 selection and editorial matter, Kiersten F. Latham and Brenda Cowan; individual chapters, the contributors.",2023,2025-12-16 16:11:13,2025-12-16 16:11:13,,3 - 16,,,,,,,,,,,,,,,,,,,,Type: Book chapter,,,,,,,,,,,,,,,,,,,,,,,,,,,,,,,,,,,,,,,,,,,,,,,,,,,,2441,1,2026-07-06 14:24:02,
2416,MW4VD8IV,journalArticle,2023.0,"Zimmermann, Corinne",CULTIVATING COMPASSION IN THE MUSEUM WORKPLACE,,,,10.4324/9781003281351-12,https://www.scopus.com/inward/record.uri?eid=2-s2.0-85183246809&doi=10.4324%2F9781003281351-12&partnerID=40&md5=04ed8089173ff03b4173c9e4dc8be6f1,"Often invisible to audiences, it is the museum staff who keep museums running and functioning smoothly. Yet, much focus and effort go into creating successful visitor experiences. In order to enable flourishing in visitors, museums need to enable it in their employees. In this chapter, Zimmerman addresses the care of museum staff and the need for creating a psychologically safe environment, providing practical strategies for cultivating a healthy workplace. With methods from her work with healthcare teams, she offers insights and designs for creativity, connection, compassion, and resilience in museum workers and teams. © 2024 selection and editorial matter, Kiersten F. Latham and Brenda Cowan; individual chapters, the contributors.",2023,2025-12-16 16:11:13,2025-12-16 16:11:13,,64 - 71,,,,,,,,,,,,,,,,,,,,Type: Book chapter,,,,,,,,,,,,,,,,,,,,,,,,,,,,,,,,,,,,,,,,,,,,,,,,,,,,2416,1,2026-07-06 14:24:05,
836,XM9T8AH8,journalArticle,2024.0,"Guidess, Gretchen",TO REVEAL AND NOT OBSCURE: Balancing conservation and visual access,,,,10.4324/9781003358787-11,https://www.scopus.com/inward/record.uri?eid=2-s2.0-85195742179&doi=10.4324%2F9781003358787-11&partnerID=40&md5=ba6cebf0d4bb77b8d612e93691769cfb,"The collections of The Colonial Williamsburg Foundation play a vital role in serving its educational mission. In addition to being displayed in regularly changing exhibitions in one of three dedicated textile galleries in the Abby Aldrich Rockefeller Folk Art Museum and the DeWitt Wallace Decorative Arts Museum, the collection of historic garments and textiles is routinely examined by Foundation staff. Curators, historic tradespeople and the team that creates wardrobes for costumed interpreters all use the collection to inform their work. The collection is also available to and regularly accessed by visiting scholars and students. This frequent access to the collection for rigorous scholarship shapes all preservation decisions, from methods of storage to treatment intervention. Textile conservation staff regularly confer with these groups of dedicated stakeholders to devise conservation treatments that serve the long-term preservation goals of collection’s care while providing the visual access required for the study and deeper understanding of the collection. This has resulted in a range of storage methods, display mounts and a body of priorities and considerations that guide treatment of the collection. © 2024 selection and editorial matter, Frances Lennard, Patricia Ewer and Laura Mina; individual case studies, the contributors.",2024,2025-12-16 16:10:54,2025-12-16 16:10:54,,80 - 89,,,,,,,,,,,,,,,,,,,,Type: Book chapter,,,,,,,,,,,,,,,,,,,,,,,,,,,,,,,,,,,,,,,,,,,,,,,,,,,,836,1,2026-07-06 14:25:31,
269,J2YZMCYH,journalArticle,2023.0,"Brown, Steve","FORGIVENESS: In Conversation With 3,397 Indigenous Stone Tools",,,,10.4324/9781003281351-14,https://www.scopus.com/inward/record.uri?eid=2-s2.0-85183261476&doi=10.4324%2F9781003281351-14&partnerID=40&md5=81b1f286dada32ef9c9ec8ca904e1c85,"Can objects forgive? Do museums and heritage sites have a right to ask Indigenous objects for their forgiveness? Why does repatriation of Indigenous objects focus on human remains and “secret/sacred” objects and not on those considered mundane or every day? And how can museological repatriation practices become enactments of care, respect, and mutual engagement? This piece will focus on the over 3,397 Indigenous stone tools that were collected (“salvaged”) for the Western Australian Museum over 44 years ago, and Steve Brown’s process of seeking their forgiveness for having been removed from the traditional country (or territories) of their Indigenous custodians. This piece will share methods in auto-ethnography, auto-hermeneutics, phenomenology, videography, contemplation, and practices linked to affect and emotion studies, to extend ideas of “return” to all Indigenous objects, especially those typically categorized as “archaeological.” The collection of stone tools will be explored as facilitators and mediators of “soft diplomacy” and human encounter, to enable conversations/dialogs between museums and Indigenous owners/custodians which can support the building of civil societies, including communities of peoples and objects. © 2024 selection and editorial matter, Kiersten F. Latham and Brenda Cowan; individual chapters, the contributors.",2023,2025-12-16 16:10:42,2025-12-16 16:10:42,,79 - 86,,,,,,,,,,,,,,,,,,,,Type: Book chapter,,,,,,,,,,,,,,,,,,,,,,,,,,,,,,,,,,,,,,,,,,,,,,,,,,,,269,1,2026-07-06 14:48:58,
1977,T96X8FRS,journalArticle,2024.0,"Silence, Patricia",PREVENTIVE CONSERVATION AT THE COLONIAL WILLIAMSBURG FOUNDATION,,,,10.4324/9781003358787-43,https://www.scopus.com/inward/record.uri?eid=2-s2.0-85195731756&doi=10.4324%2F9781003358787-43&partnerID=40&md5=1f8c8fa48c6fa1f0853aa546667b225e,"The Colonial Williamsburg Foundation implements a comprehensive preventive conservation programme to care for its diverse collections, including textiles found in archaeological, historical, fine art, and architectural categories. The programme involves collaboration among departments and trades within the institution, and addresses catastrophic risks, environmental damage, and routine collection maintenance. While antique textiles are rarely displayed due to their vulnerability, high-quality reproduction textiles are showcased throughout the Historic Area. The preventive conservation team, consisting of local employees with diverse skills, inspects, cleans, and gathers data on a daily basis. The programme emphasizes the long-term benefits of preventive conservation, preserving cultural heritage material for future generations. Disaster preparedness plans cover both natural and man-made disasters, with staff training and emergency supplies in place. Fire detection and suppression systems are carefully evaluated and maintained. The role of preventive conservators extends to building and mechanical systems design, lighting management, pest prevention, and integrated pest management. Technology and data analysis enhance the effectiveness of preventive conservation practices. In conclusion, the paper emphasizes the significance of preventive conservation in preserving textile collections and the need for collaboration, communication, and technological tools to achieve optimal collections care. © 2024 selection and editorial matter, Frances Lennard, Patricia Ewer and Laura Mina; individual case studies, the contributors.",2024,2025-12-16 16:11:07,2025-12-16 16:11:07,,364 - 371,,,,,,,,,,,,,,,,,,,,Type: Book chapter,,,,,,,,,,,,,,,,,,,,,,,,,,,,,,,,,,,,,,,,,,,,,,,,,,,,1977,1,2026-07-06 14:49:03,
1765,HM7E2FQM,journalArticle,2024.0,"Rasmussen, Briley A.; DiCindio, Carissa",Gathering Online: A Collaborative Project with Graduate Museum Education Students During COVID-19,,,,10.4324/9781003393191-4,https://www.scopus.com/inward/record.uri?eid=2-s2.0-85195745714&doi=10.4324%2F9781003393191-4&partnerID=40&md5=9e4850c7eece3ecbf93480f5584fa082,"This chapter discusses a project designed by two faculty in their art museum education courses respectively at the University of Texas at Austin and the University of Arizona requiring students from the two institutions to collaborate with one another and develop asynchronous virtual tours exploring collections on both campuses. Prior to the pandemic, each course included a project in which students developed in-person facilitated gallery experiences at a university art museum or gallery. These projects were adapted to create a single project across universities utilising online programmes and tools to collaborate virtually. Through this project, students considered how art museums can serve as sites for intentional gatherings through asynchronous digital experiences that focus on community and connection. They engaged with their university art museums through experiential learning opportunities focused on connection, health, and care. Finally, they examined how cross-university partnerships can build opportunities for peer learning, collaboration, and experimentation through new perspectives and voices. Through this collaboration, students engaged in participatory practices and multimodal learning opportunities; they gained multiple perspectives into gallery teaching and professional experience that they can take with them in the field. © 2024 selection and editorial matter, Leda Cempellin and Pat Crawford; individual chapters, the contributors. All rights reserved.",2024,2025-12-16 16:11:05,2025-12-16 16:11:05,,17 - 22,,,,,,,,,,,,,,,,,,,,Type: Book chapter,,,,,,,,,,,,,,,,,,,,,,,,,,,,,,,,,,,,,,,,,,,,,,,,,,,,1765,1,2026-07-06 14:49:14,
935,5QS3NQMQ,journalArticle,2024.0,"Howard, Sarah",WORKING WITH SYNTHETIC FIBRES: The response of textile conservation to twentieth-century dress,,,,10.4324/9781003358787-46,https://www.scopus.com/inward/record.uri?eid=2-s2.0-85195754784&doi=10.4324%2F9781003358787-46&partnerID=40&md5=a1e916a9842e6281be730a95b4d84237,"The introduction of synthetic fibres in the twentieth century, and their increasing use across the century for the manufacture of items of dress and accessories, create a diverse range of issues for their ongoing care and preservation. Increased awareness and understanding of the significance of the everyday, not just the couture, has increased the demand to view twentieth-century collections. Approaches to the conservation of such materials has led to an increasing bank of knowledge and experience, and scientific support has helped to understand the often complex array of synthetic materials that respond differently to the environment in which they are displayed and stored. This article offers a pragmatic approach to the preservation of synthetic materials, reviewing some of the most recent advances in scientific research and experiences gained to highlight the problems facing textile conservators today. Using a case study of storage in an independent museum to proffer solutions, the article examines preventive conservation measures and analyses their effectiveness in preserving twentieth-century synthetic materials. © 2024 selection and editorial matter, Frances Lennard, Patricia Ewer and Laura Mina; individual case studies, the contributors.",2024,2025-12-16 16:10:55,2025-12-16 16:10:55,,394 - 402,,,,,,,,,,,,,,,,,,,,Type: Book chapter,,,,,,,,,,,,,,,,,,,,,,,,,,,,,,,,,,,,,,,,,,,,,,,,,,,,935,1,2026-07-06 14:49:16,
1071,UZMHDDXH,journalArticle,2024.0,"Keefe, Anna Rose; Irvin, Kate; Urick, Jessica","INHERENT VICE, OR: How I learned to stop worrying and love shattered silk",,,,10.4324/9781003358787-12,https://www.scopus.com/inward/record.uri?eid=2-s2.0-85195767809&doi=10.4324%2F9781003358787-12&partnerID=40&md5=b3ce04574ac502c625b6d298148c0be9,"This case study describes a year-long project, ‘Inherent Vice’, at the Rhode Island School of Design (RISD) Museum, which engaged student artists with conservation and collections care work. As part of this initiative, conceived by conservators and curators in consultation with local artists and the RISD community, deaccessioned garments from the Museum’s collection were provided to students for creative exploration and reuse. These Gilded Age garments - featuring severe damage such as shattered silk, desiccated thread and other examples of inherent vice - became the basis for dialogue and reflection and were transformed into new works of art that interrogate historical legacy and missing narratives within museums. This case study summarizes the internal planning, community conversations, academic courses, and two exhibitions developed from this project. It argues that conservation thinking is a valuable addition to creative practice and that conservators should not view deterioration as a failure but rather as a jumping-off point where new ideas, new works, and new relationships can thrive. © 2024 selection and editorial matter, Frances Lennard, Patricia Ewer and Laura Mina; individual case studies, the contributors.",2024,2025-12-16 16:10:57,2025-12-16 16:10:57,,90 - 99,,,,,,,,,,,,,,,,,,,,Type: Book chapter,,,,,,,,,,,,,,,,,,,,,,,,,,,,,,,,,,,,,,,,,,,,,,,,,,,,1071,1,2026-07-06 14:49:22,
252,EL7SXJLV,journalArticle,2024.0,"Brennan, Julia M.",TEACHING PREVENTIVE CONSERVATION AND TEXTILE TREATMENTS IN ASIA AND AFRICA,,,,10.4324/9781003358787-63,https://www.scopus.com/inward/record.uri?eid=2-s2.0-85195754605&doi=10.4324%2F9781003358787-63&partnerID=40&md5=d9b58e78f3882e15a1656278b1528980,"Conservation training in global communities is about partnerships, identifying sustainable and local skills and materials, and above all respecting the cultural owners. While the cultures, climates, languages, material artefacts and institutions vary, the goals and needs are the same - to train in practical preventive care and textile conservation practices, build staff capacity, improve the methods and conditions for protecting cultural heritage and stimulate national policies for preservation. Working in situ and in collaboration with the stewards of culture has lifelong impacts; it fosters ongoing professional relationships, creative solutions to challenging problems and a flourishing exchange of knowledge and methods. Drawn from case studies in Bhutan, Algeria, Cambodia, Thailand and Laos, this case study proposes an approach for teaching both theories and practices that honour culture, religion and geography in order to creatively develop localized conservation solutions, while deepening skill sets and personal specializations. © 2024 selection and editorial matter, Frances Lennard, Patricia Ewer and Laura Mina; individual case studies, the contributors.",2024,2025-12-16 16:10:42,2025-12-16 16:10:42,,536 - 543,,,,,,,,,,,,,,,,,,,,Type: Book chapter,,,,,,,,,,,,,,,,,,,,,,,,,,,,,,,,,,,,,,,,,,,,,,,,,,,,252,1,2026-07-06 14:49:25,
950,7AQV2BSW,journalArticle,2024.0,"Hughes, Helen M.",INSTITUTIONAL DEVELOPMENTS AND THEIR EFFECT ON CONSERVATION POLICIES: The Cambusnethan Bog Burial Coat,,,,10.4324/9781003358787-3,https://www.scopus.com/inward/record.uri?eid=2-s2.0-85195751843&doi=10.4324%2F9781003358787-3&partnerID=40&md5=d61350438f60775c4d1065ad921d3a03,"This case history begins by looking at organizational developments in Glasgow Museums that have affected the role of the author as a textile conservator. The main body of the case history focuses on a coat worn by the man whose body was found in the Cambusnethan bog at Greenhead Moss. There is an account of the discovery of the body, early research and analysis of the body and clothing, past treatments and the author’s involvement with the coat. Sections on human remains and repatriation demonstrate Glasgow Museums’ responses to societal changes where there is a greater awareness and emotional concern for the care of human remains. The concluding discussion illustrates changes to the author’s role in relation to the coat, showing how communication and public engagement are increasingly important for a conservator, and the impact on decisions and thoughts about the future treatment and care of the coat. © 2024 selection and editorial matter, Frances Lennard, Patricia Ewer and Laura Mina; individual case studies, the contributors.",2024,2025-12-16 16:10:55,2025-12-16 16:10:55,,12 - 19,,,,,,,,,,,,,,,,,,,,Type: Book chapter,,,,,,,,,,,,,,,,,,,,,,,,,,,,,,,,,,,,,,,,,,,,,,,,,,,,950,1,2026-07-06 14:49:27,
1400,B5B48R7X,journalArticle,2024.0,"McLaughlan, Fiona; Orbell, Claire; Peranteau, Anne","THE SCOTS COLOURS AT TOITU OTAGO SETTLERS MUSEUM: Use, preservation and protocol",,,,10.4324/9781003358787-26,https://www.scopus.com/inward/record.uri?eid=2-s2.0-85195747114&doi=10.4324%2F9781003358787-26&partnerID=40&md5=65a1fa76466518d9fd5fd37f467cc0c5,"This paper explores the transfer of two Regimental flags, known as the ‘Scots Colours’, to the Toitu Otago Settlers Museum (TOSM) in New Zealand. The museum, founded in 1898, focuses on the history and heritage of Dunedin and the Otago region. The New Zealand Defence Force (NZDF) loaned the flags for long-term preservation. The event of laying up the flags at TOSM was celebrated with a parade and attended by dignitaries. The preservation and care of the flags involve adherence to NZDF protocols and museological practices. The flags are displayed annually for two weeks around Anzac Day, attracting numerous visitors. The museum ensures their protection while making them visible through elevated displays. Specific conditions, including consultation with the NZDF for public display and conservation treatment, are part of the loan agreement. The flags, pikes, and finials are stored separately in custom-made boxes and undergo regular monitoring and condition reporting. Access to the flags is facilitated for NZDF personnel, researchers, and the public, fostering a connection with former members of the NZ Scottish Regiment. Overall, the paper discusses the significance of the Scots Colours, their preservation at TOSM, the conservation treatment undertaken, and the collaboration between the museum and the NZDF in safeguarding these historical artefacts. © 2024 selection and editorial matter, Frances Lennard, Patricia Ewer and Laura Mina; individual case studies, the contributors.",2024,2025-12-16 16:11:02,2025-12-16 16:11:02,,212 - 221,,,,,,,,,,,,,,,,,,,,Type: Book chapter,,,,,,,,,,,,,,,,,,,,,,,,,,,,,,,,,,,,,,,,,,,,,,,,,,,,1400,1,2026-07-06 14:49:47,
425,5TTIQDPS,journalArticle,2024.0,"Colomer, Laia Domingo; Schmitt, Edwin","MAPPING MEMORIALISATION OF PANDEMIC EXPERIENCES: Care, stewardship and guardianship",,,,10.4324/9781003139485-5,https://www.scopus.com/inward/record.uri?eid=2-s2.0-85210692197&doi=10.4324%2F9781003139485-5&partnerID=40&md5=0469a7714839688d49ac34f90659c820,"Many spontaneous memorials emerged worldwide after COVID-19, followed by national and local authorities organising official periods of public mourning. In the scholarly context of memory studies, these rituals are framed as memorialisation processes. Between October and December 2020, we systematically mapped these memorials and categorised them into ceremonies, monuments, cybermemorials or public protests. This chapter introduces this mapping as an example of the cultural heritage of trauma and further explores its impact on social well-being and political dimensions. This exercise is to be understood as the seed for future scholarly research on the memorialisation of the COVID-19 pandemic, a material guide for museum curators collecting on coronavirus impacts or a database for any exhibition on the topic. Drawing on the ethics of care, we have finally reflected on the ethics embedded in all these unfolding processes, from the occurrence of the mourning rituals to the fact that some of these expressions of loss and grief might finally be transformed into the cultural heritage of COVID-19 pandemic trauma. © 2024 selection and editorial matter, Alexandra Bounia and Andrea Witcomb; individual chapters, the contributors.",2024,2025-12-16 16:10:46,2025-12-16 16:10:46,,61 - 79,,,,,,,,,,,,,,,,,,,,Type: Book chapter,,,,,,,,,,,,,,,,,,,,,,,,,,,,,,,,,,,,,,,,,,,,,,,,,,,,425,1,2026-07-06 14:55:56,
384,N6C6Z4YF,journalArticle,2016.0,"Chitty, Gill","Heritage, conservation and communities: Engagement, participation and capacity building",,,,10.4324/9781315586663,https://www.scopus.com/inward/record.uri?eid=2-s2.0-85024906742&doi=10.4324%2F9781315586663&partnerID=40&md5=e871a56f1a99033e6495a8c20ede822b,"Public participation and local community involvement have taken centre stage in heritage practice in recent decades. In contrast with this established position in wider heritage work, public engagement with conservation practice is less well developed. The focus here is on conservation as the practical care of material cultural heritage, with all its associated significance for local people. How can we be more successful in building capacity for local ownership and leadership of heritage conservation projects, as well as improving participative involvement in decisions and in practice? This book presents current research and practice in community-led conservation. It illustrates that outcomes of locally-led, active participation show demonstrable social, educational and personal benefits for participants. Bringing together UK and international case studies, the book combines analysis of theoretical and applied approaches, exploring the lived experiences of conservation projects in and with different communities. Responding to the need for deeper understanding of the outcomes of heritage conservation, it examines the engagement of local people and communities beyond the expert and specialist domain. Highlighting the advances in this important aspect of contemporary heritage practice, this book is a key resource for practitioners in heritage studies, conservation and heritage management. It is also relevant for the practising professional, student or university researcher in an emerging field that overarches professional and academic practice. © 2017 selection and editorial matter, Gill Chitty.",2016,2025-12-16 16:10:44,2025-12-16 16:10:44,,1 - 304,,,,,,,,,,,,,,,,,,,,Type: Book,,,,,,,,,,,,,,,,,,,,,,,,,,,,,,,,,,,,,,,,,,,,,,,,,,,,384,1,2026-07-06 14:55:59,
2446,VTUJTJSG,journalArticle,2025.0,,Well-Being and Art Museums,,,,10.4324/9781003497240-29,https://www.scopus.com/inward/record.uri?eid=2-s2.0-105024155170&doi=10.4324%2F9781003497240-29&partnerID=40&md5=3c064745c00826b108ac26d9133ab90b,"This chapter examines how art museums are evolving to address well-being among youth through two case studies from Asia. The Yokohama Museum of Art in Japan presents a unique program targeting hikikomori youth-young people experiencing extreme social withdrawal. Through various art activities, the museum created safe and welcoming spaces that helped these individuals gradually rebuild their self-confidence and social connections. The second case study from National Gallery Singapore details the pilot of a six-session Strength Through Art (stART) program designed to foster emotional resilience among 12-15 year-old students. Both cases also demonstrate how art museums can partner with various stakeholders to support the mental well-being of young people. The chapter concludes with broader discussions of how art museums can serve as spaces of care for youth audiences. It examines how museums' unique environments and audience-centered approaches provide much-needed avenues for youth to engage in looking at art, talking about art and making art in ways that support self-awareness and emotional regulation, encourage shared understanding and social connection. Together, these perspectives illuminate how art museums can expand their roles as active partners in nurturing the emotional and psychological well-being of the next generation. © 2026 selection and editorial matter, Heather Maxson, Susan McCullough, and Ai Wee Seow; individual chapters, the contributors. All rights reserved.",2025,2025-12-16 16:11:13,2025-12-16 16:11:13,,151 - 000,,,,,,,,,,,,,,,,,,,,Type: Book chapter,,,,Art museums; Museums; Well being; Young peoples; Case-studies; National Gallery; Program targeting; Self awareness; Shared understanding; Singapore; Social behavior; Social connection,,,,,,,,,,,,,,,,,,,,,,,,,,,,,,,,,,,,,,,,,,,,,,,,2446,1,2026-07-06 14:56:06,
694,HJ5XS5NN,journalArticle,2022.0,"Forsko, Samantha",Practical Approaches to Collections Care,,,,10.4324/9781003188865,https://www.scopus.com/inward/record.uri?eid=2-s2.0-85178642389&doi=10.4324%2F9781003188865&partnerID=40&md5=25b23f16db4a66f31a6d3c8231cd2ad7,"While cultural heritage practitioners and caretakers are often intimidated by ""best practices,"" Practical Approaches to Collections Care helps to alleviate those concerns, offering a stepped approach to preservation encompassing a variety of collections care programs. The author, drawing on over a decade of experience working in libraries, museums, archives, and other historic sites, and specifically building off of her work as a Preservation Specialist at the Conservation Center for Art & Historic Artifacts, discusses realistic, efficient, and sustainable approaches to collection housing, space planning, environmental management, facilities care, emergency preparedness, and much more. Giving examples of implementation and easy-to-follow guides that will allow readers to start from scratch or improve an already existing program, Forsko demonstrates how preservation can become a component of any collections care program. Encouraging the reader to start by taking small, manageable steps, the author shows that even the smallest of actions can make a difference that will ultimately help to preserve collections and ensure that the world’s heritage will remain intact for future generations. Practical Approaches to Collections Care takes an applied approach, making suggestions the reader can immediately implement no matter the size of their institution. It is an essential tool for stewards of cultural heritage collections, particularly collections managers, registrars, and preservation specialists. It will also be useful to students who are engaged in the study of collections care. © 2023 Samantha Forsko. All rights reserved.",2022,2025-12-16 16:10:51,2025-12-16 16:10:51,,1 - 186,,,,,,,,,,,,,,,,,,,,Type: Book,,,,,,,,,,,,,,,,,,,,,,,,,,,,,,,,,,,,,,,,,,,,,,,,,,,,694,1,2026-07-06 14:56:09,
424,F36IG5M4,journalArticle,2024.0,"Colomer, Laia Domingo; González-Marcén, Paloma; Picazo, Marina Ferreras",FEMINIST ARCHAEOLOGY FOR THE PRESENT: Maintenance activities and social caring,,,,10.4324/9781003257530-5,https://www.scopus.com/inward/record.uri?eid=2-s2.0-85210618839&doi=10.4324%2F9781003257530-5&partnerID=40&md5=e2430c956ac11b79c17de39ab0e9908c,"This chapter introduces the notion of maintenance activities as an epistemological category that frames our approach to applied research as a feminist practice when exploring the past from and for the present. Drawing on the feminist political movement, we understand archaeology as a practice that develops forms of engendering research, practice, and behaviours in academic milieus. It also formulates new knowledge of the past that contributes towards changing patriarchal visions of the present through its implementation in education and heritage milieus by the Pastwomen network. Furthermore, this chapter incorporates the ethics of care as an ontological and epistemological notion that helps to better frame and complement the notion of maintenance activities. To illustrate this, some examples are provided from our research work in the fields of archaeology, heritage studies, and specifically, the dissemination project carried out by the Pastwomen network. © 2025 selection and editorial matter, Marianne Moen and Unn Pedersen; individual chapters, the contributors.",2024,2025-12-16 16:10:46,2025-12-16 16:10:46,,30 - 44,,,,,,,,,,,,,,,,,,,,Type: Book chapter,,,,,,,,,,,,,,,,,,,,,,,,,,,,,,,,,,,,,,,,,,,,,,,,,,,,424,1,2026-07-06 14:57:20,
531,MCCI52E7,journalArticle,2022.0,"Dekker, Annet; Archey, Karen; Blair, Ulanda; Cook, Sarah; Magalhães, Ana Gonçalves; Himmelsbach, Sabine; Nichole, Kelani; Paul, Christiane; Paunu, Henna",A ROUNDTABLE: CURATORIAL PERSPECTIVES ON COLLECTING TIME-BASED MEDIA ART,,,,10.4324/9781003034865-4,https://www.scopus.com/inward/record.uri?eid=2-s2.0-85173308215&doi=10.4324%2F9781003034865-4&partnerID=40&md5=8e3246bb44ece1e31a41b61182ed2efb,"This chapter focuses on how curators are becoming more closely connected and involved in preservation practice, particularly when it involves time-based media artworks. While this happens at various stages, from production to exhibition and collecting, the conversation was aimed at the acquisition process and collection practice of time-based media art. The chapter presents a summary of the discussion focusing on some of the key commonalities, such as the need for technical and curatorial knowledge, the usefulness and obstructions of standardization, the benefits of collaboration, and the potentialities of shared and distributed networks of knowledge and care. The diversity of documentation strategies emphasizes how time-based media is changing the museum practice in which the traditional functions of curator and conservator are shifting, as the care of an artwork is not only about repairing or even envisioning future change, but also about following and documenting its evolving “collection life”. © 2023 selection and editorial matter, Deena Engel and Joanna Phillips; individual chapters, the contributors.",2022,2025-12-16 16:10:49,2025-12-16 16:10:49,,28 - 38,,,,,,,,,,,,,,,,,,,,Type: Book chapter,,,,,,,,,,,,,,,,,,,,,,,,,,,,,,,,,,,,,,,,,,,,,,,,,,,,531,1,2026-07-06 15:31:50,
1649,AEHMZ66J,journalArticle,2024.0,"Pegno, Marianna; Souffrant, Kantara",Institutional Change for Museums: A Practical Guide to Creating Polyvocal Spaces,,,,10.4324/9781003365280,https://www.scopus.com/inward/record.uri?eid=2-s2.0-85202861635&doi=10.4324%2F9781003365280&partnerID=40&md5=28e757a33e2c7659ce1affa1bbf19b7f,"Institutional Change for Museums: A Practical Guide to Creating Polyvocal Spaces is an edited volume borne of two questions: (1) What do we want from museums? (2) Why do we (still) care to fight for these visions? Rooted in the concept of polyvocality—the blending of multiple perspectives, experiences, and ideas, where differences and conflicting truths are welcome—this co-written introduction explores these questions and the future potential of museums. The authors begin with their personal “museum journeys.” Representing individuals who grew up going to museums and those who stepped into museums later in life, the journeys challenge singular, universal, homogenous museum practice. The narratives reflect the burgeoning potentials of museums and the authors’ complicated experiences with these institutions while modeling a polyvocal practice and mirror the book’s tone: one that honors multiple truths in various written styles. Following the museum journeys is a theoretical review of polyvocality. The introduction concludes by summarizing the three sections in the volume: Part I, “Interrogating and Redressing Colonial Legacies”; Part II, “Rethinking Structures and Operations”; and Part III, “Agency and Ethics of Care.” Collectively, these sections argue for polyvocality as a necessary concept vital to the future of museums. © 2025 selection and editorial matter, Marianna Pegno and Kantara Souffrant; individual chapters, the contributors.",2024,2025-12-16 16:11:04,2025-12-16 16:11:04,,1 - 158,,,,,,,,,,,,,,,,,,,,Type: Book,,,,Museums; Blending; Institutional change; Multiple perspectives; Practical guide,,,,,,,,,,,,,,,,,,,,,,,,,,,,,,,,,,,,,,,,,,,,,,,,1649,1,2026-07-06 15:31:56,
1000,Q3YIZHMQ,journalArticle,2022.0,"Jarczyk, Agathe; Oleksik, Peter",CARING FOR ANALOG AND DIGITAL VIDEO ART,,,,10.4324/9781003034865-22,https://www.scopus.com/inward/record.uri?eid=2-s2.0-85173365781&doi=10.4324%2F9781003034865-22&partnerID=40&md5=63838ca5e0d6b2e15fd371c83401b2d4,"Video artworks comprise the majority of time-based media artworks in museum collections due to the long and rich history of artists engaging with this medium. This chapter explores the history of video as an artistic medium, gives a short insight on collecting practices, and offers practical advice on the long-term care of this volatile material in a collection. Collection care of time-based media artworks is an ongoing process with a number of important key moments. Acquisition and intake lay the groundwork for creating comprehensive documentation on the concept, production, and display of video artworks. Automated critical viewing is possible with software tools that analyze the video and audio stream and flag certain elements that it has been configured to identify. In the process of digitization, time base correctors (TBCs) are usually required for all analog formats to stabilize the analog signal. A TBC buffers the unstable input analog signal and sends out a stabilized analog signal as a result. © 2023 selection and editorial matter, Deena Engel and Joanna Phillips; individual chapters, the contributors.",2022,2025-12-16 16:10:57,2025-12-16 16:10:57,,269 - 316,,,,,,,,,,,,,,,,,,,,Type: Book chapter,,,,,,,,,,,,,,,,,,,,,,,,,,,,,,,,,,,,,,,,,,,,,,,,,,,,1000,1,2026-07-06 15:31:58,
1128,JEAESEYU,journalArticle,2022.0,"Kramer, Lia; Nichols, Alexandra; Anderson, Mollie; Kennedy, Nora W.; López, Lorena Ramírez; Wharton, Glenn",INSTITUTIONAL ASSESSMENTS AND COLLECTION SURVEYS FOR TIME-BASED MEDIA CONSERVATION,,,,10.4324/9781003034865-5,https://www.scopus.com/inward/record.uri?eid=2-s2.0-85173400897&doi=10.4324%2F9781003034865-5&partnerID=40&md5=2271fef5c5b39f6540cf47e108435614,"This chapter deals with traditional methods developed for cultural heritage institutions and how they can be adapted to serve the unique needs of time-based media (TBM) collections. It then provide guidelines for planning and executing institutional assessments and collection surveys, along with implementing recommendations in the final report. A TBM institutional assessment guides an organization toward developing strategies for improved care and display of TBM artworks. The assessment helps staff focus efforts on the immediate needs of the collection, such as obtaining master-quality files or backing up artist-provided materials, as well as achieve longer-term goals, such as establishing permanent staff positions, creating a TBM conservation lab, or building a digital repository. A registration and cataloging review for TBM artworks verifies that the institution owns all the components that are necessary to preserve and display the works and that these components are consistently cataloged in the institution’s collection management system and tracked with locations. © 2023 selection and editorial matter, Deena Engel and Joanna Phillips; individual chapters, the contributors.",2022,2025-12-16 16:10:58,2025-12-16 16:10:58,,39 - 66,,,,,,,,,,,,,,,,,,,,Type: Book chapter,,,,,,,,,,,,,,,,,,,,,,,,,,,,,,,,,,,,,,,,,,,,,,,,,,,,1128,1,2026-07-06 15:34:25,
1650,9W43BCX6,journalArticle,2024.0,"Pegno, Marianna; Souffrant, Kantara",Introduction,,,,10.4324/9781003365280-1,https://www.scopus.com/inward/record.uri?eid=2-s2.0-85202823513&doi=10.4324%2F9781003365280-1&partnerID=40&md5=dc8d9a38567d0420bfcfb8dcfa0034e7,"Institutional Change for Museums: A Practical Guide to Creating Polyvocal Spaces is an edited volume borne of two questions: (1) What do we want from museums? (2) Why do we (still) care to fight for these visions? Rooted in the concept of polyvocality—the blending of multiple perspectives, experiences, and ideas, where differences and conflicting truths are welcome—this co-written introduction explores these questions and the future potential of museums. The authors begin with their personal “museum journeys.” Representing individuals who grew up going to museums and those who stepped into museums later in life, the journeys challenge singular, universal, homogenous museum practice. The narratives reflect the burgeoning potentials of museums and the authors’ complicated experiences with these institutions while modeling a polyvocal practice and mirror the book’s tone: one that honors multiple truths in various written styles. Following the museum journeys is a theoretical review of polyvocality. The introduction concludes by summarizing the three sections in the volume: Part I, “Interrogating and Redressing Colonial Legacies”; Part II, “Rethinking Structures and Operations”; and Part III, “Agency and Ethics of Care.” Collectively, these sections argue for polyvocality as a necessary concept vital to the future of museums. © 2025 selection and editorial matter, Marianna Pegno and Kantara Souffrant; individual chapters, the contributors.",2024,2025-12-16 16:11:04,2025-12-16 16:11:04,,1 - 12,,,,,,,,,,,,,,,,,,,,Type: Editorial,,,,,,,,,,,,,,,,,,,,,,,,,,,,,,,,,,,,,,,,,,,,,,,,,,,,1650,1,2026-07-06 15:34:32,
1360,Y3YXKU48,journalArticle,2022.0,"Martin, Nicole",DIGITAL PRESERVATION AND THE INFORMATION PACKAGE,,,,10.4324/9781003034865-16,https://www.scopus.com/inward/record.uri?eid=2-s2.0-85173381051&doi=10.4324%2F9781003034865-16&partnerID=40&md5=6893aeeeb9c8262b952bed867d47e378,"This chapter introduces digital preservation standards and practices established in the libraries and archives community and presents their relevance to the care of audiovisual heritage and time-based media art collections. Collection stewards begin the process of digital preservation by investigating the past or history of data in their possession, documenting that information to make certain it is available to future users indefinitely. This background information creates context and makes data more meaningful, helping future users understand how a file was created, how it was used, and who used it. Preservationists also document information about the file in its present state. The Open Archival Information Systems (OAIS) model has a “particular focus on digital information,” both in terms of the data contained in a package and method of description, but is not restricted to the virtual world and can be applied to physical collections, as well. © 2023 selection and editorial matter, Deena Engel and Joanna Phillips; individual chapters, the contributors.",2022,2025-12-16 16:11:00,2025-12-16 16:11:00,,196 - 203,,,,,,,,,,,,,,,,,,,,Type: Book chapter,,,,,,,,,,,,,,,,,,,,,,,,,,,,,,,,,,,,,,,,,,,,,,,,,,,,1360,1,2026-07-06 15:34:42,
1339,R2CAGLJ2,journalArticle,2025.0,"Marcus, Uncle; Clark, Lucy; Gissell, Tammi; Sentance, Nathan","INDIGENOUS KNOWLEDGES IN POWERHOUSE CUSTODIANSHIP: Building Trust, Building Collections",,,,10.4324/9781003481225-11,https://www.scopus.com/inward/record.uri?eid=2-s2.0-105019115572&doi=10.4324%2F9781003481225-11&partnerID=40&md5=951660e9903f683a1e946562049aad39,"The Deed of Deposit is a pioneering mechanism developed by the Powerhouse Museum. It redefines the relationship between Indigenous communities and collecting institutions by preserving Indigenous ownership of cultural knowledge while enabling museum care and stewardship. Rooted in the post-custodial approach, the Deed challenges entrenched colonial collecting practices and responds to the ethical concerns outlined by the Indigenous Archives Collective. Traditional museum and archive collections have often excluded Indigenous consent, fostering deep mistrust. The Deed of Deposit, however, ensures that Indigenous sovereignty and self-determination are upheld by keeping ownership with rightful custodians rather than transferring it to institutions. This chapter explores the development, implementation, and implications of the Deed from both cultural and practical standpoints, illustrating how it serves as a decolonial model for ethical collecting. By positioning institutions as facilitators, not owners, the Powerhouse is reshaping its role in cultural heritage management. Looking ahead, sustained collaboration, advocacy, and policy development will be essential in ensuring that the Deed continues to honour Indigenous rights and transform museum practice. © 2026 selection and editorial matter, The Indigenous Archives Collective; individual chapters, the contributors.",2025,2025-12-16 16:11:00,2025-12-16 16:11:00,,111 - 123,,,,,,,,,,,,,,,,,,,,Type: Book chapter,,,,Museums; Cultural heritages; Historic preservation; Cultural knowledge; Deposits; Ethical aspects; Ethical concerns; Heritage managements; Indigenous community; Indigenous knowledge; Policy development; Post-custodial; Trust building,,,,,,,,,,,,,,,,,,,,,,,,,,,,,,,,,,,,,,,,,,,,,,,,1339,1,2026-07-06 15:34:48,
290,F6XT2IHF,journalArticle,2023.0,"Burton, Marci J.; de Brer, Christian; Forbes, Carlee S.; Jones, Erica P.",Rethinking “Invasive”: Approaches to Informed Analysis and Object Care with Spiritually Empowered Objects,,,,10.4324/b23092-16,https://www.scopus.com/inward/record.uri?eid=2-s2.0-85163527853&doi=10.4324%2Fb23092-16&partnerID=40&md5=df82b2f37fb3643bc162ab1c909b6b19,"This chapter draws on an example of collaborative, interdisciplinary research on an nkisi (power figure) from the Democratic Republic of the Congo in the Fowler Museum at UCLA’s collection. Nkisi, or plural minkisi, use empowering substances to draw upon and focus spiritual power in order to mediate a range of community and individual matters. Structural concerns and a lack of information regarding provenance prompted a technical investigation. Without an identified source community, the Fowler Museum team consulted an advisory council on two conflicting needs: understanding the technical elements of the figure to determine a long-term preservation strategy, and respecting systems of secrecy and restrictions of knowledge within the community of origin. The team then worked with UCLA radiology to perform computed tomography in order to examine the interior, which provided tremendous insight concerning the figure’s long-term preservation and possible clues into its provenance. It was only after the scan took place that reconsiderations into the use of X-radiography techniques on spiritually empowered objects came to the surface. The resulting experiences and conflicting responses demonstrate the need for ongoing discussions in the field of conservation to address questions concerning the ethical care, research, and treatment of empowered works in U.S. and European museums. © 2023 selection and editorial matter, Nina Owczarek; individual chapters, the contributors.",2023,2025-12-16 16:10:42,2025-12-16 16:10:42,,157 - 169,,,,,,,,,,,,,,,,,,,,Type: Book chapter,,,,,,,,,,,,,,,,,,,,,,,,,,,,,,,,,,,,,,,,,,,,,,,,,,,,290,1,2026-07-06 15:35:48,
361,WB9NBUMB,journalArticle,2009.0,"Chaplin, Sarah; Stara, Alexandra",Introduction,,,,10.4324/9780203876381-5,https://www.scopus.com/inward/record.uri?eid=2-s2.0-85145122219&doi=10.4324%2F9780203876381-5&partnerID=40&md5=404da3c1ed5a5628f754b5bf96e9f8f6,"Curation implies, in the first instance, care and responsibility for something. A traditional curator of the past century would be someone looking after a collection of valuable artefacts in a museum, ensuring they are kept in the best possible conditions and maintained as appropriate, most likely also managing any new acquisitions to expand the collection, as well as overseeing their potential display though the aspect of display would in no way be essential to define the curator's role. © 2009 Selection and editorial matter, Sarah Chaplin and Alexandra Stara; individual chapters, the contributors. All rights reserved.",2009,2025-12-16 16:10:44,2025-12-16 16:10:44,,1 - 6,,,,,,,,,,,,,,,,,,,,Type: Editorial,,,,,,,,,,,,,,,,,,,,,,,,,,,,,,,,,,,,,,,,,,,,,,,,,,,,361,1,2026-07-06 15:35:55,
1647,AMSWRKRF,journalArticle,2023.0,"Pearlstein, Ellen J.; Yamane, Linda",Prioritizing Communities Through Conservation Documentation,,,,10.4324/b23092-9,https://www.scopus.com/inward/record.uri?eid=2-s2.0-85163441018&doi=10.4324%2Fb23092-9&partnerID=40&md5=5af96f0b6ea10cf8d92176d568411eb2,"As a conservator who works in Native California with collections and communities and an Indigenous artist who studies museum collections with the goal of reanimating lost traditions, the authors address steps that conservators can take to make sure that their documentation supports not only current caretakers but also Indigenous relatives and their successors. Conservation documentation, including records of visual observations, results of materials analysis, evidence of technical decisions, artists’ marks or signatures, as well as aspects of condition, can certainly aid in future stewardship and care. However, the authors are proposing two interventions toward ethical practice: first, bilingual identification of materials, where possible, out of respect for language revitalization; and consultations with community members about how conservation photographic, graphic, and written documentation can help answer the questions that related Indigenous communities may have. The former depends on language speakers and/or resources available for accessing appropriate terms. The latter builds on the growing practice of community consultations that have become increasingly expected and largely undertaken when working with Indigenous materials found in museums. This essay offers some practical steps conservators can take toward shifting into a human-centered approach. © 2023 selection and editorial matter, Nina Owczarek; individual chapters, the contributors.",2023,2025-12-16 16:11:04,2025-12-16 16:11:04,,76 - 86,,,,,,,,,,,,,,,,,,,,Type: Book chapter,,,,,,,,,,,,,,,,,,,,,,,,,,,,,,,,,,,,,,,,,,,,,,,,,,,,1647,1,2026-07-06 15:36:02,
745,YHKUHS5Z,journalArticle,2025.0,"Garneau, David",Non-Colonial Indigenous Creative Action in Heritage Museums,,,,10.4324/9781003222804-8,https://www.scopus.com/inward/record.uri?eid=2-s2.0-105005680485&doi=10.4324%2F9781003222804-8&partnerID=40&md5=d5c9229f69848e2e91903b6ce7b37b7c,"‘Non-Colonial Indigenous Creative Action in Heritage Museums’ explores some of the foundational and subtle barriers to the decolonisation and Indigenisation of cultural institutions. Directed at Indigenous people and heritage museums interested in engaging each other, this chapter compares and contrasts settler curatorial habits with Indigenous curatorial protocols. At the heart of this tension is a difference between how the two groups understand their relationships to objects in their care. The chapter begins by examining how a routine curatorial shortcut, the use of images rather than things during consultations with Indigenous folks for the Encounters exhibition (the National Museum of Australia, 2016), discouraged fulsome community engagement. Next is a consideration of how Tahltan artist Peter Morin's performance ‘de-colonize my heart’ models Indigenous ways of dealing with difficult objects with critical care. The final section distinguishes settler de/colonialism – that is, purported decolonising reforms that continue to centre Euro-Canadian people and ways – from non-colonial creative practices that model alternatives based on traditional Indigenous ways of knowing, being and doing. © 2025 selection and editorial matter, Anna Edmundson and Maya Haviland; individual chapters, the contributors.",2025,2025-12-16 16:10:52,2025-12-16 16:10:52,,71 - 84,,,,,,,,,,,,,,,,,,,,Type: Book chapter,,,,Australia; Cultural institutions; Performance; Community engagement; Creatives; Critical care; Heart model; Indigenous people,,,,,,,,,,,,,,,,,,,,,,,,,,,,,,,,,,,,,,,,,,,,,,,,745,1,2026-07-06 15:36:16,
470,XPR9QCRB,journalArticle,2022.0,"Curran, Katherine; Bao, Junnan; Oakley, Heather; Gili, Argyro; Fouseki, Kalliopi",Combining theory and practice: Incorporating value in risk assessment at heritage sites,,,,10.4324/9781003038955-5,https://www.scopus.com/inward/record.uri?eid=2-s2.0-85142801193&doi=10.4324%2F9781003038955-5&partnerID=40&md5=c02caa2883f251c54fe71fa14c20f29c,"Risk assessment is widely used in heritage management to identify priorities and allocate resources. Risk assessment is used within both museum collections care and heritage site management, and a recent publication from UNESCO advocates for the adoption of a systematic risk assessment method. Many risk assessment tools involve assigning numerical scores to parameters such as the probability of a hazard event or the loss of value to a heritage object or site if exposed to a particular hazard. However, the concept of ‘heritage value’ is a complex one that captures multiple aspects of an object or site, both tangible and intangible, and is likely to be subjectively interpreted by different individuals. Assigning a numerical score to the concept of ‘loss of value’ is thus problematic. This dilemma is well understood within preventive conservation; however, it is rarely explicitly discussed, although there are exceptions. Here, we report on interviews with experienced practitioners in the field of heritage risk assessment and on the development of two novel risk assessment approaches. These explicitly tackled the concept of heritage value by considering the impact of different hazards on the values of the site. We discuss how these were developed, the implications for site management and the challenges and compromises involved. We discuss the wider implications of this work and the way in which the theory of heritage value can be practically implemented as part of a heritage conservation tool. © 2023 selection and editorial matter, Kalliopi Fouseki, May Cassar, Guillaume Dreyfuss and Kelvin Ang Kah Eng; individual chapters, the contributors.",2022,2025-12-16 16:10:46,2025-12-16 16:10:46,,44 - 57,,,,,,,,,,,,,,,,,,,,Type: Book chapter,,,,,,,,,,,,,,,,,,,,,,,,,,,,,,,,,,,,,,,,,,,,,,,,,,,,470,1,2026-07-06 15:39:02,
683,MDCRGL7R,journalArticle,2023.0,"Fisher, Michael T.",Stability of Cultural Information in Unstable Environments: Data Management for Digital Preservation of Immovable Cultural Heritage against Natural Hazards,,,,10.4324/9781003263647-4,https://www.scopus.com/inward/record.uri?eid=2-s2.0-85176865917&doi=10.4324%2F9781003263647-4&partnerID=40&md5=8bd56202dd54c6baa7a59847e5f4c7c8,"Immovable cultural heritage is an essential resource in human societies that is often heavily entangled with natural heritage and presents many of the same vulnerabilities, particularly with respect to environmental hazards as they grow more common, more severe, and less predictable. The resulting physical and logistical instability related to cultural heritage resources demands a robust response, within which a digital data management system can provide both essential information in emergencies and systemic stabilisation in general. Consistent and broad access to cultural data is imperative for first responders and long-term heritage managers, and so this chapter demonstrates key concepts in effective design and proactive implementation of cultural heritage data management systems. Two of the most significant issues hindering their implementation and usage, however, are unsustainability and lack of inclusivity. These are interrelated problems, and so this chapter discusses how to incorporate the FAIR (Findable, Accessible, Interoperable, and Reusable) data standard as well as the CARE (Collective benefit, Authority to control, Responsibility, and Ethics) principles in order to help overcome these issues. It looks at several examples of ‘relativistic’ databases, developed in both ‘proactive’ and ‘responsive’ modes of disaster mitigation, as well as provides a guide to some of the software available for constructing them. Finally, it explores the value of adopting strong frameworks of both theoretical and logistical inclusivity when designing a cultural heritage data management system. © 2024 selection and editorial matter, Bijan Rouhani and Xavier Romão; individual chapters, the contributors.",2023,2025-12-16 16:10:51,2025-12-16 16:10:51,,53 - 73,,,,,,,,,,,,,,,,,,,,Type: Book chapter,,,,,,,,,,,,,,,,,,,,,,,,,,,,,,,,,,,,,,,,,,,,,,,,,,,,683,1,2026-07-06 15:39:06,
2215,QZ2WM24L,journalArticle,2025.0,"Valkonen, Sanna; Aikio, Áile; Magga, Sigga Marja; Alakorva, Saara; Aikio, Stina Aletta","Gulahallat – Discussing Community-Based Co-Acting, Co-Knowing and Co-Thinking among Sámi Research, Museum and Art",,,,10.4324/9781003222804-11,https://www.scopus.com/inward/record.uri?eid=2-s2.0-105005668674&doi=10.4324%2F9781003222804-11&partnerID=40&md5=0ff8c8f4cc058850d4eefc33d95581cf,"The aim of the chapter is to discuss how to develop community-based practices of collaboration and co-creation between Indigenous Museums, Indigenous research and Indigenous art. The analysis is based on the experiences of two collaborative projects related to Sámi cultural heritage and its preservation, display and reinterpretation and creation. The projects in question are (1) Culturally and Socially Sustainable Museum: Reframing the Policies of Representing Indigenous Sámi Culture in the Sámi Museum Siida (2016–2018) that enabled creating a new exhibition manuscript of the Sámi Museum Siida as well as exhibition policy guidelines; (2) Viidon Sieiddit – The New Dimensions of the Sámi Nature Relations (2016–2017), an experimental project combining artistic work and research examining and imagining particular ways of the Sámi to be related to and care about (distant) natures of the globe in the era of environmental concern. The chapter discusses from the perspective of the Sámi concept gulahallat, to be able to hear, listen and understand each other, what the community-based, decolonial approach and indigenisation of research has meant in these projects and how the cooperation has shaped the ways of working and thinking of the Sámi Museum, Sámi research and Sámi art. © 2025 selection and editorial matter, Anna Edmundson and Maya Haviland; individual chapters, the contributors.",2025,2025-12-16 16:11:11,2025-12-16 16:11:11,,111 - 124,,,,,,,,,,,,,,,,,,,,Type: Book chapter,,,,Cultural heritages; Community-based; Co-creation; Collaborative programs; Artistic works; Environmental concerns; Experimental program; New dimensions; Reframing,,,,,,,,,,,,,,,,,,,,,,,,,,,,,,,,,,,,,,,,,,,,,,,,2215,1,2026-07-06 15:39:10,
2270,FU5586W6,journalArticle,2022.0,"Wager, Anna",Made to Move: Convent Embroidery Collections and Communities of Care,,,,10.4324/9781003282303-20,https://www.scopus.com/inward/record.uri?eid=2-s2.0-85153140420&doi=10.4324%2F9781003282303-20&partnerID=40&md5=aaf1f0238def7ecda50ec52d8295d713,"This chapter analyzes an ecclesiastical embroidery collection as an entry point toward theorizing an affective ethics of care: between maker, collector, and researcher. The collection was assembled by Elizabeth Hoare, and this chapter focuses specifically on work produced by the Society of St. Margaret in the late nineteenth century. The affective possibilities of this collection hinge on the idea of archives not as Adorno’s “museum as mausoleum,” but as sites of movement, liveliness, and agency. It is indebted to writing on collections of care, movement, reanimation, and intimacy by Linda Morra, Marika Cifor, Michelle Caswell, and Marco Bologna. Archives are contingent upon human actors, and the past is continually reanimated through our attempts to order it. The communal making of the embroideries and the communal collecting by Elizabeth Hoare and her communities of church women help us rethink collection management, shifting from gatekeeping to caretaking. © 2023 selection and editorial matter, Edited by Jason Camlot, Martha Langford, Linda M. Morra; individual chapters, the contributors",2022,2025-12-16 16:11:11,2025-12-16 16:11:11,,226 - 240,,,,,,,,,,,,,,,,,,,,Type: Book chapter,,,,,,,,,,,,,,,,,,,,,,,,,,,,,,,,,,,,,,,,,,,,,,,,,,,,2270,1,2026-07-06 15:39:14,
1233,PXGLD3HL,journalArticle,2024.0,"Liddell, Frances",THE DISTRIBUTED MUSEUM: Using Smart Contracts and NFTs to Find Financial Equity in Co-produced Exhibitions,,,,10.4324/9781003308003-26,https://www.scopus.com/inward/record.uri?eid=2-s2.0-85202419683&doi=10.4324%2F9781003308003-26&partnerID=40&md5=fc1148f0bb94a32be3469ef61cad9198,"Fair remuneration is the foundation of equitable participation but often what is fair, compared with what is possible, makes it difficult for participants in museum community engagement work to be fairly compensated for their time (Giblin et al. 2023). This chapter explores NFT ticketing, live minting, and smart donation boxes as potential tools to recognize participant labor and create an alternative financial remuneration practice in community engagement work in museums. These proposals are founded on the concept of the “Distributed Museum,” an idea which envisions a museum as a space of circulation where value flows in and beyond the institution to support its wider community (Dewdney et al. 2012; Morse 2014; Liddell 2022). This chapter explores how NFTs and smart contracts might be the infrastructure that supports the “Distributed Museum” by incorporating ideas of care, reciprocation, and accountability into the process of collaborative exhibiting. © 2025 selection and editorial matter, Yuha Jung, Rachel Shane, and Jaleesa Renee Wells; individual chapters, the contributors.",2024,2025-12-16 16:10:59,2025-12-16 16:10:59,,314 - 329,,,,,,,,,,,,,,,,,,,,Type: Book chapter,,,,,,,,,,,,,,,,,,,,,,,,,,,,,,,,,,,,,,,,,,,,,,,,,,,,1233,1,2026-07-06 15:39:23,
1176,QEFRC739,journalArticle,2022.0,"Langford, Martha",Community,,,,10.4324/9781003282303-19,https://www.scopus.com/inward/record.uri?eid=2-s2.0-85153127532&doi=10.4324%2F9781003282303-19&partnerID=40&md5=343f9950276fb61f3e32d076c9d9895c,"The communities that construct, and are constructed by, collections are considered through an institutional lens. “Institution” is here broadly defined as a site of protection, organization, and exchange—the human body no less important an actor than the library, the archives, or the museum. Examples are raised of collectives born to correct systematic neglect or the opposite, born of a hopeful sense that there are many like-minded collectors “out there” whose individual efforts might benefit from consolidation and care. In collective collection thinking, the emphasis shifts from object-lives and subject-formation to a fluid mode of knowledge-keeping aimed at sustaining cultural memory. © 2023 selection and editorial matter, Edited by Jason Camlot, Martha Langford, Linda M. Morra; individual chapters, the contributors",2022,2025-12-16 16:10:58,2025-12-16 16:10:58,,217 - 225,,,,,,,,,,,,,,,,,,,,Type: Book chapter,,,,,,,,,,,,,,,,,,,,,,,,,,,,,,,,,,,,,,,,,,,,,,,,,,,,1176,1,2026-07-06 15:40:16,
859,AC9JPD43,journalArticle,2022.0,"Haidvogl, Martina; Barger, Michelle E.; Churchill, Joshua; Dye, Steve; Frieling, Rudolf; Hellar, Mark; Sterrett, Jill; Weiss, Grace T.; White, Layna; Zimbardo, Tanya",A ROUNDTABLE: IMPLEMENTING CROSS-DEPARTMENTAL WORKFLOWS AT SFMOMA,,,,10.4324/9781003034865-12,https://www.scopus.com/inward/record.uri?eid=2-s2.0-85173364153&doi=10.4324%2F9781003034865-12&partnerID=40&md5=e75623a49e6b3f79d85b069a223fe993,"Team Media was founded in 1992 and is now the longest-standing cross-disciplinary time-based media working group in any museum. In this chapter, the team members reflect upon the museum’s collaborative working culture, their standing Team Media meeting, and the resulting interdisciplinary workflows established for the care of their time-based media collections. Daniel Stokols et al give a comprehensive overview of contextual factors that influence transdisciplinary team effectiveness on intrapersonal, interpersonal, institutional, environmental, technologic, and sociopolitical levels, including empowering leaders, mutual respect, active roles and participatory group settings, organizational incentives, and informal opportunities of contact. Within this framework, different opinions and perspectives are encouraged and supported. While SFMOMA’s interdepartmental approach was borne out of a need, a challenge brought upon by complex artworks being acquired, it impressed a culture upon the collection that would eventually go beyond media arts. © 2023 selection and editorial matter, Deena Engel and Joanna Phillips; individual chapters, the contributors.",2022,2025-12-16 16:10:54,2025-12-16 16:10:54,,154 - 162,,,,,,,,,,,,,,,,,,,,Type: Book chapter,,,,,,,,,,,,,,,,,,,,,,,,,,,,,,,,,,,,,,,,,,,,,,,,,,,,859,1,2026-07-06 15:40:25,
1764,X2AZIL98,journalArticle,2023.0,"Rasmussen, Briley A.; DiCindio, Carissa",Gathering Together with Purpose: A New Framework for Museum Education,,,,10.4324/9781003347712-28,https://www.scopus.com/inward/record.uri?eid=2-s2.0-85171008354&doi=10.4324%2F9781003347712-28&partnerID=40&md5=132d2c9c0ae570aa35c36119e7c4eff8,"This chapter offers a program planning framework centered on concepts of gathering and care to reexamine how people come together in museum spaces for learning. Considering both the public and internal dimensions of museums, the authors look at how bringing groups together intentionally can elevate the effectiveness of museum education practices, create more meaningful community conversations, and demonstrate the value of all participants by prioritizing them in museum program design. Creating experiences that are purposely designed around care creates openings for exploration, engagement, and connection without an expectation of specific outcomes, allowing opportunities for new forms of collaboration to emerge. The chapter concludes with specific examples of how this framework can be employed through programming and practices in the museum education. © 2023 selection and editorial matter, Elizabeth Wood.",2023,2025-12-16 16:11:05,2025-12-16 16:11:05,,263 - 270,,,,,,,,,,,,,,,,,,,,Type: Book chapter,,,,,,,,,,,,,,,,,,,,,,,,,,,,,,,,,,,,,,,,,,,,,,,,,,,,1764,1,2026-07-06 15:42:27,
1516,ZU8IQUCI,journalArticle,2017.0,"Ndoro, Webber; Chirikure, Shadreck; Deacon, Janette",Managing heritage in Africa: Who cares?,,,,10.4324/9781315472973,https://www.scopus.com/inward/record.uri?eid=2-s2.0-85040649629&doi=10.4324%2F9781315472973&partnerID=40&md5=38092c1ddb39a687e2c32b2e5c5ef482,"Managing Heritage in Africa provides a wide-ranging, up-to-date synthesis of heritage management practice in Africa, covering a broad spectrum of heritage issues such as archaeology, living traditions, sacred sites, heritage of pain (slavery), international conventions cultural landscapes, heritage in conflict areas and heritage versus development. Dealing with both intangible and tangible heritage, Managing Heritage in Africa gives an informative insight into some of the major issues and approaches to contemporary heritage management in Africa and situates the challenges facing heritage practitioners. © 2018 selection and editorial matter, W. Ndoro, S. Chirikure, and J. Deacon; individual chapters, the contributors. All rights reserved.",2017,2025-12-16 16:11:03,2025-12-16 16:11:03,,1 - 257,,,,,,,,,,,,,,,,,,,,Type: Book,,,,,,,,,,,,,,,,,,,,,,,,,,,,,,,,,,,,,,,,,,,,,,,,,,,,1516,1,2026-07-06 15:42:54,
401,XXLSW928,journalArticle,2017.0,"Ciolfi, Luigina; Damala, Areti; Hornecker, Eva; Lechner, Monika; Maye, Laura A.",Cultural heritage communities: Technologies and challenges,,,,10.4324/9781315522456,https://www.scopus.com/inward/record.uri?eid=2-s2.0-85042917163&doi=10.4324%2F9781315522456&partnerID=40&md5=74fdec2e61c484157360d892ff04d2df,"Cultural heritage communities of interest have increasingly expanded from cultural heritage professionals to volunteers, special interest groups and independent citizen-led initiative groups. Digital technology has also increasingly impacted cultural heritage by affording novel experiences of it - it features in a number of activities for all the aforementioned groups, as well as acting as support for visitors to cultural heritage centres. With different degrees of formality and training, these communities are increasingly defining and taking ownership of what is of value to them, thus reconfiguring the care, communication, interpretation and validation of heritage. Digital technology has played a crucial role in this transformative process. In a fully international context, cultural heritage practitioners, community champions and academics from different fields of study have contributed to this book. Each chapter brings to the fore the multiple relationships between heritage, communities and technologies as a focus of study and reflection in an inclusive way. Contributions touch upon present and future opportunities for technology, as well as participatory design processes with different stakeholders. This book brings together ideas from different disciplines, cultures, methods and goals, to inspire scholars and practitioners involved in community heritage projects. © 2018 selection and editorial matter, Luigina Ciolfi, Areti Damala, Eva Hornecker, Monika Lechner and Laura Maye; individual chapters, the contributors.",2017,2025-12-16 16:10:46,2025-12-16 16:10:46,,1 - 206,,,,,,,,,,,,,,,,,,,,Type: Book,,,,,,,,,,,,,,,,,,,,,,,,,,,,,,,,,,,,,,,,,,,,,,,,,,,,401,1,2026-07-06 15:43:00,
131,TRUVZ8AJ,journalArticle,2013.0,"Baldino, Susan Davis",Museums and Autism: Creating an inclusive community for learning,,,,10.4324/9780203120057-22,https://www.scopus.com/inward/record.uri?eid=2-s2.0-85123154169&doi=10.4324%2F9780203120057-22&partnerID=40&md5=f939fa0ff04ba9addf49cc5562cc4083,"Museums and their academic partner, museum studies, comprise an interdisciplinary group of professionals and scholars who not only study, care for and exhibit our cultural and natural heritage, but offer progressive learning solutions and proactively work toward making positive differences for diverse populations. This chapter discusses how museums can use social learning theory and practice to provide an inclusive and effective program for learners on the autism spectrum. The model I describe here is a ‘museum learning community’ and the focus of my research is a group I established in 2006, known by its members as the ‘Museum Learners Club’ or MLC. © 2012 Richard Sandell and Eithne Nightingale for selection and editorial matter.",2013,2025-12-16 16:10:40,2025-12-16 16:10:40,,169 - 180,,,,,,,,,,,,,,,,,,,,Type: Book chapter,,,,,,,,,,,,,,,,,,,,,,,,,,,,,,,,,,,,,,,,,,,,,,,,,,,,131,1,2026-07-06 15:43:25,
920,K3K2PNCC,journalArticle,2024.0,"Hodgetts, Sharon","COUNTRY, LANGUAGE, CULTURE, AND ANCESTORS: The Cultural and Archaeological Journey of a Wiradjuri-Wangaaypuwan winarr",,,,10.4324/9781003183853-16,https://www.scopus.com/inward/record.uri?eid=2-s2.0-85217291088&doi=10.4324%2F9781003183853-16&partnerID=40&md5=3291da293d98a19931c7dc4e419bdf6a,"In this chapter, Hodgetts, a Wiradjuri-Wangaaypuwan winarr from New South Wales, Australia, shares her personal and archaeological journey, tracing her ancestry and connecting it to the landscape of the Bogan and Macquarie Rivers. Although not a formal archaeologist, the author completed archaeological studies at the University of New England and is involved in cultural heritage management. She believes that a holistic approach to heritage management is required for the protection and care of sacred places and special sites of the ancestors. © 2025 selection and editorial matter, George Nicholas and Joe Watkins; individual chapters, the contributors.",2024,2025-12-16 16:10:55,2025-12-16 16:10:55,,147 - 158,,,,,,,,,,,,,,,,,,,,Type: Book chapter,,,,,,,,,,,,,,,,,,,,,,,,,,,,,,,,,,,,,,,,,,,,,,,,,,,,920,1,2026-07-06 15:43:31,
1203,247NCUCX,journalArticle,2024.0,"Ledesma, Ck",3 The Museum Is a Portal,,,,10.4324/9781003365280-5,https://www.scopus.com/inward/record.uri?eid=2-s2.0-85202846908&doi=10.4324%2F9781003365280-5&partnerID=40&md5=037d990cf1145f020c6735c422e6f026,"An interdisciplinary artist’s view of museums as interactive spaces and portals. The artist, known for creating inclusive gathering spots grounded in themes of home, culture, and activism, draws from their experiences with institutions. The chapter introduces five key values—Dignity, Care, Self-Reflection, Belonging, and Vulnerability—that reframe museums as nurturing havens. It underscores the importance of understanding, safe environments, introspection, authentic belonging, and openness. By championing these values, museums transform into vibrant portals that foster connections, validate experiences, and nurture personal development. The artist’s vision challenges conventional museum roles, envisioning them as dynamic conduits or respectful interactions, care, and meaningful metamorphosis. © 2025 selection and editorial matter, Marianna Pegno and Kantara Souffrant; individual chapters, the contributors.",2024,2025-12-16 16:10:59,2025-12-16 16:10:59,,38 - 41,,,,,,,,,,,,,,,,,,,,Type: Book chapter,,,,,,,,,,,,,,,,,,,,,,,,,,,,,,,,,,,,,,,,,,,,,,,,,,,,1203,1,2026-07-06 15:44:50,
940,3YZCMJAI,journalArticle,2024.0,"Howie, Tracey","EARTH MOTHER, SKY FATHER AND EVERYTHING INBETWEEN",,,,10.4324/9781003183853-17,https://www.scopus.com/inward/record.uri?eid=2-s2.0-85217289884&doi=10.4324%2F9781003183853-17&partnerID=40&md5=b7e562545ab7f16730ca43a365b0077a,"In this chapter, Tracie Howie, a Wannangine archaeologist, shares her story of her life-long education by her Elders in learning to care for her Country. As a Cultural Heritage officer, entrusted by her People, she has worked at the interface between Traditional Law and heritage legislation. Here she writes of her experiences—sometimes traumatic—in identifying and trying to protect ancestral burial grounds and habitation sites in the face of construction and economic development. She also writes of her involvement with other initiatives, such as developing, Aboriginal Cultural Heritage Awareness Training workshops, and other projects that foreground community well-being through traditional foods. © 2025 selection and editorial matter, George Nicholas and Joe Watkins; individual chapters, the contributors.",2024,2025-12-16 16:10:55,2025-12-16 16:10:55,,159 - 163,,,,,,,,,,,,,,,,,,,,Type: Book chapter,,,,,,,,,,,,,,,,,,,,,,,,,,,,,,,,,,,,,,,,,,,,,,,,,,,,940,1,2026-07-06 15:45:08,
143,Y7IBXQF8,journalArticle,2025.0,"Barbara, Anna; Ferraro, Venere",Vision of Digital Futures Novel Interactions for Futures Scenarios: The D\Tank Case Studies,,,,10.1201/9781032693606-3,https://www.scopus.com/inward/record.uri?eid=2-s2.0-85217331066&doi=10.1201%2F9781032693606-3&partnerID=40&md5=2f57f48b9f3c5b3de2778488accac32d,"Various technologies shape the behavior of artifacts, the environment, and systems. Emerging technologies are introducing novel ways to engage, entertain, inform, and support users, establishing new modes of communication and interaction. Technology has become deeply ingrained in our everyday experiences, enhancing how our environment helps and entertainment, consequently influencing how people interact. This chapter delves into the intricate relationship between advanced technologies and new interaction channels connecting users with systems or environments. It explores the future design scenarios facilitated by advanced technologies, specifically within the realms of care and museums. The authors present research findings spanning from January 2021 to December 2023, part of the “Design for Digital Care” and “Digital for Museums” projects by D\Tank, the Think Tank of the Design Department at Politecnico di Milano. The study aimed to conceptualize design scenarios in the near future, leveraging digital technologies such as wearables, Artificial Intelligence (AI), Extended Reality, mobile technologies, and many more. This contribution provides a concise summary of the research process leading to the envisioning of innovation convergences within the two domains, and ultimately discusses how users will engage with digital technologies in the near future, considering senses, channels, and touch points. © 2025 selection and editorial matter, Zhiyong Fu, Anna Barbara and Peter Scupelli individual chapters, the contributors.",2025,2025-12-16 16:10:40,2025-12-16 16:10:40,,30 - 39,,,,,,,,,,,,,,,,,,,,Type: Book chapter,,,,,,,,,,,,,,,,,,,,,,,,,,,,,,,,,,,,,,,,,,,,,,,,,,,,143,1,2026-07-06 15:45:43,
546,VBIIWMKS,journalArticle,2025.0,"DeSilvey, Caitlin; Grünfeld, Martin",LETTING BE(COME): Undoings at the Museum,,,,10.4324/9781003202677-4,https://www.scopus.com/inward/record.uri?eid=2-s2.0-105005128633&doi=10.4324%2F9781003202677-4&partnerID=40&md5=cf758f5ed411c4170285de7c3a8a79f7,"In this chapter, we articulate our vision of a probiotic museum practice, which intentionally curates decay and metabolic exchange. Our discussion centers on The Living Room - an experimental exhibition that we developed in collaboration with artists and curators at the Medical Museion in Copenhagen. We discuss how the application of curated decay principles to the museum context resulted in the range of different ‘undoings’ - not just of object integrity and institutional logics of preservation, but also of our own curatorial intentions. We explore these different ‘undoings’ by focusing on two installations - Ar(t)chives and Worm Dome. These installations exemplify two different ways of curating decay: non-interventionist (focused on observing objects as they are drawn into cycles of deterioration and regeneration) and interventionist (accelerating decay through ‘active life-support’ that disturbs the presumed organic course of deterioration). Over time, however, our intended distinction between these strategies was breached by the emergence of agencies that could not be contained or predicted. Our experiments highlight the potential for modes of care that accommodate uncertainty, contingency and a lack of control - and are willing to accept discomfort and, at times, failure. Curating decay involves (and appreciates) the undoing not just of objects, but also of the institutional logics and sensible orders that underpin museum expertise and practice. © 2025 selection and editorial matter, Gavin Lucas and Shannon Lee Dawdy; individual chapters, the contributors.",2025,2025-12-16 16:10:49,2025-12-16 16:10:49,,31 - 46,,,,,,,,,,,,,,,,,,,,Type: Book chapter,,,,Copenhagen; Institutional logic; Life supports; Living room; Organics; Probiotics; Uncertainty,,,,,,,,,,,,,,,,,,,,,,,,,,,,,,,,,,,,,,,,,,,,,,,,546,1,2026-07-06 15:46:42,
2192,GZDZ9HIR,journalArticle,2025.0,"Tythacott, Louise",Transforming Chemrey museum: Monastic curating and co-curating in a Tibetan Buddhist monastery in Ladakh,,,,10.4324/9780367815264-11,https://www.scopus.com/inward/record.uri?eid=2-s2.0-85214770436&doi=10.4324%2F9780367815264-11&partnerID=40&md5=ae7940b7ddbb7e6ab9b62eef74440b35,"Over the past decades, Ladakh in northwest India has experienced a museum boom with the creation of exhibitionary spaces in many of the key Buddhist monasteries. While small, single-room displays were set up in the 1990s, the first major ‘Western’ style museum opened at Ladakh’s largest monastery, Hemis, in 2007. Monastery museums have been established in Ladakh for a range of reasons – protection, security and education, as well as to make money by attracting the increasing numbers of both domestic and international tourists. This chapter focuses on a particular case study – that of Chemrey monastery museum in Ladakh. It explores the role of the monks in devising the original museum display, which opened in 2009, as well as the collaboration between a team from the School of Oriental and African Studies (SOAS), University of London, and the monastic community in developing a new gallery between 2017 and 2019. The chapter draws, in particular, on Christina F. Kreps’ work on comparative museology, by describing and analysing local Tibetan Buddhist practices of collections care and display. © 2025 selection and editorial matter, Yunci Cai; individual chapters, the contributors.",2025,2025-12-16 16:11:10,2025-12-16 16:11:10,,115 - 128,,,,,,,,,,,,,,,,,,,,Type: Book chapter,,,,,,,,,,,,,,,,,,,,,,,,,,,,,,,,,,,,,,,,,,,,,,,,,,,,2192,1,2026-07-06 15:46:50,
255,44MZHMWT,journalArticle,2025.0,"Bria, Rebecca E.; Vásquez, Erick Casanova",The PIARA Peru Project at Hualcayán: An Archaeology and Partnership of Care,,,,10.4324/9781003491071-17,https://www.scopus.com/inward/record.uri?eid=2-s2.0-105009564117&doi=10.4324%2F9781003491071-17&partnerID=40&md5=6890efcc0eac3ef46785fb8a19fa7eb7,"The PIARA Peru project was established with a mission to resist extractivist approaches in archaeological research by maintaining a sustained presence in the places we study and by designing and executing our research and heritage-focused initiatives in collaboration with local communities. Within these aims, PIARA has held a desire to broaden the relevance of local prehistory in ways that support the existing priorities of its community partners in Hualcayán, a village of Andean farmers, while also leveraging the interests and skills of the archaeological team. The ultimate goal is to stimulate a collective reimagining of Hualcayán’s past and use this to the benefit of the local community. This chapter recounts the last 15 years of PIARA outreach initiatives and research collaborations, pointing to the many setbacks and successes in our long-term research project as well as a renewed pathway for future work with lessons learned. We believe a core lesson from our work in Hualcayán is that cultivating a mutual relationship of care between archaeologists and communities is essential to doing ethical and impactful archaeology in the 21st century, while recognizing that the actions that establish care must be constantly re-evaluated and adjusted as community needs change and partnerships mature over a long period. © 2025 selection and editorial matter, Steven Mithen, Mubariz Ahmed Rabbani and Maria Rabbani; individual chapters, the contributors.",2025,2025-12-16 16:10:42,2025-12-16 16:10:42,,228 - 247,,,,,,,,,,,,,,,,,,,,Type: Book chapter,,,,History; Ethical technology; Personnel; Community IS; Engineering research; Local community; Research collaborations,,,,,,,,,,,,,,,,,,,,,,,,,,,,,,,,,,,,,,,,,,,,,,,,255,1,2026-07-06 15:47:16,
530,6XNLHZWR,journalArticle,2022.0,"Dekker, Annet",NETWORKS OF CARE,,,,10.4324/9781003095019-15,https://www.scopus.com/inward/record.uri?eid=2-s2.0-85141513362&doi=10.4324%2F9781003095019-15&partnerID=40&md5=4c52f9dfbcd5a2b9527e24a51eb2156f,"There is a need to preserve our digital cultural heritage for the future. However, the increasing speed with which technical media is used in digital preservation becomes obsolete, which leads to problems such as changes to the aesthetics and content of the artworks, organisational shifts, and ecological burden. Drawing from the concept of care and connecting this to the idea of networks of care, this chapter shows how the conceptualisation of care in digital preservation helps to comprehend the challenges of digital art preservation and networked culture more widely. By analysing three art projects in which networks have formed around the preservation of the project, the chapter emphasises that while there are multiple typologies of networks of care, there is a shared focus on a relational arrangement of care in which preservation is negotiated between different actors, including humans, but also material and technical elements. When acknowledging that these actors, and thus the care, may change over time, the implementation of networks of care can lead to more sustainable solutions for digital preservation. © 2023 selection and editorial matter, Andrew Dewdney and Katrina Sluis.",2022,2025-12-16 16:10:49,2025-12-16 16:10:49,,189 - 207,,,,,,,,,,,,,,,,,,,,Type: Book chapter,,,,,,,,,,,,,,,,,,,,,,,,,,,,,,,,,,,,,,,,,,,,,,,,,,,,530,1,2026-07-06 15:47:38,
268,IKRPH8CE,journalArticle,2023.0,"Brown, Steve",Cultural landscapes: Toward an integrated management framework,,,,10.4324/9781315203119-23,https://www.scopus.com/inward/record.uri?eid=2-s2.0-85148170042&doi=10.4324%2F9781315203119-23&partnerID=40&md5=8d60a542660c876fe17f4899b72fadc4,"In this chapter, the author presents overarching principles, illustrates a management framework, provides summaries of the stages advocated in the framework, and considers the idea of ‘heritage futures’. While the approach advocated aligns with systems established for individual ‘sites’, the framework for cultural landscapes is, in general, concerned with sizeable spatial areas. Implement strategies and actions that ensure the ongoing care of the cultural landscape in accordance with an approved management plan. Disseminate and share information on the significance, values, attributes, and stories of the cultural landscape, and in particular with those communities living within or nearby to the place, as well as to visitors including tourists. The shadow of climate and ecological crisis – evidenced in rising sea level, ocean acidification, reforestation, wildfire and other severe weather events, and species loss – are now central to heritage concepts of care, safeguarding, custodian-ship, and inheritance of heritage places and landscapes. © 2023 selection and editorial matter, Steve Brown and Cari Goetcheus; individual chapters, the contributors.",2023,2025-12-16 16:10:42,2025-12-16 16:10:42,,199 - 204,,,,,,,,,,,,,,,,,,,,Type: Book chapter,,,,,,,,,,,,,,,,,,,,,,,,,,,,,,,,,,,,,,,,,,,,,,,,,,,,268,1,2026-07-06 15:48:01,
300,RUXJG44K,journalArticle,2022.0,"Cachia, Amanda",Networks of Care: Collectivity as Dialogic Creative Access,,,,10.4324/9781003171935-22,https://www.scopus.com/inward/record.uri?eid=2-s2.0-85142572567&doi=10.4324%2F9781003171935-22&partnerID=40&md5=5a336ceb86bcdf652ba1443579580563,"This chapter argues that disabled, chronically ill, immunocompromised women artists are formally gathering together to support one another, mentally, physically, and culturally, as a form of dialogic creative access. This is a new term I have coined that is inspired by the concept of “dialogic aesthetics” originally developed by art historian Grant Kester. My concept builds on Kester's ideas, but through a disability justice lens: instead of a conversation on aesthetics, as proposed by Kester, dialogic creative access is a dialog of and on access. In this sense, disabled folks can participate and maintain a greater hold on principles of justice and equality in art praxis. Creative access is the art, and activist principles become an inherent part of care building for disability collectives and community. The collectives that have formed in recent years and that will be the subject of this chapter include the Feminist Health Care Research Group, the Sickness Affinity Group, and Power Makes Us Sick. Each of these groups is intersectional in their approach, focusing on feminist and crip revisions to health care. Their work dovetails with the definition of creative access extolled in this book. In this chapter, access is found outside the museum and gallery, and within a network of disabled folks who turn to one another for creative access solutions. © 2023 selection and editorial matter, Amanda Cachia; individual chapters, the contributors.",2022,2025-12-16 16:10:44,2025-12-16 16:10:44,,219 - 230,,,,,,,,,,,,,,,,,,,,Type: Book chapter,,,,,,,,,,,,,,,,,,,,,,,,,,,,,,,,,,,,,,,,,,,,,,,,,,,,300,1,2026-07-06 15:48:04,
1989,JV5JEVN8,journalArticle,2023.0,"Simpson, Kathryn",TACKLING THE CLIMATE CRISIS: An overview of UK museums,,,,10.4324/9781003347606-6,https://www.scopus.com/inward/record.uri?eid=2-s2.0-85179189027&doi=10.4324%2F9781003347606-6&partnerID=40&md5=3c4ca58894742e92cf2f5ab9ac53908f,"Tackling climate change is a global challenge requiring all countries, cities and communities to work together. Museums in the UK are firmly committed to reducing their carbon emissions in line with the Paris Climate Agreement to limit global warming to no more than a 1.5°C rise on pre-industrial levels. There is widespread recognition in the sector that reaching this ambition is non-negotiable, and although the road to achieving it poses various difficulties, complications and costs, it is essential for the survival of the planet. The obstacles that face the museum sector have made change difficult, but not impossible. As outlined in this chapter, the efforts of museums and the dedicated people who work in them are starting to create momentum, and the difficulties the sector faces from funding models, long-standing infrastructure issues and the challenges created by the buildings and assets museums occupy and care for are beginning to be addressed. © 2024 selection and editorial matter, Nick Merriman; individual chapters, the contributors.",2023,2025-12-16 16:11:07,2025-12-16 16:11:07,,72 - 92,,,,,,,,,,,,,,,,,,,,Type: Book chapter,,,,,,,,,,,,,,,,,,,,,,,,,,,,,,,,,,,,,,,,,,,,,,,,,,,,1989,1,2026-07-06 15:49:36,
2353,Q4WEZFPI,journalArticle,2018.0,"Withers, Deborah M.",DIY institutions and amateur heritage making,,,,10.4324/9781315299310-29,https://www.scopus.com/inward/record.uri?eid=2-s2.0-85125896951&doi=10.4324%2F9781315299310-29&partnerID=40&md5=7bdff110a4d5f59e6e9ca350e736f801,"The late twentieth and early twenty-first centuries witnessed a proliferation of informal heritage activities based around the collection, documentation and archiving of popular music. This chapter offers an overview of these independent, do-it-yourself/do-it-together initiatives, which have been conceptualised by Sarah Baker and Alison Huber as ‘DIY institutions’. DIY heritage practices are often amateur in nature, but can also embrace formal approaches to archiving and preservation. I consider how DIY heritage projects are often united by a shared ethos of self-authorisation, and place such actions within the context of networked digitisation of the early twenty-first century that enabled new cultural practices to arise vis-à-vis the digital archive. I discuss how DIY archival projects, established by people who care for the music and musical cultures they select and organise, circulate an alternative conception of value: heritage value. These activities use the archive to convey distinction on music that might otherwise be perceived as tasteless and unpopular. © 2018 selection and editorial matter, Sarah Baker, Catherine Strong, Lauren Istvandity and Zelmarie Cantillon; individual chapters, the contributors.",2018,2025-12-16 16:11:12,2025-12-16 16:11:12,,294 - 302,,,,,,,,,,,,,,,,,,,,Type: Book chapter,,,,,,,,,,,,,,,,,,,,,,,,,,,,,,,,,,,,,,,,,,,,,,,,,,,,2353,1,2026-07-06 15:49:48,
2085,DP2SRZA7,journalArticle,2023.0,"Sutton, Sarah; Fraser, John",MUSEUMS EMPOWERING CLIMATE ACTION,,,,10.4324/9781003347606-3,https://www.scopus.com/inward/record.uri?eid=2-s2.0-85179280781&doi=10.4324%2F9781003347606-3&partnerID=40&md5=ac59239b523c18bef823f511d42ff31a,"The understanding of effective climate change communication between cultural institutions and their publics has advanced rapidly through the 2010s, improving understanding of practice and the role of these institutions in society. Current work in cultural institutions like science centers, zoos and aquariums, and public gardens is improving our understanding of which public engagement practices empower individuals to adopt specific climate action and overall behaviours that care for the planet. Despite the potential, authority, and capacity to engage their publics with the existential crises of our time, the sector fails to live up to its promise. Some museums are taking action through carbon accounting; reducing emissions through operational energy efficiencies and materials and food consumption and disposal; reducing the carbon costs of travel for collections, staff, and visitors; and developing topical exhibitions and public programs. Only recently has this work begun to move beyond the early adopters or those responding to funder or regulatory mandates. Where this work has mostly been restricted to zoos, aquariums, and nature-focused museums, art and history museums are beginning to see paths to action and to engagement. These early adopters recognized that they could not, and now their peers cannot, avoid the climate crisis as it devastates the world they seek to interpret. The response is slow, but the authors report on the innovations that these cultural sector institutions have developed to illustrate pathways that can easily be adopted by the entire museum sector as it works to catch up. They call for a much stronger commitment to advancing the science and practice of climate communication in museums. They do so because they affirm that the role of any museum or library should be the use of material and ephemeral culture to help users find opportunity to contribute to a better future. The authors illustrate how concepts of shared values and identity are the most powerful tools for driving climate empowerment at any scale. © 2024 selection and editorial matter, Nick Merriman; individual chapters, the contributors.",2023,2025-12-16 16:11:08,2025-12-16 16:11:08,,17 - 33,,,,,,,,,,,,,,,,,,,,Type: Book chapter,,,,,,,,,,,,,,,,,,,,,,,,,,,,,,,,,,,,,,,,,,,,,,,,,,,,2085,1,2026-07-06 15:49:56,
1747,U9GZZA4K,journalArticle,2024.0,"Radke, Michael",Planning for The Ubuntu Lab: Building capacity of people to better understand people,,,,10.4324/9781003474975-13,https://www.scopus.com/inward/record.uri?eid=2-s2.0-85212022220&doi=10.4324%2F9781003474975-13&partnerID=40&md5=67f5bb9ae79f56dbd0291be3023fe08a,"With a mandate to help people understand people, The Ubuntu Lab is a museum and community space with a global footprint. Over the last eleven years, its team has pioneered a model for guiding learners to be better able to build self-awareness, empathy, and a community-oriented worldview. This case study will explore the questions the institution has faced, how it integrated futures thinking, the existing models the team drew from, the principles of Radical Humanity they embraced to put humanity on display, and the lessons they are bringing into the next stage of their work. The models they’ve built on include Hands-on Science Centres, Sites of Conscience, Experimental Travel, and the service industry. The principles they’ve developed of Radical Humanity include Designing an Emotional Journey, Museum as a Service, Content that Supports Learning to Know, and Facilitation as Co-Exploration. These explorations come together around lessons in creation, simplicity, care, and humanity. © 2025 selection and editorial matter, Kristin Alford; individual chapters, the contributors.",2024,2025-12-16 16:11:05,2025-12-16 16:11:05,,65 - 71,,,,,,,,,,,,,,,,,,,,Type: Book chapter,,,,,,,,,,,,,,,,,,,,,,,,,,,,,,,,,,,,,,,,,,,,,,,,,,,,1747,1,2026-07-06 15:50:20,
1703,4VRMRGDK,journalArticle,2021.0,"Post, Colin",The art of digital curation co-operative stewardship of net-based art,Archivaria,,,,https://www.scopus.com/inward/record.uri?eid=2-s2.0-85121208250&partnerID=40&md5=615653d88a0e37694ea3b778083155f3,"Artists have long engaged with digital and networked technologies in critical and creative ways to explore both new art forms and novel ways of disseminating artworks. Net-based artworks are often created with the intent to circulate outside traditional institutional spaces, and many are shared via artist-run platforms that involve curatorial practices distinct from those of museums or commercial galleries. This article focuses on a particular artist-run platform called Paper-Thin, characterizing the activities involved in managing the platform as digital curation in a polysemous sense – as both the curation of digital artworks and the stewardship of digital information in a complex technological ecosystem. While scholars and cultural heritage professionals have developed innovative preservation strategies for digital and new media artworks housed in institutional collections, the ongoing care of artworks shared through networked alternative spaces is largely carried out co-operatively by the artists and curators of these platforms. Drawing on Howard Becker’s sociological theory of art worlds as networks of co-operative actors, this article describes the patterns of co-operative work involved in creating, exhibiting, and then caring for Net-based art. The article outlines the importance, for cultural heritage professionals, of understanding the digital-curation practices of artists, as these artist-run networked platforms demonstrate emergent approaches to the stewardship of digital culture that move beyond a custodial paradigm. © 2021, Association of Canadian Archivists. All rights reserved.",2021,2025-12-16 16:11:05,2025-12-16 16:11:05,,6 - 47,,,92,,,,,,,,,,,,,,,,,Type: Article,,,,,,,,,,,,,,,,,,,,,,,,,,,,,,,,,,,,,,,,,,,,,,,,,,,,1703,1,2026-07-06 15:52:05,
2277,WJB9I5CX,journalArticle,2023.0,"Wali, Alaka; Collins, Robert Keith",Decolonizing Museums: Toward a Paradigm Shift,Annual Review of Anthropology,,,10.1146/annurev-anthro-052721-040652,https://www.scopus.com/inward/record.uri?eid=2-s2.0-85176332506&doi=10.1146%2Fannurev-anthro-052721-040652&partnerID=40&md5=f3882671bdf5166e38d17dd69f2548d3,"This review examines the discourses and practices that have produced a lively literature on museum decolonization created by scholars of museum practices and curators. We consider the trajectory of decolonization efforts in museums, focusing especially on the care of Native North American heritage, with comparison to similar trajectories internationally. We begin with a discussion of decolonizing moments in theory and practice, with particular attention to 1990s critique of ethnographic museums and developments after the passage of the Native American Graves Protection and Repatriation Act (NAGPRA). Following this discussion is a review of works on concerns regarding Native American representation and public displays, involvement in collections care, and the varied collaborations that are changing museum practices. The final section foregrounds the fluorescence of tribal museums and their contributions to the decolonization and indigenization of museums, as well as emerging paradigm shifts in both the anthropology of museums and anthropology in museums. © 2023 Annual Reviews Inc.. All rights reserved.",2023,2025-12-16 16:11:11,2025-12-16 16:11:11,,329 - 345,,,52,,,,,,,,,,,,,,,,,Type: Review,,,,museum; decolonization; ethnography; theoretical study; comparative study; North America; paradigm shift,,,,,,,,,,,,,,,,,,,,,,,,,,,,,,,,,,,,,,,,,,,,,,,,2277,1,2026-07-06 15:52:11,
971,GWQCN5BK,journalArticle,2012.0,"Innocenti, Perla",Preventing digital casualties: An interdisciplinary research for preserving digital art,Leonardo,,,10.1162/LEON_a_00448,https://www.scopus.com/inward/record.uri?eid=2-s2.0-84866018296&doi=10.1162%2FLEON_a_00448&partnerID=40&md5=c48979fb4d01e6957ef539e6b09260f9,"There are practical problems associated with documentation, preservation, access, function, context and meaning of digital art. How do we care for similar works, and which are the theoretical and methodological challenges for curating and preserving digital art? Upon an ongoing case-based investigation of current digital and media art conservation practices at leading international museums, The author investigates how conservation for digital art could benefit from interdisciplinary synergies with Digital Preservation, Art Theory, and Information Management. A longer version of this paper entitled 'Evolution and preservation of digital art: case studies from ZKM', was presented at the Association of Art Historians (AAH) Conference 2010, University of Glasgow, United Kingdom. © 2012 ISAST.",2012,2025-12-16 16:10:55,2025-12-16 16:10:55,,472 - 473,,5,45,,,,,,,,,,,,,,,,,Type: Article,,,,,,,,,,,,,,,,,,,,,,,,,,,,,,,,,,,,,,,,,,,,,,,,,,,,971,1,2026-07-06 15:52:21,
2675,YXHYL4WM,journalArticle,2012.0,"Innocenti, Perla",PREVENTING DIGITAL CASUALTIES: AN INTERDISCIPLINARY RESEARCH FOR PRESERVING DIGITAL ART,LEONARDO,,,10.1162/LEON_a_00448,,"There are practical problems associated with documentation, preservation, access, function, context and meaning of digital art. How do we care for similar works, and which are the theoretical and methodological challenges for curating and preserving digital art? Upon an ongoing case-based investigation of current digital and media art conservation practices at leading international museums, The author investigates how conservation for digital art could benefit from interdisciplinary synergies with Digital Preservation, Art Theory, and Information Management. A longer version of this paper entitled `Evolution and preservation of digital art: case studies from ZKM', was presented at the Association of Art Historians (AAH) Conference 2010, University of Glasgow, United Kingdom.",2012-10,2025-12-16 16:11:46,2025-12-16 16:11:46,,472-473,,5,45,,,,,,,,,,,,,,,,,Type: Article,,,,digital preservation; computer-based art; digital art; interdisciplinary collaborations; theoretical frameworks,,,,,,,,,,,,,,,,,,,,,,,,,,,,,,,,,,,,,,,,,,,,,,,,971,1,2026-07-06 15:52:21,
1492,WG3HM7JC,journalArticle,2013.0,"Munro, Ealasaid","""People just need to feel important, like someone is listening"": Recognising museums' community engagement programmes as spaces of care",Geoforum,,,10.1016/j.geoforum.2013.04.008,https://www.scopus.com/inward/record.uri?eid=2-s2.0-84877791617&doi=10.1016%2Fj.geoforum.2013.04.008&partnerID=40&md5=c22991ffdaff2607d6caab42dfbbbd92,"This paper examines the ways in which spaces of care are produced within museums. In particular, this paper investigates community engagement, a relatively underexplored facet of museum practice in the UK. Community engagement is often understood as a way for museums to engage with those individuals, groups and communities who do not or cannot regularly visit museums. Goals for community engagement programmes range from the short-term, for example the creation of a body of knowledge around an object from a museum's collection, through to the long-term, for example the cultivation of a relationship between local communities and the museums service. The paper draws upon a period of ethnographic research undertaken with Glasgow Museums - the city of Glasgow's municipal museum service. I use the example of community engagement as a means of interrogating the spaces of care produced within museums. I argue that museums are ideal places within which to create caring spaces and yet clear problems arise when the caring that is done within museums is not recognised as such. I also argue that ideas about women's ability to cultivate and sustain care relationships are reproduced in museum settings. © 2013.",2013,2025-12-16 16:11:02,2025-12-16 16:11:02,,54 - 62,,,48,,,,,,,,,,,,,,,,,Type: Article,,,,museum; Scotland; gender; United Kingdom; cultivation; Glasgow [Scotland],,,,,,,,,,,,,,,,,,,,,,,,,,,,,,,,,,,,,,,,,,,,,,,,1492,1,2026-07-06 15:52:45,
1388,TRLJPQZE,journalArticle,2022.0,"McCann, Erina; Hadfield, Jade",Looking Back to Move Forward: Continuing Community-centric Practices for Conservation and Collection Care of Pacific Collections in an Australian Museum,Studies in Conservation,,,10.1080/00393630.2022.2066318,https://www.scopus.com/inward/record.uri?eid=2-s2.0-85132655992&doi=10.1080%2F00393630.2022.2066318&partnerID=40&md5=dbbd0855b8c167a9eead6f0971ba6a57,"The changing role of conservation necessitates the facilitation of space through which spiritual and physical interactions occur. Enabling balance between collections and communities past and present, establishes respect and acknowledgement for diverse cultural knowledge. To formalise this, a Methodology for Cultural Safety and Care was co-developed during the redevelopment of Te Pasifika exhibition at Museums Victoria (2018–2020). The framework looks to the past, to address the inequities in Pasifika representation and voice in cultural collections, then to the present, to create a robust platform for community-centric storytelling in Victoria, Australia, with respect to wider Moana (ocean) values. This centres orality, collaboration and community, drawing from cultural practice, ‘new’ guidelines for collection management, conservation and collections care, while providing a platform for collective Pasifika voices in an Australian context. Access to museum collections by members of a culturally diverse Pasifika diasporic community in Victoria, Australia, is integral to cultural maintenance and community wellbeing. Cultural knowledge continually transcends generations, moulding identities in new contexts, fluidly evolving, while adapting, changing and responding to community needs. The methodology challenges the rigidity of traditional museum ideology. Normalising Indigenous practices and values in a museum context removes distance between all involved and humanises museum practice, benefiting both those who interact with taonga (cultural treasures) and the taonga themselves. Reflecting on the implementation of this methodology, we emphasise the need to elevate cultural values as museum practice, affirming the viability of creating ongoing opportunities for community input. © The International Institute for Conservation of Historic and Artistic Works 2022.",2022,2025-12-16 16:11:00,2025-12-16 16:11:00,,166 - 172,,S1,67,,,,,,,,,,,,,,,,,Type: Article,,,,Indigenous conservation; Historic preservation; Past and present; Cultural knowledge; Museum collections; Community-centric practice; Energy conservation; Museum cultural safety; Pacific diaspora community in victoria; Physical and intangible heritage; Physical interactions; Victorias (Australia),,,,,,,,,,,,,,,,,,,,,,,,,,,,,,,,,,,,,,,,,,,,,,,,1388,1,2026-07-06 15:53:16,
2813,JPX9PPF5,journalArticle,2022.0,"McCann, Erina; Hadfield, Jade",Looking Back to Move Forward: Continuing Community-centric Practices for Conservation and Collection Care of Pacific Collections in an Australian Museum,STUDIES IN CONSERVATION,,,10.1080/00393630.2022.2066318,,"The changing role of conservation necessitates the facilitation of space through which spiritual and physical interactions occur. Enabling balance between collections and communities past and present, establishes respect and acknowledgement for diverse cultural knowledge. To formalise this, a Methodology for Cultural Safety and Care was co-developed during the redevelopment of Te Pasifika exhibition at Museums Victoria (2018-2020). The framework looks to the past, to address the inequities in Pasifika representation and voice in cultural collections, then to the present, to create a robust platform for community-centric storytelling in Victoria, Australia, with respect to wider Moana (ocean) values. This centres orality, collaboration and community, drawing from cultural practice, `new' guidelines for collection management, conservation and collections care, while providing a platform for collective Pasifika voices in an Australian context. Access to museum collections by members of a culturally diverse Pasifika diasporic community in Victoria, Australia, is integral to cultural maintenance and community wellbeing. Cultural knowledge continually transcends generations, moulding identities in new contexts, fluidly evolving, while adapting, changing and responding to community needs. The methodology challenges the rigidity of traditional museum ideology. Normalising Indigenous practices and values in a museum context removes distance between all involved and humanises museum practice, benefiting both those who interact with taonga (cultural treasures) and the taonga themselves. Reflecting on the implementation of this methodology, we emphasise the need to elevate cultural values as museum practice, affirming the viability of creating ongoing opportunities for community input.",2022-08-10,2025-12-16 16:11:49,2025-12-16 16:11:49,,166-172,,"1, SI",67,,,,,,,,,,,,,,,,,Type: Article,,,,Community-centric practices; Indigenous conservation; museum collections; museum cultural safety; Pacific diaspora communities in Victoria; physical and intangible heritage,,,,,,,,,,,,,,,,,,,,,,,,,,,,,,,,,,,,,,,,,,,,,,,,1388,1,2026-07-06 15:53:16,
828,ZSDH3ZCX,journalArticle,2023.0,"Griffin, Sarah M.; Klimm, Florian",NETWORKS AND MUSEUM COLLECTIONS,,,,10.1093/oxfordhb/9780198854265.013.40,https://www.scopus.com/inward/record.uri?eid=2-s2.0-85196247562&doi=10.1093%2Foxfordhb%2F9780198854265.013.40&partnerID=40&md5=6fffae2542bd72aa6d34f0bd765bc357,"This chapter explores different methods for constructing and analyzing networks from museum collection data, using a dataset provided by the Metropolitan Museum of Art in New York as a case study. To investigate how the use of different media (i.e. materials and techniques) vary across the collection, networks concerning the media associated with each object are constructed, specifically a two-mode object–medium network and a one-mode network of medium co-occurrence. Within these networks, nodes are ranked by their centralities to identify abundant and important media, which are then considered in relation to museum practices, such as the categorization of objects into separate departments. In order to identify how the media used in the production of the objects change over time, a temporal co-occurrence network is investigated as a multilayer network. Investigating multiple centuries individually as separate layers reveals a change in media use over time. By creating new perspectives on the collection made possible with digital tools and that are less determined by some of the subjective choices concerning the curation and care of the collections, we believe temporal networks of museum datasets can reveal valuable insights on museum collections. Similar methods may also be applied to collections of objects outside of museums, such as archaeological assemblages. © Oxford University Press 2024.",2023,2025-12-16 16:10:54,2025-12-16 16:10:54,,149 - 161,,,,,,,,,,,,,,,,,,,,Type: Book chapter,,,,,,,,,,,,,,,,,,,,,,,,,,,,,,,,,,,,,,,,,,,,,,,,,,,,828,1,2026-07-06 15:53:19,
1243,RIV7VT2A,journalArticle,2018.0,"Lindsay, Helen",Evidencing the Case for Preventive Conservation: the Role of Collections Care Documentation,Studies in Conservation,,,10.1080/00393630.2018.1504516,https://www.scopus.com/inward/record.uri?eid=2-s2.0-85053228662&doi=10.1080%2F00393630.2018.1504516&partnerID=40&md5=db94f219ebdb3797080a19c54a604585,"Collections care describes actions taken to prevent or limit the deterioration of moveable cultural heritage and ‘collections care documentation’ (CCD) refers to the recording and retention of information relating to those activities. This paper describes the findings of a survey and targeted interviews with staff from a number of U.K. museums, archives and libraries. The results suggest that, while there is much good practice, some organisations face difficulties instituting a framework for CCD which covers all their activities effectively. Large and small organisations have varying challenges to face; the former with specialist staff working in separate departments and the latter with staff who carry out activities relating to preventive conservation but who may not have specialist knowledge. An efficient documentation structure, which is resilient and relevant to the organisation, can support and improve communication as well as raise awareness of the reasons for and methods of preventive conservation. This paper looks at the reasons why even basic practices can sometimes be difficult to achieve and presents ideas for identifying and overcoming barriers. As preventive conservators argue that specified actions influence the long-term sustainability of collections the evidence that allows verification those claims needs to be retained. In order to do this, a greater focus on what data to collect and why will enable the sector to align CCD with specific research questions. © 2018, © The International Institute for Conservation of Historic and Artistic Works 2018.",2018,2025-12-16 16:10:59,2025-12-16 16:10:59,,175 - 180,,sup1,63,,,,,,,,,,,,,,,,,Type: Article,,,,heritage; Conservation; collections care; Preventive conservation; Preventive; Cultural heritages; System program documentation; Deterioration; Surveys; Surveying; Long-term sustainability; Record keeping; Records management; Research questions; Risks,,,,,,,,,,,,,,,,,,,,,,,,,,,,,,,,,,,,,,,,,,,,,,,,1243,1,2026-07-06 15:53:23,
2770,R26GAFHQ,journalArticle,2018.0,"Lindsay, Helen",Evidencing the Case for Preventive Conservation: the Role of Collections Care Documentation,STUDIES IN CONSERVATION,,,10.1080/00393630.2018.1504516,,"Collections care describes actions taken to prevent or limit the deterioration of moveable cultural heritage and `collections care documentation' (CCD) refers to the recording and retention of information relating to those activities. This paper describes the findings of a survey and targeted interviews with staff from a number of U.K. museums, archives and libraries. The results suggest that, while there is much good practice, some organisations face difficulties instituting a framework for CCD which covers all their activities effectively. Large and small organisations have varying challenges to face; the former with specialist staff working in separate departments and the latter with staff who carry out activities relating to preventive conservation but who may not have specialist knowledge. An efficient documentation structure, which is resilient and relevant to the organisation, can support and improve communication as well as raise awareness of the reasons for and methods of preventive conservation. This paper looks at the reasons why even basic practices can sometimes be difficult to achieve and presents ideas for identifying and overcoming barriers. As preventive conservators argue that specified actions influence the long-term sustainability of collections the evidence that allows verification those claims needs to be retained. In order to do this, a greater focus on what data to collect and why will enable the sector to align CCD with specific research questions.",2018,2025-12-16 16:11:48,2025-12-16 16:11:48,,175-180,,"1, SI",63,,,,,,,,,,,,,,,,,Type: Article,,,,heritage; conservation; collections care; risk; documentation; Preventive; record keeping; survey,,,,,,,,,,,,,,,,,,,,,,,,,,,,,,,,,,,,,,,,,,,,,,,,1243,1,2026-07-06 15:53:23,
574,TADIIDCQ,journalArticle,2023.0,"Donlan, Katie",Thinking outside the (museum) box,Anthropology and Humanism,,,10.1111/anhu.12444,https://www.scopus.com/inward/record.uri?eid=2-s2.0-85161591607&doi=10.1111%2Fanhu.12444&partnerID=40&md5=1556a7e37f762c6710ba3068575e9e47,"Traversing between museum, archive, and community, this flash ethnography explores the tensions and possibilities of museum collections research today. As museums increasingly strive to repair relationships with descendant communities via collaboration and renewed access to collections, lingering questions remain. Where do cultural items belong, how should they be cared for, and by whom? I draw attention to the potential limits of familiar museum tools of documentation and preservation—databases, storage boxes, and cotton gloves—that become illuminated when cultural items travel home to communities. Ultimately, I seek to complicate the museum's capacity to care for the complex, lively, and storied belongings that “collections” indeed are. © 2023 American Anthropological Association.",2023,2025-12-16 16:10:49,2025-12-16 16:10:49,,365 - 367,,2,48,,,,,,,,,,,,,,,,,Type: Article,,,,,,,,,,,,,,,,,,,,,,,,,,,,,,,,,,,,,,,,,,,,,,,,,,,,574,1,2026-07-06 15:53:30,
2284,B7ECH3H7,journalArticle,2024.0,"Wallis, Nicola; Noble, Kate",The slow museum: the affordances of a university art museum as a nurturing and caring space for young children and their families,Museum Management and Curatorship,,,10.1080/09647775.2023.2269145,https://www.scopus.com/inward/record.uri?eid=2-s2.0-85174221721&doi=10.1080%2F09647775.2023.2269145&partnerID=40&md5=5ff40a7add66580b904d38ba105e272a,"Museums are increasingly considering civic responsibilities towards the communities of which they are a part. In this study, a group of families with children aged between two and four years visited a university art museum for multiple facilitated sessions within a participatory research project. Drawing on previous work on caring museum practices, this article explores the potential of museums to support young families through key affordances: time, connection, and exploration. We demonstrate how, by offering opportunities to slow down, build relationships, and take risks, the museum can become a nurturing space of care and connectedness. We contrast this care-centred approach with the pressure exerted on both the museum and early years sectors of target-setting approaches with easily measurable outcomes demanding a singular focus on rapid linear progress. The analysis presented here resists this model, offering instead an approach rooted in gentle attention and openness. © 2023 The Author(s). Published by Informa UK Limited, trading as Taylor & Francis Group.",2024,2025-12-16 16:11:11,2025-12-16 16:11:11,,694 - 715,,6,39,,,,,,,,,,,,,,,,,Type: Article,,,,,,,,,,,,,,,,,,,,,,,,,,,,,,,,,,,,,,,,,,,,,,,,,,,,2284,1,2026-07-06 15:53:47,
3104,JC9HT2QX,journalArticle,2024.0,"Wallis, Nicola; Noble, Kate",The slow museum: the affordances of a university art museum as a nurturing and caring space for young children and their families,MUSEUM MANAGEMENT AND CURATORSHIP,,,10.1080/09647775.2023.2269145,,"Museums are increasingly considering civic responsibilities towards the communities of which they are a part. In this study, a group of families with children aged between two and four years visited a university art museum for multiple facilitated sessions within a participatory research project. Drawing on previous work on caring museum practices, this article explores the potential of museums to support young families through key affordances: time, connection, and exploration. We demonstrate how, by offering opportunities to slow down, build relationships, and take risks, the museum can become a nurturing space of care and connectedness. We contrast this care-centred approach with the pressure exerted on both the museum and early years sectors of target-setting approaches with easily measurable outcomes demanding a singular focus on rapid linear progress. The analysis presented here resists this model, offering instead an approach rooted in gentle attention and openness.",2024-11-01,2025-12-16 16:11:52,2025-12-16 16:11:52,,694-715,,6,39,,,,,,,,,,,,,,,,,Type: Article,,,,Museums; care; families; participatory research; slowness; young children,,,,,,,,,,,,,,,,,,,,,,,,,,,,,,,,,,,,,,,,,,,,,,,,2284,1,2026-07-06 15:53:47,
2109,DMWAJZAC,journalArticle,2019.0,"Tanner, Elise; Huang, Margaret",Planning for time-based media artwork preservation at the Philadelphia museum of art,Art Documentation,,,10.1086/705727,https://www.scopus.com/inward/record.uri?eid=2-s2.0-85076960727&doi=10.1086%2F705727&partnerID=40&md5=3fc48fb081468c0f4fe3e2c9d44dadbf,"The National Digital Stewardship Residency in Art Information (NDSR Art) project at the Philadelphia Museum of Art titled “Planning for Time-Based Media Artwork Preservation” was a year-long initiative to research the collecting, care, and conservation needs of the museum’s time-based media art (TBMA) collection. In this article, the authors describe the work of the NDSR Art resident and her host mentor that entailed establishing digital storage space, creating and implementing a disk-imaging workflow for the artworks’ born-digital components, and developing more robust collections records. Ultimately, the project produced a foundation of knowledge and documentation to inform museum staff about the best practices and standards necessary to build an infrastructure that fully supports the unique preservation needs of TBMA. © 2019 by The Art Libraries Society of North America. All rights reserved.",2019,2025-12-16 16:11:10,2025-12-16 16:11:10,,229 - 261,,2,38,,,,,,,,,,,,,,,,,Type: Article,,,,,,,,,,,,,,,,,,,,,,,,,,,,,,,,,,,,,,,,,,,,,,,,,,,,2109,1,2026-07-06 15:53:52,
2279,GQE5LXTL,journalArticle,2025.0,"Walker, Amy; Moles, Kate; Höpfel, Jürgen Viet Anh",Nostalgia and the cruel promises of austerity: Neoliberal narratives and post-industrial memory in the South Wales coalfield,Memory Studies,,,10.1177/17506980251320778,https://www.scopus.com/inward/record.uri?eid=2-s2.0-105004582659&doi=10.1177%2F17506980251320778&partnerID=40&md5=71279422cd77a1b188e67d53c0c1e89f,"Austerity in the United Kingdom has been widely framed, in academic and popular representations, as a nostalgic project, drawing legitimacy from idealised images of a resilient past. We argue that these notions of resilience embedded in austerity discourses parallel nostalgic attachments to mining legacies in the South Wales coalfield. Through analysing the promises and strategies behind austerity, we explore its complex dynamics in post-industrial communities marked by long-standing marginalisation and hardship. Based on ethnographic research in the South Wales Valleys, we contend that nostalgia plays a key role in nurturing the ‘cruel optimism’ of austerity, enrolling citizens into its neoliberal logic and material practices. Nostalgic practices such as heritage projects and community initiatives often reinforce values central to austerity, creating a conflicted space where memory serves both empowerment and exploitation. However, amid the legacies of deindustrialisation and austerity, a growing scepticism and recognition of austerity’s failures have given rise to subtle forms of resistance, grounded in community solidarity and care. This resistance, sustained by nostalgic narratives of perseverance and collective identity, holds potential for alternative, transformative politics in the future. © The Author(s) 2025.",2025,2025-12-16 16:11:11,2025-12-16 16:11:11,,377 - 392,,2,18,,,,,,,,,,,,,,,,,Type: Article,,,,,,,,,,,,,,,,,,,,,,,,,,,,,,,,,,,,,,,,,,,,,,,,,,,,2279,0,2026-07-06 13:30:18,
2548,KZL7RYHE,journalArticle,2023.0,"da Costa Bomfim, Laudineia Barros; Moreira da Silva, Cleiry Simone; Porto, Fernando",Culture of caring for indigenous people with children,CULTURA DE LOS CUIDADOS,,,10.14198/cuid.2023,,"Objective: to present the care lifestyles of indigenous peoples with an emphasis on children for transfer in health institutions. Methodology: documental investigation, in the aspect of the culture of care, through four indigenous communities circumscribed in Roraima. The discussion in four axes: hygiene, food, evacuations to eat and sleep, and care for injuries to children under and over 1 year old. Results: This gave rise to three tables: indigenous people, lifestyle of care for children under 1 year old and another with children over 1 year old. Contributions to practice: these were traces of how difficult it is to care for the indigenous population, which deserves training for health professionals. Final Considerations: They pointed to interculturality, the process of cultural heritage, in principle, through Catholicism and the need for training health professionals, especially nursing with the proposal of transculturality.",2023,2025-12-16 16:11:45,2025-12-16 16:11:45,,185-198,,65,27,,,,,,,,,,,,,,,,,Type: Article,,,,care; Habits; indigenous.; mores,,,,,,,,,,,,,,,,,,,,,,,,,,,,,,,,,,,,,,,,,,,,,,,,2548,0,2026-07-06 13:30:51,
2069,BSXQKVYV,journalArticle,2024.0,"Stigter, Sanneke",Articulating artworks: On the theory and practice of oral history in art conservation,,,,10.4324/9781003360575-5,https://www.scopus.com/inward/record.uri?eid=2-s2.0-85205177518&doi=10.4324%2F9781003360575-5&partnerID=40&md5=c2e6f6f79f07ac65e854dd639d7962f8,"This chapter is a personal account of a contemporary art conservator using ‘artwork interviews’ for research in conservation and technical art history. Three case studies illustrate which features and values surface when discussing artworks through the lens of conservation, and how an autoethnographic approach can help manage one’s input as an interviewer. Two artworks by Jan Dibbets and one by Sjoerd Buisman are discussed through interviews with the artists themselves and with former museum professional Louis Baltussen. In drawing the examples together, this chapter aims to contribute to a better theoretical understanding of the interview as a source, and a more reflexive approach when employing oral history methods. Foreseeing what the interview could mean for an artwork while conducting it enables the interviewer to better manage their role, as the source created will not only become part of the artwork’s informational body, but can also inform decision-making about its conservation, installation or recreation. In addition to what it yields, it is suggested that interviewing artists and other stakeholders about a work of art could even be considered a form of conservation, especially for ephemeral work, such as conceptual art and process-based work. In such interviews, artworks are articulated in great detail and carefully defined - and redefined - with genuine curiosity and utmost care. © 2025 selection and editorial matter, Lucia Farinati and Jennifer Thatcher.",2024,2025-12-16 16:11:08,2025-12-16 16:11:08,,64 - 78,,,,,,,,,,,,,,,,,,,,Type: Book chapter,,,,,,,,,,,,,,,,,,,,,,,,,,,,,,,,,,,,,,,,,,,,,,,,,,,,2069,0,2026-07-06 13:38:39,
2051,2GW4RCL8,journalArticle,2012.0,"Staniforth, Sarah; Lloyd, Helen",Use it or lose it: The opportunities and challenges of bringing historic places to life,Studies in Conservation,,,10.1179/2047058412Y.0000000053,https://www.scopus.com/inward/record.uri?eid=2-s2.0-84870475079&doi=10.1179%2F2047058412Y.0000000053&partnerID=40&md5=a87ef9fa6789f0c69b6338695578f644,"Decorative art collections which remain in the places for which they were made, bought, or collected can illuminate the past by showing how objects were used. This paper explores how managers and collections care staff can establish levels of visitor access and object use which enhance the visitor experience. Conservation management plans are used to determine the significance of historic places and distinguish between their relative sensitivities. By contrast, conservation of collections tends to treat all objects as of equal significance and vulnerability to change while conservators aim to make all objects last 'forever'. The National Trust, UK, now accepts that conservation is the careful management of change. Materials have a finite life-time, and places will evolve, but experiences can be preserved. This approach depends on an ability to distinguish between robust and fragile materials, between furnishings indigenous to each property, and those brought in to supplement displays; the latter can be used more intensively to 'bring places to life'. The pleasure which visitors derive from the use of collections enhances their appreciation of museums, and in turn creates a virtuous circle where visitor numbers and income increase. Museums may have to stop exercising the precautionary principle in order to become more sustainable organizations. © The International Institute for Conservation of Historic and Artistic Works 2012.",2012,2025-12-16 16:11:08,2025-12-16 16:11:08,,S286 - S294,,SUPPL. 1,57,,,,,,,,,,,,,,,,,Type: Conference paper,,,,Museums; Housekeeping; Sustainable; Precautionary principle; Relevance; Replicas; Risk assessment; Significance; Personnel training; Empowerment of personnel,,,,,,,,,,,,,,,,,,,,,,,,,,,,,,,,,,,,,,,,,,,,,,,,2051,0,2026-07-06 13:46:59,
3023,SXQTRKQK,journalArticle,2012.0,"Staniforth, Sarah; Lloyd, Helen",Use it or lose it: The opportunities and challenges of bringing historic places to life,STUDIES IN CONSERVATION,,,10.1179/2047058412Y.0000000053,,"Decorative art collections which remain in the places for which they were made, bought, or collected can illuminate the past by showing how objects were used. This paper explores how managers and collections care staff can establish levels of visitor access and object use which enhance the visitor experience. Conservation management plans are used to determine the significance of historic places and distinguish between their relative sensitivities. By contrast, conservation of collections tends to treat all objects as of equal significance and vulnerability to change while conservators aim to make all objects last `forever'. The National Trust, UK, now accepts that conservation is the careful management of change. Materials have a finite life-time, and places will evolve, but experiences can be preserved. This approach depends on an ability to distinguish between robust and fragile materials, between furnishings indigenous to each property, and those brought in to supplement displays; the latter can be used more intensively to `bring places to life'. The pleasure which visitors derive from the use of collections enhances their appreciation of museums, and in turn creates a virtuous circle where visitor numbers and income increase. Museums may have to stop exercising the precautionary principle in order to become more sustainable organizations.",2012,2025-12-16 16:11:51,2025-12-16 16:11:51,,286-294,,1,57,,,,,,,,,,,,,,,,,Type: Article; Proceedings Paper,,,,Housekeeping; Sustainable; Precautionary principle; Relevance; Replicas; Risk assessment; Significance; Training,,,,,,,,,,,,,,,,,,,,,,,,,,,,,,,,,,,,,,,,,,,,,,,,2051,0,2026-07-06 13:46:59,
119,HXWZAXGV,journalArticle,2017.0,"Babino, Alexandra; Stewart, Mary Amanda","“I Like English Better”: Latino Dual Language Students’ Investment in Spanish, English, and Bilingualism",Journal of Latinos and Education,,,10.1080/15348431.2016.1179186,https://www.scopus.com/inward/record.uri?eid=2-s2.0-84973110374&doi=10.1080%2F15348431.2016.1179186&partnerID=40&md5=9dc12c6ab3fd9924548b164339093a6a,"This mixed-methodology study surveys 63 fifth graders in a one-way dual language school. Findings alarmingly indicate that although these students are native Spanish speakers in a school that delivers 50% of their instruction in Spanish, they prefer English both academically and socially. Subsequent interviews with 10 sample students of the larger study generate deeper understandings about how these students view their languages. If dual language programs are going to be maximally successful, then they must foster an environment that encourages students’ attitudes and investments toward both of their languages, taking particular care to protect and promote the minority language. © 2017 Taylor & Francis Group, LLC.",2017,2025-12-16 16:10:40,2025-12-16 16:10:40,,18 - 29,,1,16,,,,,,,,,,,,,,,,,Type: Article,,,,,,,,,,,,,,,,,,,,,,,,,,,,,,,,,,,,,,,,,,,,,,,,,,,,119,0,2026-07-06 13:59:25,
172,VAWJVI8Z,journalArticle,2024.0,"Bellón, Paula; Nieva, Silvia; Rena Lyons, Rena",Amplifying Parental Views about Language Choice When Raising Multilingual Children: Towards a Family-Centered Approach in Professional Contexts,Languages,,,10.3390/languages9070250,https://www.scopus.com/inward/record.uri?eid=2-s2.0-85199887056&doi=10.3390%2Flanguages9070250&partnerID=40&md5=05d05097ddade09da35c689ae5d2b8ca,"Multilingualism has become the norm in families all over the world. These families need to juggle their children’s linguistic identity and integration in their contexts. They may also need professional advice about which language(s) they should use at home, especially when children present with developmental disorders. There is a dearth of studies addressing the role parental views play in home-language maintenance with children with developmental disorders. This study is conducted in Spain, where Spanish is the national language, along with local languages in certain regions, as well as foreign languages. This qualitative study aimed to deepen our understanding of the views about language choice of multilingual families whose children have either typical language development or a developmental disorder in Spain. We recruited 26 parents of multilingual children aged between 5 and 10 years, from different linguistic backgrounds. Semi-structured online interviews were conducted. The data were analyzed through reflexive thematic analysis. The findings illustrate the complexity and nuance of parents’ views and decisions regarding language choice in their contexts. The themes included identity and belonging, as well as the influences of external advice on parental decisions. It is important that professionals such as speech–language therapists understand these views to enable them to deliver family-centered care. © 2024 by the authors.",2024,2025-12-16 16:10:40,2025-12-16 16:10:40,,,,7,9,,,,,,,,,,,,,,,,,Type: Article,,,,,,,,,,,,,,,,,,,,,,,,,,,,,,,,,,,,,,,,,,,,,,,,,,,,172,0,2026-07-06 13:59:39,
1173,4BDRJMWY,journalArticle,2025.0,"Lang, Luciana; Yarker, Sophie; Phillipson, Chris J.; Buffel, Tine",Exploring the role of faith spaces as social infrastructure in creating age-friendly communities,"Journal of Religion, Spirituality and Aging",,,10.1080/15528030.2025.2559227,https://www.scopus.com/inward/record.uri?eid=2-s2.0-105018193767&doi=10.1080%2F15528030.2025.2559227&partnerID=40&md5=78e2a251efc53f771a7f6db7c9ba1c5f,"Faith spaces are vital but overlooked forms of social infrastructure that support older adults. They are especially important for marginalized and minoritized groups who may face barriers to mainstream services. While Age-Friendly Cities and Communities (AFCC) initiatives aim to develop supportive environments for ageing populations, they have rarely engaged with faith spaces, despite their role in facilitating community support and informal care. This paper addresses this gap by examining both the existing and potential contributions of faith spaces to the development of AFCC, highlighting how faith spaces currently serve, and could further enhance social support for older adults, particularly those from marginalised and minoritized groups. Drawing on 18 months of ethnographic fieldwork across four faith spaces in Greater Manchester, UK, this study highlights how faith spaces provide practical, emotional, and spiritual support, facilitate intergenerational exchange, and act as gateways to wider community engagement. However, findings also reveal structural inequalities, including disparities in resources between faith communities and exclusions shaped by gender, cultural norms, and racial discrimination. This paper argues that a more strategic integration of faith spaces into AFCC frameworks can enhance the inclusivity the AFCC movement and strengthen support for diverse communities, particularly marginalised groups navigating life transitions. © 2025 The Author(s). Published with license by Taylor & Francis Group, LLC.",2025,2025-12-16 16:10:58,2025-12-16 16:10:58,,,,,,,,,,,,,,,,,,,,,,Type: Article,,,,,,,,,,,,,,,,,,,,,,,,,,,,,,,,,,,,,,,,,,,,,,,,,,,,1173,0,2026-07-06 14:01:04,
1196,C975ZNJH,journalArticle,2019.0,"Ławski, Jarosław",Regionalism in the wilderness astray; Regionalizm na puszczańskich manowcach,Bibliotekarz Podlaski,,,10.36770/bp.53,https://www.scopus.com/inward/record.uri?eid=2-s2.0-85150899459&doi=10.36770%2Fbp.53&partnerID=40&md5=7066c2c68fff0d5048e4002bb1995e18,"The article is a critical review of the volume The Book of the Pisz Forest (edited by W. Mierzwa, Dąbrówno 2018). This volume, according to the reviewer, is a record of the crisis of regionalist literature, which is primarily governed by market laws. The care for editorial design does not go hand in hand with any coherent concept of this type of publishing. It shows a visually attractive but objectified image of the Pisz Forest, its nature, history and culture. In addition, the volume does not contain any rescue program to save the Forest. © 2019, Ksiaznica Podlaska. All rights reserved.",2019,2025-12-16 16:10:58,2025-12-16 16:10:58,,313 - 327,,1,42,,,,,,,,,,,,,,,,,Type: Article,,,,,,,,,,,,,,,,,,,,,,,,,,,,,,,,,,,,,,,,,,,,,,,,,,,,1196,0,2026-07-06 14:01:20,
1131,G695FC87,journalArticle,2016.0,"Krenova, Zdenka V.; Zicha, Jiří",Wilderness protection in the Czech Republic,,,,10.1017/CBO9781107415287.012,https://www.scopus.com/inward/record.uri?eid=2-s2.0-85047707717&doi=10.1017%2FCBO9781107415287.012&partnerID=40&md5=7eb23635243f0b7a41bc95c615cc2a59,"Introduction As in many European countries there has been considerable debate in the Czech Republic throughout the past decade over wilderness sensu lato and non-intervention management in protected areas. Critics may describe this as following a fashion, but they cannot fully dispel the fact that there are several strong motivating factors behind the pursuit of such a policy. From an ecological point of view it is obvious that severe natural disturbances have occurred in Europe (e.g., cyclones and windstorms, such as Lothar, Vivian and Kyrill, insect outbreaks, large fires and floods) resulting in discussions about appropriate ways of managing ecosystems, including whether it is acceptable to use non-intervention management in protected areas. In addition, there are also sociological and cultural aspects to the wilderness discussion. After the collapse of the Iron Curtain and the re-opening of previously closed frontiers, people were able to travel more readily and visit new places, during which they were exposed to new ideas. This has helped to inspire new regulatory approaches, including calls for the implementation of new concepts of nature conservation and ecosystem management. In addition, the development of information technologies has offered new channels for sharing ideas, including the promotion of a greater degree of global responsibility and care for our common natural heritage. The idea of wilderness attracts a broad audience and is widely debated. Some people have personally experienced the wilderness, while others have just a romantic notion of something they have never experienced, whereas others strongly reject the notion that wild nature or wilderness should be protected. In the Czech Republic, the ecological and social changes that have occurred over the last decade have stimulated an increasing interest in wilderness, although the prevailing regulatory conservativism has meant that new ideas have not been adopted easily. Wilderness is still more about emotions than serious arguments, legal definitions and protective legislation. This chapter accordingly provides a concise overview of the nature conservation policy and legislation in the Czech Republic and outlines milestones in the Czech implementation of the European wilderness concept (Section 3). As a case study, the Europe’s Wild Heart project is examined, alongside the importance of a powerful legislative framework for wilderness protection (Section 4). © Cambridge University Press 2016.",2016,2025-12-16 16:10:58,2025-12-16 16:10:58,,269 - 286,,,,,,,,,,,,,,,,,,,,Type: Book chapter,,,,,,,,,,,,,,,,,,,,,,,,,,,,,,,,,,,,,,,,,,,,,,,,,,,,1131,0,2026-07-06 14:01:30,
460,QECCU6TQ,journalArticle,2016.0,"Crespo, Edda Lía","Between traditions, regionalism and mutual aid. The Spanish associations in the Gulf San Jorge (1910-1959); Entre tradiciones, regionalismos y socorros mutuos. El asociacionismo español en la zona del Golfo San Jorge (1910-1959)",Quinto Sol,,,10.19137/qs1134,https://www.scopus.com/inward/record.uri?eid=2-s2.0-84991327470&doi=10.19137%2Fqs1134&partnerID=40&md5=54c199d904288181110d20e11c2eb427,"From the first decades of the 20th century, the creation of the ""community hospital"" was part of the projects of the leadership of the Asociación Española de Socorros Mutuos based in Comodoro Rivadavia. Resumed en 1947, it culminated with the inauguration of the clinic of their own in 1959. This article analyzes how managerial commissions of the ethnic groups of the study area found, in the field of health care demands, a land fit to expand voluntary associations. In the early 1940s there was a keen interest on the part of the central State in regulating the associational life, a situation which, in principle, was received with appreciation by local leaderships. However, the creation of the Directorate of mutuals and the attempt by the Secretariat of Labour and Welfare that the mentioned entities accounted for the conditions of its inner workings culminated with the rejection of the leadership of the Galician Centre of Comodoro Rivadavia and the Spanish Association. The studied Spanish associations have a significant documentary heritage, which, coupled with the local press consulted, will enable us to bring us closer to the particularities of the associations in the area. Our work is part of a renewed interest of local academics, and, above all, balance collective performed on one side of the Atlantic Ocean.",2016,2025-12-16 16:10:46,2025-12-16 16:10:46,,,,2,20,,,,,,,,,,,,,,,,,Type: Review,,,,,,,,,,,,,,,,,,,,,,,,,,,,,,,,,,,,,,,,,,,,,,,,,,,,460,0,2026-07-06 14:01:43,
1416,LR83BHZB,journalArticle,2010.0,"Melton, Gary B.","Innovations, respect, and personal renewal",American Journal of Orthopsychiatry,,,10.1111/j.1939-0025.2010.01056.x,https://www.scopus.com/inward/record.uri?eid=2-s2.0-77958468789&doi=10.1111%2Fj.1939-0025.2010.01056.x&partnerID=40&md5=ff4f014bd10f0b0149973017dc044793,,2010,2025-12-16 16:11:02,2025-12-16 16:11:02,,530 - 535,,4,80,,,,,,,,,,,,,,,,,Type: Note,,,,Aged; Humans; creativity; History; 20th Century; disability; United States; quality of life; note; health personnel attitude; community care; commercial phenomena; medical profession; consumer; mental health service; mental health care; social psychology; Disabled Persons; Emergencies; Medication Adherence; Reminder Systems; Telephone,,,,,,,,,,,,,,,,,,,,,,,,,,,,,,,,,,,,,,,,,,,,,,,,1416,0,2026-07-06 14:02:31,
1619,85N4BZMU,journalArticle,2024.0,"Panda, Sudha; Ray, Soumyendu Shankar",Aligning Peri-Urban Areas Toward Sustainable Development Goals: A Case of Pratapsasan—A Peri-Urban Area of Bhubaneswar City,Springer Geography,,,10.1007/978-3-031-77596-3_18,https://www.scopus.com/inward/record.uri?eid=2-s2.0-85219067974&doi=10.1007%2F978-3-031-77596-3_18&partnerID=40&md5=421e0b24655dbf2efd488fd6f37cadd3,"Peri-urban areas are described as transitional areas or fringe areas of cities or adjoining rural areas, experience constant transformation, and are characterized by a mix of rural and urban activities. Cities have to face the challenge of rapid urbanization and urban sprawl resulting in peri-urban areas getting strongly affected by the expansion processes of the city. The planning of peri-urban areas should not be just an extension of urban activities of the city in rural areas but have its own spatial character. This chapter focuses on sustainable planning principles of peri-urban areas taking the case of Pratapsasan, a fringe area of Bhubaneswar city, which is the capital of the eastern state of Odisha, in India. It is well known for bell metal products since the fourteenth century. The paper tries to frame the planning principles of peri-urban areas by adhering to the sustainable development goals and addressing the concerns of the local community by linking tourism with the crafts and tradition, making food production an integral part of city planning, and integration of the river beds and geomorphology while planning the road network in peri-urban areas. By integrating the market linkages, making all activities community centric, and taking care of the cultural identity and environmental concerns, the proposed development is able to take care of SDG 11 (supporting positive economic, social, and environmental links between urban, peri-urban, and rural areas) very effectively. © The Author(s), under exclusive license to Springer Nature Switzerland AG 2024.",2024,2025-12-16 16:11:04,2025-12-16 16:11:04,,403 - 424,,,Part F4103,,,,,,,,,,,,,,,,,Type: Book chapter,,,,,,,,,,,,,,,,,,,,,,,,,,,,,,,,,,,,,,,,,,,,,,,,,,,,1619,0,2026-07-06 14:02:43,
1655,I9F6B578,journalArticle,2021.0,"Peng, Mei; Gu, Lizhu; Kong, Zilin; Zou, Lan",Research review and prospects of VOSviewer-based textile plant dyeing; 基于 ＶＯＳｖｉｅｗｅｒ 的纺织品植物染色研究回顾与展望,Journal of Silk,,,10.3969/j.issn.1001-7003.2021.09.009,https://www.scopus.com/inward/record.uri?eid=2-s2.0-85129078085&doi=10.3969%2Fj.issn.1001-7003.2021.09.009&partnerID=40&md5=3b142c8efe58bebcfa8d918e7c3af0bc,"Textile plant dyeing process has a long history. To accelerate its development and clarify the areas of weakness and trends of existing research, VOSviewer was used to sort out and analyze the existing research literature. Certain research achievements have been achieved in plant dyes, processes, fabrics, applications and development. However, in view of single application of plant dyeing materials and dyeing processes, insufficient development of its fabries, and scarce research on its production and marketing, this study proposes to strengthen the research and development of new plant dyeing fabrics in the future, strengthen the research on market demand and design application of plant dyeing products, and enhance multi- disciplinary research. For example, it is suggested to adopt ultrasonic and microwave to improve the dyeing effect and the health care function of plant dyeing products, etc. It is also recommended to conduct in-depth research and practice of textile plant dyeing, promote its research to establish a more complete and broader system. © 2021 China Silk Association. All rights reserved.",2021,2025-12-16 16:11:04,2025-12-16 16:11:04,,53 - 59,,9,58,,,,,,,,,,,,,,,,,Type: Article,,,,,,,,,,,,,,,,,,,,,,,,,,,,,,,,,,,,,,,,,,,,,,,,,,,,1655,0,2026-07-06 14:02:58,
1657,GXI2B36W,journalArticle,2024.0,"Penteado, Ana; Prasad Chakrabarty, Shambhu Prasad; Shaikh, Owais Hassan",Traditional Knowledge and Climate Change: An Environmental Impact on Landscape and Communities,,,,10.1007/978-981-99-8830-3,https://www.scopus.com/inward/record.uri?eid=2-s2.0-85219605974&doi=10.1007%2F978-981-99-8830-3&partnerID=40&md5=6cfae97c0c4f1e5372032dc3dd7e3c2c,"This edited book uses a methodology that includes multidisciplinary collaboration to approach climate issues from several disciplines involved in climate governance. The main aim is to showcase collaborative research designed from the point of view of experiences associated with Indigenous Knowledge from an assumption of the equitable importance of its practices, methods of search, and cultural background that Indigenous Peoples custodians have maintained through time immemorial. In showing their applied ethics and activism to protect their traditional land, this book’s mission is to advocate the concept of climate justice absent from our mainstream academic and legal discourse. Their investigation into some real-life examples and local practices organised by Nature as their main element offers, inter alia, a detailed account of Indigenous Knowledge’s duty of care towards local biodiversity that can potentially be adopted in policy formulation on environmental management and governance. These selected essays represent an international human rights approach, a human understanding of genetic resources that existed for centuries alongside the First Nations and their strategies to mitigate the contemporary climate crisis afflicting all of us. The book revolves around Indigenous Knowledge of First Peoples, tribal and local communities in the Global South. In climate justice, Indigenous Peoples’ advocacy to protect our local biodiversity must be crucial change mitigation. © The Editor(s) (if applicable) and The Author(s), under exclusive license to Springer Nature Singapore Pte Ltd. 2024.",2024,2025-12-16 16:11:04,2025-12-16 16:11:04,,1 - 329,,,,,,,,,,,,,,,,,,,,Type: Book,,,,,,,,,,,,,,,,,,,,,,,,,,,,,,,,,,,,,,,,,,,,,,,,,,,,1657,0,2026-07-06 14:03:08,
1741,XV9UING9,journalArticle,2018.0,"Quintanilla Chala, José","Take care of time, make time, space time; Cuidar el tiempo, hacerse el tiempo, espaciar el tiempo",ARQ,,,,https://www.scopus.com/inward/record.uri?eid=2-s2.0-85069452473&partnerID=40&md5=f9263c55bab038647c15eb34c11f8ef7,,2018,2025-12-16 16:11:05,2025-12-16 16:11:05,,94 - 105,,100,2018,,,,,,,,,,,,,,,,,Type: Note,,,,,,,,,,,,,,,,,,,,,,,,,,,,,,,,,,,,,,,,,,,,,,,,,,,,1741,0,2026-07-06 14:03:21,
1973,HQR5MLW6,journalArticle,2012.0,"Sieca-Kozlowski, Élisabeth",The Post-Soviet Russian State facing war veterans' psychological suffering. Concept and legacy; L'état russe postsoviétique face à la souffrance psychique de guerre conception et héritage,Revue d'Etudes Comparatives Est-Ouest,,,10.3917/receo.434.0005,https://www.scopus.com/inward/record.uri?eid=2-s2.0-84875471847&doi=10.3917%2Freceo.434.0005&partnerID=40&md5=18976a9eccaaa447cc2b2c84e27a2c39,"In 1996, a study conducted by a psychiatrist among Russian military conscripts who took part in the first campaign in Chechnya showed that there had been proportionately more victims of psychiatric disorders in Chechnya than in Afghanistan. Since then, a second campaign has followed which is considered to have sent 1.8 million men into the field. Despite its experience of conflicts in recent decades (Afghanistan, two Chechnya campaigns, Ossetia, Georgia), the system for the care and psychological rehabilitation of veterans remains fragmentary. Although psychiatry has been existed for a long time in the Russian army, it has long been oriented towards the optimisation of the capacity of men rather than the care of their suffering. Psychology has emerged recently and its effectiveness is limited. Within the Ministry of Internal Affairs, which has sent a number of policemen to the battlefield, psychiatry has developed in a very limited way and remains oriented toward the selection and management of the human factor (personnel), while psychology, introduced later, is still at an early stage. Several explanations are considered. First of all the non-recognition of the war and incidentally the impact of combat on men. Then a system of psychological expertise deeply marked by a conception of the individual and his psychological state of mind in which trauma is linked to personal weakness.",2012,2025-12-16 16:11:07,2025-12-16 16:11:07,,5 - 33,,4,43,,,,,,,,,,,,,,,,,Type: Article,,,,,,,,,,,,,,,,,,,,,,,,,,,,,,,,,,,,,,,,,,,,,,,,,,,,1973,0,2026-07-06 14:04:02,
2251,F7IP6SWJ,journalArticle,2016.0,"Vinogradov, Igor’ А.",Paternal care: emperor nicolas i in gogol’s fate; ОТЕЧЕСКОЕ ПОПЕЧЕНИЕ: ИМПЕРАТОР НИКОЛАЙ I В СУДЬБЕ ГОГОЛЯ,Studia Litterarum,,,10.22455/2500-4247-2016-1-1-2-269-277,https://www.scopus.com/inward/record.uri?eid=2-s2.0-85102741160&doi=10.22455%2F2500-4247-2016-1-1-2-269-277&partnerID=40&md5=def7be99b16f2bbef7f00273d6ba56d7,"The essay for the first time highlights the history of a long-term attention and patronage that Еmperor Nicholas I as philanthropist, censor, and reader bestowed on Nikolay Gogol. It shows the increasing interest of the members of the tsar family to Gogol’s works starting with the Evenings on a Farm near Dikanka; following the established rule, Gogol presented his just published works including Mirgorod, The Government Inspector, Dead Souls, collected works in four volumes, and Selected Passages from Correspondence with Friends to the Emperor and his family. The essay enumerates and highlights numerous cases of awards and financial aid given to Gogol by the Emperor and his family members in the 1830–1840s; Gogol’s appeal to the Emperor concerning the censorship of The Government Inspector; his intention to turn to the help of Nicholas I on the occasion of the censorship of Dead Souls and republication of Selected Passages from Correspondence with Friends; a request to the tsar to issue him a passport for his pilgrimage to the Holy Land; Gogol’s plans to get a position of the educator of the heir’s son, Grand Duke Nicholas Alexandrovich, at the end of his life. Particular emphasis is made on the fact that the “fatherly” attitude of the sovereign towards Gogol’s writings was not always incentive; for example, alongside some other contemporaries, the Emperor disapproved of the premiere of Gogol’s “Marriage.” In conclusion, the essay draws parallels between the censorial history of The Government Inspector and posthumous fate of Gogol’s works which Nicholas I, against the censor’s verdict, approved for publication shortly before his death. © 2016 Russian Academy of Sciences-A.M. Gorky Institute of World Literature. All rights reserved.",2016,2025-12-16 16:11:11,2025-12-16 16:11:11,,269 - 277,,1-2,1,,,,,,,,,,,,,,,,,Type: Review,,,,,,,,,,,,,,,,,,,,,,,,,,,,,,,,,,,,,,,,,,,,,,,,,,,,2251,0,2026-07-06 14:04:18,
2252,ZJR96WYS,journalArticle,2020.0,"Vinogradov, Igor’ А.",Treatment and death of Nikolai Gogol: facts and fiction,Two Centuries of the Russian Classics,,,10.22455/2686-7494-2020-2-3-6-41,https://www.scopus.com/inward/record.uri?eid=2-s2.0-85179997366&doi=10.22455%2F2686-7494-2020-2-3-6-41&partnerID=40&md5=76250fb50ae334920b4f103513ad82e5,"Among the controversial issues of Nikolai Gogol’s biography, the problem of his last days occupies the most important place. This final stage of the writer’s life reveals his poorly understood views on the spiritual methods of healing from the disease. It is established that it was precisely these ideas that determined the character of Nikolai Gogol’s attitude to medical care shortly before his death. The article touches on a wide range of problems associated with medical practice in the first half of the 19<sup>th</sup> century. Attention is drawn to the unsuccessfulness of the long treatment of Nikolai Gogol and his friend, poet Nikolay Yazykov, at the main European resorts, with numerous medical luminaries of that time. The apocryphal of some information revealed in the memoirs about Nikolai Gogol of Aleksey Tarasenkov, army staff doctor, who was present at the end of the writer’s life, is revealed. The unreliability of the medical memoirist’s messages is explained by his pragmatic approach in upholding the corporate interests of the medical class, while neglecting Nikolai Gogol’s original appearance. For the first time, the identities of several authoritative physicians who had treated Nikolai Gogol abroad are established. The content of Nikolai Gogol’s last days is inscribed in the context of his long-standing notions of significance of ailments as benediction from providence; personally, the writer considered illnesses to be warning “road signs”, urging patients to search for the right path, and as an artist, in addition, he strained to improve his writing, and that was his creative and prayer feat. © 2020.",2020,2025-12-16 16:11:11,2025-12-16 16:11:11,,6 - 41,,3,2,,,,,,,,,,,,,,,,,Type: Article,,,,,,,,,,,,,,,,,,,,,,,,,,,,,,,,,,,,,,,,,,,,,,,,,,,,2252,0,2026-07-06 14:05:59,
2447,8DEWCCWE,journalArticle,2016.0,"Aarekol, Lena","Arctic trophy hunters, tourism and masculinities, 1827-1914",ACTA BOREALIA,,,10.1080/08003831.2016.1238173,,"Trophy hunting in the Arctic happened in an intersection between tourism, expeditions and hunting. This study contributes to a discrete history of masculinity within the context of trophy hunting organized from North Norway and to a broader understanding of Arctic masculinity. As trophy-hunting expeditions are primarily a male, even masculinist, practice, an analysis from a gender perspective is unavoidable. By taking an empirical approach I investigate performances of masculinity in written accounts of Arctic trophy-hunting expeditions from 1827-1914. The use of masculinity as a pivot demonstrates that a modification of the prevailing perception of Arctic masculinity is necessary. While the general understanding is dominated by an emphasis on physical strength, roughness, ingenuity, and self-realization, qualities connected to traditional knowledge of trappers, sailors and explorers, my analysis shows that trophy hunting introduced aristocratic ideals such as gentlemen's sport, self-discipline, hunting morals, care for nature and knowledge to their home communities. Trophy hunting made possible performances of different forms of masculinity, not only the conquest and mastery of nature, but also the interest in and care for nature. Women accompanied as family members and hunters, and took part in the hunt more than has been commonly noted.",2016,2025-12-16 16:11:44,2025-12-16 16:11:44,,123-139,,2,33,,,,,,,,,,,,,,,,,Type: Article,,,,gender; masculinity; Arctic; expeditions; nature; polar; tourism; travel journals; trophy hunting,,,,,,,,,,,,,,,,,,,,,,,,,,,,,,,,,,,,,,,,,,,,,,,,2447,0,2026-07-06 14:06:12,
2456,BVDCY7XZ,journalArticle,2017.0,"Ameen, Carly; Hulme-Beaman, Ardern; Evin, Allowen; Germonpre, Mietje; Britton, Kate; Cucchi, Thomas; Larson, Greger; Dobney, Keith",A landmark-based approach for assessing the reliability of mandibular tooth crowding as a marker of dog domestication,JOURNAL OF ARCHAEOLOGICAL SCIENCE,,,10.1016/j.jas.2017.06.014,,"Tooth crowding is one of several criteria used to infer the process of domestication in the zooarchaeo-logical record. It has been primarily used to support claims of early animal domestication, perhaps most contentiously in claims for the existence of so-called “proto-domestic” dogs as early as the Middle-Upper Palaeolithic. Tooth crowding studies vary in their methodological approaches, and interpretation of the resulting data is constrained by the limited geographic and temporal scope of reference specimens used to construct an appropriate comparative framework. To address these key problems, we present a standardised landmark-based protocol for the measurement and quantification of mandibular tooth crowding that can be systematically applied in the context of dog domestication research. We then test the assumption that tooth crowding is less frequent in ancient and modern wild wolf populations by examining 750 modern dogs and 205 modern wolves from across the modern geographic range of Canis lupus as well as 66 Late Pleistocene wolves from Alaska. Our results demonstrate that landmark-based metrics provide a reliable approach for recording and analysing tooth crowding. Although it is likely that the relatively low frequency of tooth crowding found in our modern dog dataset (similar to 6%) in part reflects the `modern' morphology of domestic breeds, the higher frequency of crowding in both modern (similar to 18%) and ancient (similar to 36%) wolves strongly suggests that current assumptions linking tooth crowding with the process of early domestication (at least in dogs) should be critically re-evaluated, and that further investigations into the drivers behind these developmental patterns should be pursued. (C) 2017 The Authors. Published by Elsevier Ltd.",2017-09,2025-12-16 16:11:44,2025-12-16 16:11:44,,41-50,,,85,,,,,,,,,,,,,,,,,Type: Article,,,,Dog; Domestication; Wolf; Canid; Tooth crowding; Toothrow,,,,,,,,,,,,,,,,,,,,,,,,,,,,,,,,,,,,,,,,,,,,,,,,2456,0,2026-07-06 14:06:27,
2470,S6JCECXP,journalArticle,2016.0,"Avis, Jillian L. S.; Komarnicki, Angela; Farmer, Anna P.; Holt, Nicholas L.; Perez, Arnaldo; Spence, Nicholas; Ball, Geoff D. C.",Tools and resources for preventing childhood obesity in primary care: A method of evaluation and preliminary assessment,PATIENT EDUCATION AND COUNSELING,,,10.1016/j.pec.2015.12.006,,"Objectives: To pilot-test a mixed methods approach to evaluate tools and resources (TRs) that healthcare providers (HCPs) use for preventing childhood obesity in primary care, and report a preliminary descriptive assessment of commonly-used TRs. Methods: This mixed methods study included individual, semi-structured interviews with purposefully-sampled HCPs in Alberta, Canada; interviews were digitally recorded and analyzed thematically (phase I). Two independent reviewers used three assessment checklists to evaluate commonly-used TRs (phase II). HCPs provided feedback on our coding scheme and checklist data (phase III). Results: Three themes described how HCPs (n = 19) used TRs: purpose of use (e.g., clinical support), logistical factors (e.g., accessibility), and decision to use (e.g., suitability). The latter theme overlapped with constructs of suitability on the checklists. Overall, participants used 15 TRs, most of which scored `average' on the checklists. Conclusion: Phases I and II provided unique insights on the evaluation of TRs used for preventing childhood obesity. Criteria on the checklists overlapped with HCPs' perceptions of TR suitability, but did not reflect logistical factors that influenced their use of TRs. Practice implications: Developers of TRs should collaborate with HCPs to ensure that subjective and objective criteria are used to optimize TR suitability in the primary care setting. (C) 2015 Elsevier Ireland Ltd. All rights reserved.",2016-05,2025-12-16 16:11:44,2025-12-16 16:11:44,,769-775,,5,99,,,,,,,,,,,,,,,,,Type: Article,,,,Children; Healthcare providers; Lifestyle; Pediatric obesity; Prevention; Primary care; Resources; Tools,,,,,,,,,,,,,,,,,,,,,,,,,,,,,,,,,,,,,,,,,,,,,,,,2470,0,2026-07-06 14:06:46,
2475,7TWT92WP,journalArticle,2021.0,"Baratta, Norma Camilla; Magli, Giulio",The Role of Astronomy and Feng Shui in the Planning of Ming Beijing,NEXUS NETWORK JOURNAL,,,10.1007/s00004-021-00555-y,,"Present day Beijing developed on the urban layout of the Ming capital, founded in 1420 over the former city of Dadu, the Yuan dynasty capital. The planning of Ming Beijing aimed at conveying a key political message, namely that the ruling dynasty was in charge of the Mandate of Heaven, so that Beijing was the true cosmic centre of the world. We explore here, using satellite imagery and palaeomagnetic data analysys, symbolic aspects of the planning of the city related to astronomical alignments and to the feng shui doctrine, both in its “form” and “compass” schools. In particular, we show that orientations of the axes of the “cosmic” temples and of the Forbidden City were most likely magnetic, while astronomy was used in topographical connections between the temples and in the plan of the Forbidden City in itself.",2021-09,2025-12-16 16:11:44,2025-12-16 16:11:44,,767-787,,3,23,,,,,,,,,,,,,,,,,Type: Article,,,,Ancient Chinese urban planning; Archaeoastronomy of Ming Beijing; Compass feng shui; Forbidden City; Form feng shui; Temple design,,,,,,,,,,,,,,,,,,,,,,,,,,,,,,,,,,,,,,,,,,,,,,,,2475,0,2026-07-06 14:10:43,
2479,XLUXRVIF,journalArticle,2022.0,"Beckman, Emily; Nelson, Elizabeth; Labode, Modupe",Voices from the Newspaper Club: Patient Life at a State Psychiatric Hospital (1988-1992),JOURNAL OF MEDICAL HUMANITIES,,,10.1007/s10912-020-09617-7,,"The authors conducted a qualitative analysis of thirty-seven issues of The DDU Review, a newsletter produced by residents of the Dual Diagnosis Unit, a residential unit for people who had diagnoses of developmental disability and serious mental illness in the Central State Hospital (Indiana, USA). The analysis of the newsletters produced between September 1988 and June 1992 revealed three major themes: 1) the mundane; 2) good behavior; and 3) advocacy. Contrary to the authors' expectations, the discourse of medicalization-such as relations with physicians, diagnoses, and medications-receive little attention. Instead, the patient-journalists focus on prosaic aspects of institutional life. The patients used their writing as a form self-definition and advocacy. The authors argue that even though it is tempting to consider the patients' emphasis on good behavior as evidence of institutional control, internalized discipline, and medicalization, a more nuanced interpretation, which focuses on how the patients' understood their own experiences, is warranted. Researchers must also recognize the ways in which The DDU Review reveals the patient-journalists' experience of an institutional life that includes non-medical staff (attendants, secretaries, and therapists), varied social relationships among patients, and negotiated freedoms.",2022-03,2025-12-16 16:11:44,2025-12-16 16:11:44,,179-195,,1,43,,,,,,,,,,,,,,,,,Type: Article,,,,History; Disability; Intellectual disability; Mental illness; Patient narratives; Psychiatric hospitals,,,,,,,,,,,,,,,,,,,,,,,,,,,,,,,,,,,,,,,,,,,,,,,,2479,0,2026-07-06 14:10:56,
2592,6MFF6MWL,journalArticle,2016.0,"Fletcher, Adam; Jamal, Farah; Moore, Graham; Evans, Rhiannon E.; Murphy, Simon; Bonell, Chris",Realist complex intervention science: Applying realist principles across all phases of the Medical Research Council framework for developing and evaluating complex interventions,EVALUATION,,,10.1177/1356389016652743,,"The integration of realist evaluation principles within randomised controlled trials (realist RCTs') enables evaluations of complex interventions to answer questions about what works, for whom and under what circumstances. This allows evaluators to better develop and refine mid-level programme theories. However, this is only one phase in the process of developing and evaluating complex interventions. We describe and exemplify how social scientists can integrate realist principles across all phases of the Medical Research Council framework. Intervention development, modelling, and feasibility and pilot studies need to theorise the contextual conditions necessary for intervention mechanisms to be activated. Where interventions are scaled up and translated into routine practice, realist principles also have much to offer in facilitating knowledge about longer-term sustainability, benefits and harms. Integrating a realist approach across all phases of complex intervention science is vital for considering the feasibility and likely effects of interventions for different localities and population subgroups.",2016-07,2025-12-16 16:11:46,2025-12-16 16:11:46,,286-303,,"3, SI",22,,,,,,,,,,,,,,,,,Type: Article,,,,public health; Complex interventions; complex systems; evaluation; pilot trials; randomised controlled trials; realism,,,,,,,,,,,,,,,,,,,,,,,,,,,,,,,,,,,,,,,,,,,,,,,,2592,0,2026-07-06 14:12:16,
2633,EEEMAFU8,journalArticle,2017.0,"Grinev, Andrei V.; Bland, Richard L.",Cultural Borrowings of Russians from the Natives of Alaska in the 18th and 19th Centuries,INTERNATIONAL JOURNAL OF CULTURAL STUDIES,,,10.1177/1367877916629732,,"This article is dedicated to an analysis of Russian cultural borrowings from the Natives of Alaska and Aleutian Islands during the second half of the 18th century until 1867, when these territories were sold to the USA. As this research shows, the Russians, in the process of their colonization of the New World, borrowed objects of a predominantly utilitarian character in the sphere of material culture. Most of these borrowings took place in the 18th century, when the Russians had weak connections with the metropolis and there was a scarcity of European goods. The spiritual culture of the Natives, with the exception of some linguistic borrowings, chiefly of a toponymic character, remained outside the cultural circle of the immigrants from Russia.",2017-07,2025-12-16 16:11:46,2025-12-16 16:11:46,,395-401,,4,20,,,,,,,,,,,,,,,,,Type: Article,,,,cultural contacts; cultural exchange; Natives of Alaska; Russian colonization of America; Russian-American Company,,,,,,,,,,,,,,,,,,,,,,,,,,,,,,,,,,,,,,,,,,,,,,,,2633,0,2026-07-06 14:13:04,
2864,9JNYM3BG,journalArticle,2017.0,"Newman, S. L.; Gowland, R. L.","Dedicated Followers of Fashion? Bioarchaeological Perspectives on Socio-Economic Status, Inequality, and Health in Urban Children from the Industrial Revolution (18th-19th C), England",INTERNATIONAL JOURNAL OF OSTEOARCHAEOLOGY,,,10.1002/oa.2531,,"The 18th and 19th centuries in England were characterised by a period of increasing industrialisation of its urban centres. It was also one of widening social and health inequalities between the rich and the poor. Childhood is well-documented as being a stage in the life course during which the body is particularly sensitive to adverse socio-economic environments. This study therefore aims to examine the relationship between health and wealth through a comprehensive skeletal analysis of a sample of 403 children (0-17years), of varying socio-economic status, from four cemetery sites in London (c.1712-1854). Measurements of long bone diaphyseal length, cortical thickness, vertebral neural canal size, and the prevalence of a range of pathological indicators of health stress were recorded from the Chelsea Old Church (high status), St Benet Sherehog (middle status), Bow Baptist (middle status), and Cross Bones (low status) skeletal collections. Children from the low status Cross Bones site demonstrated deficient growth values, as expected. However, those from the high status site of Chelsea Old Church also demonstrated poor growth values during infancy. Fashionable child-care practices (e.g. the use of artificial infant feeds and keeping children indoors) may have contributed to poor infant health amongst high status groups. However, differing health risks in the lower status group revealed the existence of substantial health inequality in London at this time. (c) 2016 The Authors International Journal of Osteoarchaeology Published by John Wiley & Sons Ltd.",2017-04,2025-12-16 16:11:49,2025-12-16 16:11:49,,217-229,,2,27,,,,,,,,,,,,,,,,,Type: Article,,,,palaeopathology; growth; London; post-medieval; vitamin D deficiency; weaning,,,,,,,,,,,,,,,,,,,,,,,,,,,,,,,,,,,,,,,,,,,,,,,,2864,0,2026-07-06 14:13:16,
995,GRBKFAJE,journalArticle,2022.0,"Jankauskas, Jennifer",Strategies for Acquiring Contemporary Art: Creativity and Collaboration,,,,10.4324/9781003216384-4,https://www.scopus.com/inward/record.uri?eid=2-s2.0-85142573622&doi=10.4324%2F9781003216384-4&partnerID=40&md5=2681aaf998c9e9f5f2b92d61ae062a79,"Art museums in America are now subject to severe complaints that their collections reflect a largely white, male, even privileged societal perspective. The problem is entrenched. Widespread efforts are underway to correct what is seen as egregious cultural myopia. Seeking more inclusive collections representing a broad range of diverse racial, gender, and demographic visual perspectives and origins is underway in art institutions around the nation. This chapter illustrates how progress can be made regardless of a museum’s size, location, or economic resources. The vast majority of art and history museum collections are donated. Reasons for this vary greatly but are largely financial. Sometimes museums have funds allocated to purchase acquisitions. In addition, staff may be good at cultivating funders. Generally though, there are limited (or zero) cash reserves to acquire items. When museums can purchase collections, the action is done with care and deliberation. This chapter describes how a mid-sized museum collaboratively developed two innovative acquisition models to successfully deal with an expensive commercial market. I;highlight how a sister institution in the South, the Birmingham Museum of Art, Birmingham, Alabama, seeks to collect art by underrepresented artists of merit, the vast majority of whom are nonwhite, female, and absent from existing academic canons. This chapter details the different ways the museum navigates with commercial markets to acquire such art, including internal budget reallocations for collection purchases, external funding appeals, and an intermuseum collaboration. © 2022 selection and editorial matter, Steven Miller; individual chapters, the contributors.",2022,2025-12-16 16:10:55,2025-12-16 16:10:55,,43 - 56,,,,,,,,,,,,,,,,,,,,Type: Book chapter,,,,,,,,,,,,,,,,,,,,,,,,,,,,,,,,,,,,,,,,,,,,,,,,,,,,995,0,2026-07-06 14:49:38,
2248,U4I9JPVN,journalArticle,2024.0,"Vicars, Natasha; Hodgson, Mary; Mathurin-Essandoh, Olivia",Critical Reflection on ‘Telling Stories: Experiences of Bereavement during the COVID-19 Pandemic’,,,,10.4324/9781003393733-26,https://www.scopus.com/inward/record.uri?eid=2-s2.0-85212025252&doi=10.4324%2F9781003393733-26&partnerID=40&md5=bdf927d7dd962e1504fbc5ecc2d58c45,"This chapter discusses ‘Telling Stories’, a contemporary collecting project that worked with a participant group of bereaved Londoners to co-produce and document their experience of bereavement from the first year of the COVID-19 pandemic. The project was developed in the framework of the ‘Curating London’ programme at the Museum of London in partnership with St. Christopher’s Hospice (StCH) in south London, as part of the museum’s Collecting COVID initiative. Artist and illustrator Olivia Twist was commissioned by the museum to co-produce an artwork that could be accessioned into the Museum of London’s permanent collection. Using participatory storytelling techniques, led by Hodgson at StCH, the team distilled individual experiences into a set of narratives, which Twist then represented through a series of illustrations. The chapter reflects on points of ethics in the ‘Telling Stories’ project. The first section addresses the purpose of the project, discussing the ethical considerations of collecting as part of a rapid response programme and then reflecting on consent, care and the nature of the object collected. The second section explores the consequences and considerations in the decision to co-create with a group of participants and the challenges of addressing the complexities of difference and communality in the final artwork. © 2025 selection and editorial matter, Jen Kavanagh, Ellie Miles, Rosamund Lily West with Susanna Cordner; individual chapters, the contributors.",2024,2025-12-16 16:11:11,2025-12-16 16:11:11,,193 - 202,,,,,,,,,,,,,,,,,,,,Type: Book chapter,,,,,,,,,,,,,,,,,,,,,,,,,,,,,,,,,,,,,,,,,,,,,,,,,,,,2248,0,2026-07-06 14:55:49,
2136,M65S4THC,journalArticle,2024.0,"Thum, Jen; Brown, Rebecca Miller; Aktas, Buse; Clerkin, Caitlin Chien; Griffith, Matthew D.Ambrosio; Eisen, Sarah; Gann, Amanda; Kerr, Emily; Köksalan, İpek Karaoğlu","Interdisciplinarity as a Means of Promoting Equity, Belonging, and Accessibility: What We Learned from a Workshop with Graduate Students at the Harvard Art Museums",,,,10.4324/9781003348221-14,https://www.scopus.com/inward/record.uri?eid=2-s2.0-85192123950&doi=10.4324%2F9781003348221-14&partnerID=40&md5=436b6d88e3fc67cf653acf2746e7cc2c,"University art museums are no longer the domain of art history and archaeology alone: the objects in their care support learning and skill-building in disciplines across the humanities and sciences. This essay offers five key takeaways from an experimental workshop where graduate students from departments across Harvard—but outside of Egyptology—brainstormed, modeled, and reflected on strategies for interdisciplinary teaching with Egyptian objects at the Harvard Art Museums. The workshop had four goals: leverage outside voices to generate new ideas for making Egyptian objects more legible for students and the public; experiment with foregrounding discipline-specific questions and interests of students outside of Egyptology; support participants' teaching practice by asking them to work with objects outside their expertise; and explore how the Harvard Art Museums might center Egyptian objects in broader conversations about equity, belonging, and museum literacy. The takeaways from this workshop present a model for other museums wishing to understand how visitors with different disciplinary backgrounds perceive and engage with Egyptian objects, and what they can teach us in return. They also demonstrate how interdisciplinarity can be a means of promoting equity, belonging, and accessibility in museum settings. © 2024 selection and editorial matter. All rights reserved.",2024,2025-12-16 16:11:10,2025-12-16 16:11:10,,135 - 147,,,,,,,,,,,,,,,,,,,,Type: Book chapter,,,,,,,,,,,,,,,,,,,,,,,,,,,,,,,,,,,,,,,,,,,,,,,,,,,,2136,0,2026-07-06 14:57:13,
1953,5PYF3S42,journalArticle,2023.0,"Sharma, Anu; Singh, Sandeep; Singh, Davinder",Health Care Behaviour in Western Himalayas: A Case Study of Udhampur Forest Villagers in Jammu and Kashmir,,,,10.4324/9781003329459-15,https://www.scopus.com/inward/record.uri?eid=2-s2.0-85174119021&doi=10.4324%2F9781003329459-15&partnerID=40&md5=1233e2deeba16a0379ef76eec16b046f,"India has been identified as one of the top 12 mega bio-diversity centre of the world due to wide variations in climate, soil, altitude and latitude. The western Himalayas of Jammu & Kashmir state has a rich heritage of diverse medicinal plants, and these plants give access and reasonable medicines to poor people. This chapter attempts to understand the utilization pattern of these plants with identified selected background characteristics and their health care behaviour in Udhampur. © 2024 selection and editorial matter, Rais Akhtar individual chapters, the contributors. © 2024 selection and editorial matter, Rais Akhtar individual chapters, the contributors.",2023,2025-12-16 16:11:07,2025-12-16 16:11:07,,139 - 146,,,,,,,,,,,,,,,,,,,,Type: Book chapter,,,,,,,,,,,,,,,,,,,,,,,,,,,,,,,,,,,,,,,,,,,,,,,,,,,,1953,0,2026-07-06 15:36:12,
2144,3LHEFVKL,journalArticle,2024.0,"Tobón, Catalina Valencia; Baracaldo, Pedro Eliseo Sánchez",HERITAGE AS A WAY TO INTERPRET AND INHABIT THE TERRITORY,,,,10.4324/9781003400592-39,https://www.scopus.com/inward/record.uri?eid=2-s2.0-85213775929&doi=10.4324%2F9781003400592-39&partnerID=40&md5=1c2a0d357689e164346c0e406ca281bb,"This chapter promotes an expanded vision of the heritage concept as a contribution to the habitability, climate and global mental health crisis associated with human congestion - hyperdense cities. It is about advancing the idea that places and events recognized and valued as the heritage of a community, historically situated, are the manifestation of unique habitats and therefore their preservation are determinants and structuring of territorial planning. The view of heritage from a plural, integrated lens and as part of its management will guarantee the durability and reliability of territories in which human communities and others that inhabit the same environments minimize the fear of being displaced and in that sense become guarantee of durability and care of all forms of life. © 2025 selection and editorial matter, Rana Amirtahmasebi and Jason Schupbach; individual chapters, the contributors.",2024,2025-12-16 16:11:10,2025-12-16 16:11:10,,442 - 447,,,,,,,,,,,,,,,,,,,,Type: Book chapter,,,,,,,,,,,,,,,,,,,,,,,,,,,,,,,,,,,,,,,,,,,,,,,,,,,,2144,0,2026-07-06 15:51:06,
1132,2YUPK2K7,journalArticle,2023.0,"Kreplak, Yaël",Artworks as Instructed Objects: An Ethnomethodological Approach to Artists’ Instructions,,,,10.4324/9781003279235-11,https://www.scopus.com/inward/record.uri?eid=2-s2.0-85176374085&doi=10.4324%2F9781003279235-11&partnerID=40&md5=c03548bea63fc7f77656decff772378a,"In this chapter, I examine the practical work performed by contemporary art world members while installing artworks for an exhibition. Given the nature of some contemporary works of art, that work mostly draws on instructions: collecting them, formulating them, and following them, so as to present the artwork in the most satisfactory way, has become a major concern for art professionals. But what kind of instructions are formulated in the course of an installation process? Which aspects of the work are instructed? And which aspects of the artwork become a matter of concern? This study draws on materials collected during fieldwork in museums: observations and video recordings of people installing artworks, as well as documents. In particular, what matters in the museum context is to achieve the congruency of a set of instructions and an instructed object not only once, but also repeatedly, at every new artwork’s presentation, and by different people through time - since artworks last longer than the people taking care of them at a given moment. However, the study demonstrates that what an artwork should look like, and how to achieve it, is always open to revision and change: it is a local achievement. © 2024 selection and editorial matter, Michael Lynch and Oskar Lindwall; individual chapters, the contributors.",2023,2025-12-16 16:10:58,2025-12-16 16:10:58,,135 - 152,,,,,,,,,,,,,,,,,,,,Type: Book chapter,,,,,,,,,,,,,,,,,,,,,,,,,,,,,,,,,,,,,,,,,,,,,,,,,,,,1132,0,2026-07-06 15:51:14,
434,ZIJH85AY,journalArticle,2025.0,"Connor, Alysha",In real life: Gaming community engagement in museums,Curator,,,10.1111/cura.12622,https://www.scopus.com/inward/record.uri?eid=2-s2.0-85191355233&doi=10.1111%2Fcura.12622&partnerID=40&md5=145dbd5b878d93ff40f9af1e18c70550,"This article looks at the ways museums can collaborate with the gaming community to better preserve, curate, digitize, and understand video games. Museums have become increasingly drawn to the collection and study of video games. Ideally, the acquisition and preservation of video games would need to be overseen by museum professionals specializing in digital collections, however, the museum sector lacks such specialists and resourcing. Often curators and museum staff do not have the necessary cultural and technological skills to properly care for gaming material culture. To remedy this problem, this paper suggests a more collaborative approach whereby gaming communities could be included in the collection, preservation, and display of gaming history and culture in museums. Using examples from the United States and Australia, this article examines the many ways the gaming community can help museums understand, acquire, display, and preserve video games. © 2024 The Authors. Curator: The Museum Journal published by Wiley Periodicals LLC.",2025,2025-12-16 16:10:46,2025-12-16 16:10:46,,9 - 22,,1,68,,,,,,,,,,,,,,,,,Type: Article,,,,,,,,,,,,,,,,,,,,,,,,,,,,,,,,,,,,,,,,,,,,,,,,,,,,434,0,2026-07-06 15:52:30,
1713,Z9743DEL,journalArticle,2025.0,"Prizeman, Oriel Elizabeth Clare",Embodied Carbon for Sustainable Building Conservation,,,,10.4324/9781003527404,https://www.scopus.com/inward/record.uri?eid=2-s2.0-105011469139&doi=10.4324%2F9781003527404&partnerID=40&md5=e84e1862080d1752dcc6e2b5d8e58a36,"This timely volume provides the latest research, guidance, examples, and methods for understanding, calculating, leveraging, and reducing embodied carbon in building conservation. In the context of climate change and increasing energy costs, imperatives to replace or substantially modify older and historic buildings are rapidly accelerating. The idea that a new or replacement building will perform better overlooks the embodied carbon of that which it replaces. In effect, the pressures of one conservation agenda, that of energy efficiency, threaten to eclipse another, that of heritage. The embodied carbon of existing buildings must be addressed if calculations of operational energy use are to be properly balanced. In this book, an international and multi-disciplinary group of authors offer perspectives on the influence and implementation of strategies to account for embodied carbon for the conservation of the historic environment. Examples are deliberately diverse and extend beyond buildings to the valorisation of a heritage grassland landscape specifically because of its capacity to store carbon, to the fundamental attributes of historic concrete and our responsibility to consider replacement with critical care. This book inspires confidence in developing arguments by spreading examples globally and delivering plausible, actual narratives alongside clear up-to-date guidance. It brings together international standard-setters with practitioners, academics and advocates, all clearly explained. It also illustrates how embodied carbon played a pivotal role in seeking to determine the case of saving Marks and Spencer, Oxford Street, London, from replacement. Thiswill be an essential resource for all building conservation and heritage practitioners including building surveyors, architects, conservators, engineers, conservation officers, building archaeologists and consultants. © 2025 selection and editorial matter, Oriel Prizeman; individual chapters, the contributors.",2025,2025-12-16 16:11:05,2025-12-16 16:11:05,,1 - 219,,,,,,,,,,,,,,,,,,,,Type: Book,,,,Climate change; Carbon; Historic preservation; Green buildings; Building conservation; Embodied carbons; Energy; Energy efficiency; Energy use; Energy utilization; Engineers; Historic buildings; In-buildings; Increasing energy costs; Intelligent buildings; Old buildings; Operational energy; Sustainable building,,,,,,,,,,,,,,,,,,,,,,,,,,,,,,,,,,,,,,,,,,,,,,,,1713,0,2026-07-06 15:53:03,
